ISO-10303-21;
HEADER;
/* Generated by software containing ST-Developer
 * from STEP Tools, Inc. (www.steptools.com) 
 */

FILE_DESCRIPTION(
/* description */ (
'Spur Gear; Module: 1.15; Num Teeth: 12; Pressure Angle: 20.0; Backlas
h: 0.15 mm'),
/* implementation_level */ '2;1');

FILE_NAME(
/* name */ 'Spur Gear 12 teeth.step',
/* time_stamp */ '2026-05-03T13:46:16-03:00',
/* author */ (''),
/* organization */ (''),
/* preprocessor_version */ 'ST-DEVELOPER v20.1',
/* originating_system */ 'Autodesk Translation Framework v15.8.0.0',
/* authorisation */ '');

FILE_SCHEMA (('AUTOMOTIVE_DESIGN { 1 0 10303 214 3 1 1 }'));
ENDSEC;

DATA;
#10=MECHANICAL_DESIGN_GEOMETRIC_PRESENTATION_REPRESENTATION('',(#13),#10284);
#11=SHAPE_REPRESENTATION_RELATIONSHIP('SRR','None',#10291,#12);
#12=ADVANCED_BREP_SHAPE_REPRESENTATION('',(#14),#10283);
#13=STYLED_ITEM('',(#10300),#14);
#14=MANIFOLD_SOLID_BREP('Corpo1',#2093);
#15=(
BOUNDED_SURFACE()
B_SPLINE_SURFACE(5,1,((#6513,#6514),(#6515,#6516),(#6517,#6518),(#6519,
#6520),(#6521,#6522),(#6523,#6524),(#6525,#6526),(#6527,#6528),(#6529,#6530),
(#6531,#6532),(#6533,#6534),(#6535,#6536),(#6537,#6538),(#6539,#6540),(#6541,
#6542),(#6543,#6544),(#6545,#6546),(#6547,#6548),(#6549,#6550),(#6551,#6552),
(#6553,#6554),(#6555,#6556),(#6557,#6558),(#6559,#6560),(#6561,#6562),(#6563,
#6564),(#6565,#6566),(#6567,#6568),(#6569,#6570),(#6571,#6572),(#6573,#6574),
(#6575,#6576),(#6577,#6578),(#6579,#6580),(#6581,#6582),(#6583,#6584),(#6585,
#6586),(#6587,#6588),(#6589,#6590),(#6591,#6592),(#6593,#6594),(#6595,#6596),
(#6597,#6598),(#6599,#6600),(#6601,#6602),(#6603,#6604),(#6605,#6606),(#6607,
#6608),(#6609,#6610),(#6611,#6612),(#6613,#6614),(#6615,#6616),(#6617,#6618),
(#6619,#6620),(#6621,#6622),(#6623,#6624),(#6625,#6626),(#6627,#6628),(#6629,
#6630),(#6631,#6632),(#6633,#6634),(#6635,#6636),(#6637,#6638),(#6639,#6640),
(#6641,#6642),(#6643,#6644),(#6645,#6646),(#6647,#6648),(#6649,#6650),(#6651,
#6652),(#6653,#6654),(#6655,#6656),(#6657,#6658),(#6659,#6660),(#6661,#6662)),
 .UNSPECIFIED.,.F.,.F.,.F.)
B_SPLINE_SURFACE_WITH_KNOTS((6,1,1,1,1,1,1,1,1,1,1,1,1,1,1,1,1,1,1,1,1,
1,1,1,1,1,1,1,1,1,1,1,1,1,1,1,1,1,1,1,1,1,1,1,1,1,1,1,1,1,1,1,1,1,1,1,1,
1,1,1,1,1,1,1,1,1,1,1,1,1,6),(2,2),(-1.,-0.985714285714284,-0.97142857142857,
-0.957142857142856,-0.942857142857141,-0.928571428571427,-0.914285714285713,
-0.899999999999999,-0.885714285714284,-0.87142857142857,-0.857142857142856,
-0.842857142857142,-0.828571428571428,-0.814285714285713,-0.799999999999999,
-0.785714285714285,-0.771428571428571,-0.757142857142856,-0.742857142857142,
-0.728571428571428,-0.714285714285714,-0.699999999999999,-0.685714285714285,
-0.671428571428571,-0.657142857142857,-0.642857142857142,-0.628571428571428,
-0.614285714285714,-0.6,-0.585714285714286,-0.571428571428571,-0.557142857142857,
-0.542857142857143,-0.528571428571429,-0.514285714285714,-0.5,-0.485714285714286,
-0.471428571428572,-0.457142857142857,-0.442857142857143,-0.428571428571429,
-0.414285714285714,-0.4,-0.385714285714286,-0.371428571428571,-0.357142857142857,
-0.342857142857143,-0.328571428571429,-0.314285714285714,-0.3,-0.285714285714286,
-0.271428571428571,-0.257142857142857,-0.242857142857143,-0.228571428571429,
-0.214285714285714,-0.2,-0.185714285714286,-0.171428571428571,-0.157142857142857,
-0.142857142857143,-0.128571428571429,-0.114285714285714,-0.1,-0.0857142857142857,
-0.0714285714285714,-0.0571428571428571,-0.0428571428571429,-0.0285714285714286,
-0.0142857142857143,0.),(-0.05,0.55),.UNSPECIFIED.)
GEOMETRIC_REPRESENTATION_ITEM()
RATIONAL_B_SPLINE_SURFACE(((1.,1.),(1.,1.),(1.,1.),(1.,1.),(1.,1.),(1.,
1.),(1.,1.),(1.,1.),(1.,1.),(1.,1.),(1.,1.),(1.,1.),(1.,1.),(1.,1.),(1.,
1.),(1.,1.),(1.,1.),(1.,1.),(1.,1.),(1.,1.),(1.,1.),(1.,1.),(1.,1.),(1.,
1.),(1.,1.),(1.,1.),(1.,1.),(1.,1.),(1.,1.),(1.,1.),(1.,1.),(1.,1.),(1.,
1.),(1.,1.),(1.,1.),(1.,1.),(1.,1.),(1.,1.),(1.,1.),(1.,1.),(1.,1.),(1.,
1.),(1.,1.),(1.,1.),(1.,1.),(1.,1.),(1.,1.),(1.,1.),(1.,1.),(1.,1.),(1.,
1.),(1.,1.),(1.,1.),(1.,1.),(1.,1.),(1.,1.),(1.,1.),(1.,1.),(1.,1.),(1.,
1.),(1.,1.),(1.,1.),(1.,1.),(1.,1.),(1.,1.),(1.,1.),(1.,1.),(1.,1.),(1.,
1.),(1.,1.),(1.,1.),(1.,1.),(1.,1.),(1.,1.),(1.,1.)))
REPRESENTATION_ITEM('')
SURFACE()
);
#16=(
BOUNDED_SURFACE()
B_SPLINE_SURFACE(5,1,((#6664,#6665),(#6666,#6667),(#6668,#6669),(#6670,
#6671),(#6672,#6673),(#6674,#6675),(#6676,#6677),(#6678,#6679),(#6680,#6681),
(#6682,#6683),(#6684,#6685),(#6686,#6687),(#6688,#6689),(#6690,#6691),(#6692,
#6693),(#6694,#6695),(#6696,#6697),(#6698,#6699),(#6700,#6701),(#6702,#6703),
(#6704,#6705),(#6706,#6707),(#6708,#6709),(#6710,#6711),(#6712,#6713),(#6714,
#6715),(#6716,#6717),(#6718,#6719),(#6720,#6721),(#6722,#6723),(#6724,#6725),
(#6726,#6727),(#6728,#6729),(#6730,#6731),(#6732,#6733),(#6734,#6735),(#6736,
#6737),(#6738,#6739),(#6740,#6741),(#6742,#6743),(#6744,#6745),(#6746,#6747),
(#6748,#6749),(#6750,#6751),(#6752,#6753),(#6754,#6755),(#6756,#6757),(#6758,
#6759),(#6760,#6761),(#6762,#6763),(#6764,#6765),(#6766,#6767),(#6768,#6769),
(#6770,#6771),(#6772,#6773),(#6774,#6775),(#6776,#6777),(#6778,#6779),(#6780,
#6781),(#6782,#6783),(#6784,#6785),(#6786,#6787),(#6788,#6789),(#6790,#6791),
(#6792,#6793),(#6794,#6795),(#6796,#6797),(#6798,#6799),(#6800,#6801),(#6802,
#6803),(#6804,#6805),(#6806,#6807),(#6808,#6809),(#6810,#6811),(#6812,#6813)),
 .UNSPECIFIED.,.F.,.F.,.F.)
B_SPLINE_SURFACE_WITH_KNOTS((6,1,1,1,1,1,1,1,1,1,1,1,1,1,1,1,1,1,1,1,1,
1,1,1,1,1,1,1,1,1,1,1,1,1,1,1,1,1,1,1,1,1,1,1,1,1,1,1,1,1,1,1,1,1,1,1,1,
1,1,1,1,1,1,1,1,1,1,1,1,1,6),(2,2),(0.,0.0142857142857143,0.0285714285714286,
0.0428571428571429,0.0571428571428571,0.0714285714285714,0.0857142857142857,
0.1,0.114285714285714,0.128571428571429,0.142857142857143,0.157142857142857,
0.171428571428571,0.185714285714286,0.2,0.214285714285714,0.228571428571429,
0.242857142857143,0.257142857142857,0.271428571428571,0.285714285714286,
0.3,0.314285714285714,0.328571428571429,0.342857142857143,0.357142857142857,
0.371428571428571,0.385714285714286,0.4,0.414285714285714,0.428571428571429,
0.442857142857143,0.457142857142857,0.471428571428572,0.485714285714286,
0.5,0.514285714285714,0.528571428571429,0.542857142857143,0.557142857142857,
0.571428571428571,0.585714285714286,0.6,0.614285714285714,0.628571428571428,
0.642857142857142,0.657142857142857,0.671428571428571,0.685714285714285,
0.699999999999999,0.714285714285714,0.728571428571428,0.742857142857142,
0.757142857142856,0.771428571428571,0.785714285714285,0.799999999999999,
0.814285714285713,0.828571428571428,0.842857142857142,0.857142857142856,
0.87142857142857,0.885714285714284,0.899999999999999,0.914285714285713,
0.928571428571427,0.942857142857141,0.957142857142856,0.97142857142857,
0.985714285714284,1.),(-0.05,0.55),.UNSPECIFIED.)
GEOMETRIC_REPRESENTATION_ITEM()
RATIONAL_B_SPLINE_SURFACE(((1.,1.),(1.,1.),(1.,1.),(1.,1.),(1.,1.),(1.,
1.),(1.,1.),(1.,1.),(1.,1.),(1.,1.),(1.,1.),(1.,1.),(1.,1.),(1.,1.),(1.,
1.),(1.,1.),(1.,1.),(1.,1.),(1.,1.),(1.,1.),(1.,1.),(1.,1.),(1.,1.),(1.,
1.),(1.,1.),(1.,1.),(1.,1.),(1.,1.),(1.,1.),(1.,1.),(1.,1.),(1.,1.),(1.,
1.),(1.,1.),(1.,1.),(1.,1.),(1.,1.),(1.,1.),(1.,1.),(1.,1.),(1.,1.),(1.,
1.),(1.,1.),(1.,1.),(1.,1.),(1.,1.),(1.,1.),(1.,1.),(1.,1.),(1.,1.),(1.,
1.),(1.,1.),(1.,1.),(1.,1.),(1.,1.),(1.,1.),(1.,1.),(1.,1.),(1.,1.),(1.,
1.),(1.,1.),(1.,1.),(1.,1.),(1.,1.),(1.,1.),(1.,1.),(1.,1.),(1.,1.),(1.,
1.),(1.,1.),(1.,1.),(1.,1.),(1.,1.),(1.,1.),(1.,1.)))
REPRESENTATION_ITEM('')
SURFACE()
);
#17=(
BOUNDED_SURFACE()
B_SPLINE_SURFACE(5,1,((#6826,#6827),(#6828,#6829),(#6830,#6831),(#6832,
#6833),(#6834,#6835),(#6836,#6837),(#6838,#6839),(#6840,#6841),(#6842,#6843),
(#6844,#6845),(#6846,#6847),(#6848,#6849),(#6850,#6851),(#6852,#6853),(#6854,
#6855),(#6856,#6857),(#6858,#6859),(#6860,#6861),(#6862,#6863),(#6864,#6865),
(#6866,#6867),(#6868,#6869),(#6870,#6871),(#6872,#6873),(#6874,#6875),(#6876,
#6877),(#6878,#6879),(#6880,#6881),(#6882,#6883),(#6884,#6885),(#6886,#6887),
(#6888,#6889),(#6890,#6891),(#6892,#6893),(#6894,#6895),(#6896,#6897),(#6898,
#6899),(#6900,#6901),(#6902,#6903),(#6904,#6905),(#6906,#6907),(#6908,#6909),
(#6910,#6911),(#6912,#6913),(#6914,#6915),(#6916,#6917),(#6918,#6919),(#6920,
#6921),(#6922,#6923),(#6924,#6925),(#6926,#6927),(#6928,#6929),(#6930,#6931),
(#6932,#6933),(#6934,#6935),(#6936,#6937),(#6938,#6939),(#6940,#6941),(#6942,
#6943),(#6944,#6945),(#6946,#6947),(#6948,#6949),(#6950,#6951),(#6952,#6953),
(#6954,#6955),(#6956,#6957),(#6958,#6959),(#6960,#6961),(#6962,#6963),(#6964,
#6965),(#6966,#6967),(#6968,#6969),(#6970,#6971),(#6972,#6973),(#6974,#6975)),
 .UNSPECIFIED.,.F.,.F.,.F.)
B_SPLINE_SURFACE_WITH_KNOTS((6,1,1,1,1,1,1,1,1,1,1,1,1,1,1,1,1,1,1,1,1,
1,1,1,1,1,1,1,1,1,1,1,1,1,1,1,1,1,1,1,1,1,1,1,1,1,1,1,1,1,1,1,1,1,1,1,1,
1,1,1,1,1,1,1,1,1,1,1,1,1,6),(2,2),(-1.,-0.985714285714284,-0.97142857142857,
-0.957142857142856,-0.942857142857141,-0.928571428571427,-0.914285714285713,
-0.899999999999999,-0.885714285714284,-0.87142857142857,-0.857142857142856,
-0.842857142857142,-0.828571428571428,-0.814285714285713,-0.799999999999999,
-0.785714285714285,-0.771428571428571,-0.757142857142856,-0.742857142857142,
-0.728571428571428,-0.714285714285714,-0.699999999999999,-0.685714285714285,
-0.671428571428571,-0.657142857142857,-0.642857142857142,-0.628571428571428,
-0.614285714285714,-0.6,-0.585714285714286,-0.571428571428571,-0.557142857142857,
-0.542857142857143,-0.528571428571429,-0.514285714285714,-0.5,-0.485714285714286,
-0.471428571428572,-0.457142857142857,-0.442857142857143,-0.428571428571429,
-0.414285714285714,-0.4,-0.385714285714286,-0.371428571428571,-0.357142857142857,
-0.342857142857143,-0.328571428571429,-0.314285714285714,-0.3,-0.285714285714286,
-0.271428571428571,-0.257142857142857,-0.242857142857143,-0.228571428571429,
-0.214285714285714,-0.2,-0.185714285714286,-0.171428571428571,-0.157142857142857,
-0.142857142857143,-0.128571428571429,-0.114285714285714,-0.1,-0.0857142857142857,
-0.0714285714285714,-0.0571428571428571,-0.0428571428571429,-0.0285714285714286,
-0.0142857142857143,0.),(-0.05,0.55),.UNSPECIFIED.)
GEOMETRIC_REPRESENTATION_ITEM()
RATIONAL_B_SPLINE_SURFACE(((1.,1.),(1.,1.),(1.,1.),(1.,1.),(1.,1.),(1.,
1.),(1.,1.),(1.,1.),(1.,1.),(1.,1.),(1.,1.),(1.,1.),(1.,1.),(1.,1.),(1.,
1.),(1.,1.),(1.,1.),(1.,1.),(1.,1.),(1.,1.),(1.,1.),(1.,1.),(1.,1.),(1.,
1.),(1.,1.),(1.,1.),(1.,1.),(1.,1.),(1.,1.),(1.,1.),(1.,1.),(1.,1.),(1.,
1.),(1.,1.),(1.,1.),(1.,1.),(1.,1.),(1.,1.),(1.,1.),(1.,1.),(1.,1.),(1.,
1.),(1.,1.),(1.,1.),(1.,1.),(1.,1.),(1.,1.),(1.,1.),(1.,1.),(1.,1.),(1.,
1.),(1.,1.),(1.,1.),(1.,1.),(1.,1.),(1.,1.),(1.,1.),(1.,1.),(1.,1.),(1.,
1.),(1.,1.),(1.,1.),(1.,1.),(1.,1.),(1.,1.),(1.,1.),(1.,1.),(1.,1.),(1.,
1.),(1.,1.),(1.,1.),(1.,1.),(1.,1.),(1.,1.),(1.,1.)))
REPRESENTATION_ITEM('')
SURFACE()
);
#18=(
BOUNDED_SURFACE()
B_SPLINE_SURFACE(5,1,((#6977,#6978),(#6979,#6980),(#6981,#6982),(#6983,
#6984),(#6985,#6986),(#6987,#6988),(#6989,#6990),(#6991,#6992),(#6993,#6994),
(#6995,#6996),(#6997,#6998),(#6999,#7000),(#7001,#7002),(#7003,#7004),(#7005,
#7006),(#7007,#7008),(#7009,#7010),(#7011,#7012),(#7013,#7014),(#7015,#7016),
(#7017,#7018),(#7019,#7020),(#7021,#7022),(#7023,#7024),(#7025,#7026),(#7027,
#7028),(#7029,#7030),(#7031,#7032),(#7033,#7034),(#7035,#7036),(#7037,#7038),
(#7039,#7040),(#7041,#7042),(#7043,#7044),(#7045,#7046),(#7047,#7048),(#7049,
#7050),(#7051,#7052),(#7053,#7054),(#7055,#7056),(#7057,#7058),(#7059,#7060),
(#7061,#7062),(#7063,#7064),(#7065,#7066),(#7067,#7068),(#7069,#7070),(#7071,
#7072),(#7073,#7074),(#7075,#7076),(#7077,#7078),(#7079,#7080),(#7081,#7082),
(#7083,#7084),(#7085,#7086),(#7087,#7088),(#7089,#7090),(#7091,#7092),(#7093,
#7094),(#7095,#7096),(#7097,#7098),(#7099,#7100),(#7101,#7102),(#7103,#7104),
(#7105,#7106),(#7107,#7108),(#7109,#7110),(#7111,#7112),(#7113,#7114),(#7115,
#7116),(#7117,#7118),(#7119,#7120),(#7121,#7122),(#7123,#7124),(#7125,#7126)),
 .UNSPECIFIED.,.F.,.F.,.F.)
B_SPLINE_SURFACE_WITH_KNOTS((6,1,1,1,1,1,1,1,1,1,1,1,1,1,1,1,1,1,1,1,1,
1,1,1,1,1,1,1,1,1,1,1,1,1,1,1,1,1,1,1,1,1,1,1,1,1,1,1,1,1,1,1,1,1,1,1,1,
1,1,1,1,1,1,1,1,1,1,1,1,1,6),(2,2),(0.,0.0142857142857143,0.0285714285714286,
0.0428571428571429,0.0571428571428571,0.0714285714285714,0.0857142857142857,
0.1,0.114285714285714,0.128571428571429,0.142857142857143,0.157142857142857,
0.171428571428571,0.185714285714286,0.2,0.214285714285714,0.228571428571429,
0.242857142857143,0.257142857142857,0.271428571428571,0.285714285714286,
0.3,0.314285714285714,0.328571428571429,0.342857142857143,0.357142857142857,
0.371428571428571,0.385714285714286,0.4,0.414285714285714,0.428571428571429,
0.442857142857143,0.457142857142857,0.471428571428572,0.485714285714286,
0.5,0.514285714285714,0.528571428571429,0.542857142857143,0.557142857142857,
0.571428571428571,0.585714285714286,0.6,0.614285714285714,0.628571428571428,
0.642857142857142,0.657142857142857,0.671428571428571,0.685714285714285,
0.699999999999999,0.714285714285714,0.728571428571428,0.742857142857142,
0.757142857142856,0.771428571428571,0.785714285714285,0.799999999999999,
0.814285714285713,0.828571428571428,0.842857142857142,0.857142857142856,
0.87142857142857,0.885714285714284,0.899999999999999,0.914285714285713,
0.928571428571427,0.942857142857141,0.957142857142856,0.97142857142857,
0.985714285714284,1.),(-0.05,0.55),.UNSPECIFIED.)
GEOMETRIC_REPRESENTATION_ITEM()
RATIONAL_B_SPLINE_SURFACE(((1.,1.),(1.,1.),(1.,1.),(1.,1.),(1.,1.),(1.,
1.),(1.,1.),(1.,1.),(1.,1.),(1.,1.),(1.,1.),(1.,1.),(1.,1.),(1.,1.),(1.,
1.),(1.,1.),(1.,1.),(1.,1.),(1.,1.),(1.,1.),(1.,1.),(1.,1.),(1.,1.),(1.,
1.),(1.,1.),(1.,1.),(1.,1.),(1.,1.),(1.,1.),(1.,1.),(1.,1.),(1.,1.),(1.,
1.),(1.,1.),(1.,1.),(1.,1.),(1.,1.),(1.,1.),(1.,1.),(1.,1.),(1.,1.),(1.,
1.),(1.,1.),(1.,1.),(1.,1.),(1.,1.),(1.,1.),(1.,1.),(1.,1.),(1.,1.),(1.,
1.),(1.,1.),(1.,1.),(1.,1.),(1.,1.),(1.,1.),(1.,1.),(1.,1.),(1.,1.),(1.,
1.),(1.,1.),(1.,1.),(1.,1.),(1.,1.),(1.,1.),(1.,1.),(1.,1.),(1.,1.),(1.,
1.),(1.,1.),(1.,1.),(1.,1.),(1.,1.),(1.,1.),(1.,1.)))
REPRESENTATION_ITEM('')
SURFACE()
);
#19=(
BOUNDED_SURFACE()
B_SPLINE_SURFACE(5,1,((#7139,#7140),(#7141,#7142),(#7143,#7144),(#7145,
#7146),(#7147,#7148),(#7149,#7150),(#7151,#7152),(#7153,#7154),(#7155,#7156),
(#7157,#7158),(#7159,#7160),(#7161,#7162),(#7163,#7164),(#7165,#7166),(#7167,
#7168),(#7169,#7170),(#7171,#7172),(#7173,#7174),(#7175,#7176),(#7177,#7178),
(#7179,#7180),(#7181,#7182),(#7183,#7184),(#7185,#7186),(#7187,#7188),(#7189,
#7190),(#7191,#7192),(#7193,#7194),(#7195,#7196),(#7197,#7198),(#7199,#7200),
(#7201,#7202),(#7203,#7204),(#7205,#7206),(#7207,#7208),(#7209,#7210),(#7211,
#7212),(#7213,#7214),(#7215,#7216),(#7217,#7218),(#7219,#7220),(#7221,#7222),
(#7223,#7224),(#7225,#7226),(#7227,#7228),(#7229,#7230),(#7231,#7232),(#7233,
#7234),(#7235,#7236),(#7237,#7238),(#7239,#7240),(#7241,#7242),(#7243,#7244),
(#7245,#7246),(#7247,#7248),(#7249,#7250),(#7251,#7252),(#7253,#7254),(#7255,
#7256),(#7257,#7258),(#7259,#7260),(#7261,#7262),(#7263,#7264),(#7265,#7266),
(#7267,#7268),(#7269,#7270),(#7271,#7272),(#7273,#7274),(#7275,#7276),(#7277,
#7278),(#7279,#7280),(#7281,#7282),(#7283,#7284),(#7285,#7286),(#7287,#7288)),
 .UNSPECIFIED.,.F.,.F.,.F.)
B_SPLINE_SURFACE_WITH_KNOTS((6,1,1,1,1,1,1,1,1,1,1,1,1,1,1,1,1,1,1,1,1,
1,1,1,1,1,1,1,1,1,1,1,1,1,1,1,1,1,1,1,1,1,1,1,1,1,1,1,1,1,1,1,1,1,1,1,1,
1,1,1,1,1,1,1,1,1,1,1,1,1,6),(2,2),(-1.,-0.985714285714284,-0.97142857142857,
-0.957142857142856,-0.942857142857141,-0.928571428571427,-0.914285714285713,
-0.899999999999999,-0.885714285714284,-0.87142857142857,-0.857142857142856,
-0.842857142857142,-0.828571428571428,-0.814285714285713,-0.799999999999999,
-0.785714285714285,-0.771428571428571,-0.757142857142856,-0.742857142857142,
-0.728571428571428,-0.714285714285714,-0.699999999999999,-0.685714285714285,
-0.671428571428571,-0.657142857142857,-0.642857142857142,-0.628571428571428,
-0.614285714285714,-0.6,-0.585714285714286,-0.571428571428571,-0.557142857142857,
-0.542857142857143,-0.528571428571429,-0.514285714285714,-0.5,-0.485714285714286,
-0.471428571428572,-0.457142857142857,-0.442857142857143,-0.428571428571429,
-0.414285714285714,-0.4,-0.385714285714286,-0.371428571428571,-0.357142857142857,
-0.342857142857143,-0.328571428571429,-0.314285714285714,-0.3,-0.285714285714286,
-0.271428571428571,-0.257142857142857,-0.242857142857143,-0.228571428571429,
-0.214285714285714,-0.2,-0.185714285714286,-0.171428571428571,-0.157142857142857,
-0.142857142857143,-0.128571428571429,-0.114285714285714,-0.1,-0.0857142857142857,
-0.0714285714285714,-0.0571428571428571,-0.0428571428571429,-0.0285714285714286,
-0.0142857142857143,0.),(-0.05,0.55),.UNSPECIFIED.)
GEOMETRIC_REPRESENTATION_ITEM()
RATIONAL_B_SPLINE_SURFACE(((1.,1.),(1.,1.),(1.,1.),(1.,1.),(1.,1.),(1.,
1.),(1.,1.),(1.,1.),(1.,1.),(1.,1.),(1.,1.),(1.,1.),(1.,1.),(1.,1.),(1.,
1.),(1.,1.),(1.,1.),(1.,1.),(1.,1.),(1.,1.),(1.,1.),(1.,1.),(1.,1.),(1.,
1.),(1.,1.),(1.,1.),(1.,1.),(1.,1.),(1.,1.),(1.,1.),(1.,1.),(1.,1.),(1.,
1.),(1.,1.),(1.,1.),(1.,1.),(1.,1.),(1.,1.),(1.,1.),(1.,1.),(1.,1.),(1.,
1.),(1.,1.),(1.,1.),(1.,1.),(1.,1.),(1.,1.),(1.,1.),(1.,1.),(1.,1.),(1.,
1.),(1.,1.),(1.,1.),(1.,1.),(1.,1.),(1.,1.),(1.,1.),(1.,1.),(1.,1.),(1.,
1.),(1.,1.),(1.,1.),(1.,1.),(1.,1.),(1.,1.),(1.,1.),(1.,1.),(1.,1.),(1.,
1.),(1.,1.),(1.,1.),(1.,1.),(1.,1.),(1.,1.),(1.,1.)))
REPRESENTATION_ITEM('')
SURFACE()
);
#20=(
BOUNDED_SURFACE()
B_SPLINE_SURFACE(5,1,((#7290,#7291),(#7292,#7293),(#7294,#7295),(#7296,
#7297),(#7298,#7299),(#7300,#7301),(#7302,#7303),(#7304,#7305),(#7306,#7307),
(#7308,#7309),(#7310,#7311),(#7312,#7313),(#7314,#7315),(#7316,#7317),(#7318,
#7319),(#7320,#7321),(#7322,#7323),(#7324,#7325),(#7326,#7327),(#7328,#7329),
(#7330,#7331),(#7332,#7333),(#7334,#7335),(#7336,#7337),(#7338,#7339),(#7340,
#7341),(#7342,#7343),(#7344,#7345),(#7346,#7347),(#7348,#7349),(#7350,#7351),
(#7352,#7353),(#7354,#7355),(#7356,#7357),(#7358,#7359),(#7360,#7361),(#7362,
#7363),(#7364,#7365),(#7366,#7367),(#7368,#7369),(#7370,#7371),(#7372,#7373),
(#7374,#7375),(#7376,#7377),(#7378,#7379),(#7380,#7381),(#7382,#7383),(#7384,
#7385),(#7386,#7387),(#7388,#7389),(#7390,#7391),(#7392,#7393),(#7394,#7395),
(#7396,#7397),(#7398,#7399),(#7400,#7401),(#7402,#7403),(#7404,#7405),(#7406,
#7407),(#7408,#7409),(#7410,#7411),(#7412,#7413),(#7414,#7415),(#7416,#7417),
(#7418,#7419),(#7420,#7421),(#7422,#7423),(#7424,#7425),(#7426,#7427),(#7428,
#7429),(#7430,#7431),(#7432,#7433),(#7434,#7435),(#7436,#7437),(#7438,#7439)),
 .UNSPECIFIED.,.F.,.F.,.F.)
B_SPLINE_SURFACE_WITH_KNOTS((6,1,1,1,1,1,1,1,1,1,1,1,1,1,1,1,1,1,1,1,1,
1,1,1,1,1,1,1,1,1,1,1,1,1,1,1,1,1,1,1,1,1,1,1,1,1,1,1,1,1,1,1,1,1,1,1,1,
1,1,1,1,1,1,1,1,1,1,1,1,1,6),(2,2),(0.,0.0142857142857143,0.0285714285714286,
0.0428571428571429,0.0571428571428571,0.0714285714285714,0.0857142857142857,
0.1,0.114285714285714,0.128571428571429,0.142857142857143,0.157142857142857,
0.171428571428571,0.185714285714286,0.2,0.214285714285714,0.228571428571429,
0.242857142857143,0.257142857142857,0.271428571428571,0.285714285714286,
0.3,0.314285714285714,0.328571428571429,0.342857142857143,0.357142857142857,
0.371428571428571,0.385714285714286,0.4,0.414285714285714,0.428571428571429,
0.442857142857143,0.457142857142857,0.471428571428572,0.485714285714286,
0.5,0.514285714285714,0.528571428571429,0.542857142857143,0.557142857142857,
0.571428571428571,0.585714285714286,0.6,0.614285714285714,0.628571428571428,
0.642857142857142,0.657142857142857,0.671428571428571,0.685714285714285,
0.699999999999999,0.714285714285714,0.728571428571428,0.742857142857142,
0.757142857142856,0.771428571428571,0.785714285714285,0.799999999999999,
0.814285714285713,0.828571428571428,0.842857142857142,0.857142857142856,
0.87142857142857,0.885714285714284,0.899999999999999,0.914285714285713,
0.928571428571427,0.942857142857141,0.957142857142856,0.97142857142857,
0.985714285714284,1.),(-0.05,0.55),.UNSPECIFIED.)
GEOMETRIC_REPRESENTATION_ITEM()
RATIONAL_B_SPLINE_SURFACE(((1.,1.),(1.,1.),(1.,1.),(1.,1.),(1.,1.),(1.,
1.),(1.,1.),(1.,1.),(1.,1.),(1.,1.),(1.,1.),(1.,1.),(1.,1.),(1.,1.),(1.,
1.),(1.,1.),(1.,1.),(1.,1.),(1.,1.),(1.,1.),(1.,1.),(1.,1.),(1.,1.),(1.,
1.),(1.,1.),(1.,1.),(1.,1.),(1.,1.),(1.,1.),(1.,1.),(1.,1.),(1.,1.),(1.,
1.),(1.,1.),(1.,1.),(1.,1.),(1.,1.),(1.,1.),(1.,1.),(1.,1.),(1.,1.),(1.,
1.),(1.,1.),(1.,1.),(1.,1.),(1.,1.),(1.,1.),(1.,1.),(1.,1.),(1.,1.),(1.,
1.),(1.,1.),(1.,1.),(1.,1.),(1.,1.),(1.,1.),(1.,1.),(1.,1.),(1.,1.),(1.,
1.),(1.,1.),(1.,1.),(1.,1.),(1.,1.),(1.,1.),(1.,1.),(1.,1.),(1.,1.),(1.,
1.),(1.,1.),(1.,1.),(1.,1.),(1.,1.),(1.,1.),(1.,1.)))
REPRESENTATION_ITEM('')
SURFACE()
);
#21=(
BOUNDED_SURFACE()
B_SPLINE_SURFACE(5,1,((#7452,#7453),(#7454,#7455),(#7456,#7457),(#7458,
#7459),(#7460,#7461),(#7462,#7463),(#7464,#7465),(#7466,#7467),(#7468,#7469),
(#7470,#7471),(#7472,#7473),(#7474,#7475),(#7476,#7477),(#7478,#7479),(#7480,
#7481),(#7482,#7483),(#7484,#7485),(#7486,#7487),(#7488,#7489),(#7490,#7491),
(#7492,#7493),(#7494,#7495),(#7496,#7497),(#7498,#7499),(#7500,#7501),(#7502,
#7503),(#7504,#7505),(#7506,#7507),(#7508,#7509),(#7510,#7511),(#7512,#7513),
(#7514,#7515),(#7516,#7517),(#7518,#7519),(#7520,#7521),(#7522,#7523),(#7524,
#7525),(#7526,#7527),(#7528,#7529),(#7530,#7531),(#7532,#7533),(#7534,#7535),
(#7536,#7537),(#7538,#7539),(#7540,#7541),(#7542,#7543),(#7544,#7545),(#7546,
#7547),(#7548,#7549),(#7550,#7551),(#7552,#7553),(#7554,#7555),(#7556,#7557),
(#7558,#7559),(#7560,#7561),(#7562,#7563),(#7564,#7565),(#7566,#7567),(#7568,
#7569),(#7570,#7571),(#7572,#7573),(#7574,#7575),(#7576,#7577),(#7578,#7579),
(#7580,#7581),(#7582,#7583),(#7584,#7585),(#7586,#7587),(#7588,#7589),(#7590,
#7591),(#7592,#7593),(#7594,#7595),(#7596,#7597),(#7598,#7599),(#7600,#7601)),
 .UNSPECIFIED.,.F.,.F.,.F.)
B_SPLINE_SURFACE_WITH_KNOTS((6,1,1,1,1,1,1,1,1,1,1,1,1,1,1,1,1,1,1,1,1,
1,1,1,1,1,1,1,1,1,1,1,1,1,1,1,1,1,1,1,1,1,1,1,1,1,1,1,1,1,1,1,1,1,1,1,1,
1,1,1,1,1,1,1,1,1,1,1,1,1,6),(2,2),(-1.,-0.985714285714284,-0.97142857142857,
-0.957142857142856,-0.942857142857141,-0.928571428571427,-0.914285714285713,
-0.899999999999999,-0.885714285714284,-0.87142857142857,-0.857142857142856,
-0.842857142857142,-0.828571428571428,-0.814285714285713,-0.799999999999999,
-0.785714285714285,-0.771428571428571,-0.757142857142856,-0.742857142857142,
-0.728571428571428,-0.714285714285714,-0.699999999999999,-0.685714285714285,
-0.671428571428571,-0.657142857142857,-0.642857142857142,-0.628571428571428,
-0.614285714285714,-0.6,-0.585714285714286,-0.571428571428571,-0.557142857142857,
-0.542857142857143,-0.528571428571429,-0.514285714285714,-0.5,-0.485714285714286,
-0.471428571428572,-0.457142857142857,-0.442857142857143,-0.428571428571429,
-0.414285714285714,-0.4,-0.385714285714286,-0.371428571428571,-0.357142857142857,
-0.342857142857143,-0.328571428571429,-0.314285714285714,-0.3,-0.285714285714286,
-0.271428571428571,-0.257142857142857,-0.242857142857143,-0.228571428571429,
-0.214285714285714,-0.2,-0.185714285714286,-0.171428571428571,-0.157142857142857,
-0.142857142857143,-0.128571428571429,-0.114285714285714,-0.1,-0.0857142857142857,
-0.0714285714285714,-0.0571428571428571,-0.0428571428571429,-0.0285714285714286,
-0.0142857142857143,0.),(-0.05,0.55),.UNSPECIFIED.)
GEOMETRIC_REPRESENTATION_ITEM()
RATIONAL_B_SPLINE_SURFACE(((1.,1.),(1.,1.),(1.,1.),(1.,1.),(1.,1.),(1.,
1.),(1.,1.),(1.,1.),(1.,1.),(1.,1.),(1.,1.),(1.,1.),(1.,1.),(1.,1.),(1.,
1.),(1.,1.),(1.,1.),(1.,1.),(1.,1.),(1.,1.),(1.,1.),(1.,1.),(1.,1.),(1.,
1.),(1.,1.),(1.,1.),(1.,1.),(1.,1.),(1.,1.),(1.,1.),(1.,1.),(1.,1.),(1.,
1.),(1.,1.),(1.,1.),(1.,1.),(1.,1.),(1.,1.),(1.,1.),(1.,1.),(1.,1.),(1.,
1.),(1.,1.),(1.,1.),(1.,1.),(1.,1.),(1.,1.),(1.,1.),(1.,1.),(1.,1.),(1.,
1.),(1.,1.),(1.,1.),(1.,1.),(1.,1.),(1.,1.),(1.,1.),(1.,1.),(1.,1.),(1.,
1.),(1.,1.),(1.,1.),(1.,1.),(1.,1.),(1.,1.),(1.,1.),(1.,1.),(1.,1.),(1.,
1.),(1.,1.),(1.,1.),(1.,1.),(1.,1.),(1.,1.),(1.,1.)))
REPRESENTATION_ITEM('')
SURFACE()
);
#22=(
BOUNDED_SURFACE()
B_SPLINE_SURFACE(5,1,((#7603,#7604),(#7605,#7606),(#7607,#7608),(#7609,
#7610),(#7611,#7612),(#7613,#7614),(#7615,#7616),(#7617,#7618),(#7619,#7620),
(#7621,#7622),(#7623,#7624),(#7625,#7626),(#7627,#7628),(#7629,#7630),(#7631,
#7632),(#7633,#7634),(#7635,#7636),(#7637,#7638),(#7639,#7640),(#7641,#7642),
(#7643,#7644),(#7645,#7646),(#7647,#7648),(#7649,#7650),(#7651,#7652),(#7653,
#7654),(#7655,#7656),(#7657,#7658),(#7659,#7660),(#7661,#7662),(#7663,#7664),
(#7665,#7666),(#7667,#7668),(#7669,#7670),(#7671,#7672),(#7673,#7674),(#7675,
#7676),(#7677,#7678),(#7679,#7680),(#7681,#7682),(#7683,#7684),(#7685,#7686),
(#7687,#7688),(#7689,#7690),(#7691,#7692),(#7693,#7694),(#7695,#7696),(#7697,
#7698),(#7699,#7700),(#7701,#7702),(#7703,#7704),(#7705,#7706),(#7707,#7708),
(#7709,#7710),(#7711,#7712),(#7713,#7714),(#7715,#7716),(#7717,#7718),(#7719,
#7720),(#7721,#7722),(#7723,#7724),(#7725,#7726),(#7727,#7728),(#7729,#7730),
(#7731,#7732),(#7733,#7734),(#7735,#7736),(#7737,#7738),(#7739,#7740),(#7741,
#7742),(#7743,#7744),(#7745,#7746),(#7747,#7748),(#7749,#7750),(#7751,#7752)),
 .UNSPECIFIED.,.F.,.F.,.F.)
B_SPLINE_SURFACE_WITH_KNOTS((6,1,1,1,1,1,1,1,1,1,1,1,1,1,1,1,1,1,1,1,1,
1,1,1,1,1,1,1,1,1,1,1,1,1,1,1,1,1,1,1,1,1,1,1,1,1,1,1,1,1,1,1,1,1,1,1,1,
1,1,1,1,1,1,1,1,1,1,1,1,1,6),(2,2),(0.,0.0142857142857143,0.0285714285714286,
0.0428571428571429,0.0571428571428571,0.0714285714285714,0.0857142857142857,
0.1,0.114285714285714,0.128571428571429,0.142857142857143,0.157142857142857,
0.171428571428571,0.185714285714286,0.2,0.214285714285714,0.228571428571429,
0.242857142857143,0.257142857142857,0.271428571428571,0.285714285714286,
0.3,0.314285714285714,0.328571428571429,0.342857142857143,0.357142857142857,
0.371428571428571,0.385714285714286,0.4,0.414285714285714,0.428571428571429,
0.442857142857143,0.457142857142857,0.471428571428572,0.485714285714286,
0.5,0.514285714285714,0.528571428571429,0.542857142857143,0.557142857142857,
0.571428571428571,0.585714285714286,0.6,0.614285714285714,0.628571428571428,
0.642857142857142,0.657142857142857,0.671428571428571,0.685714285714285,
0.699999999999999,0.714285714285714,0.728571428571428,0.742857142857142,
0.757142857142856,0.771428571428571,0.785714285714285,0.799999999999999,
0.814285714285713,0.828571428571428,0.842857142857142,0.857142857142856,
0.87142857142857,0.885714285714284,0.899999999999999,0.914285714285713,
0.928571428571427,0.942857142857141,0.957142857142856,0.97142857142857,
0.985714285714284,1.),(-0.05,0.55),.UNSPECIFIED.)
GEOMETRIC_REPRESENTATION_ITEM()
RATIONAL_B_SPLINE_SURFACE(((1.,1.),(1.,1.),(1.,1.),(1.,1.),(1.,1.),(1.,
1.),(1.,1.),(1.,1.),(1.,1.),(1.,1.),(1.,1.),(1.,1.),(1.,1.),(1.,1.),(1.,
1.),(1.,1.),(1.,1.),(1.,1.),(1.,1.),(1.,1.),(1.,1.),(1.,1.),(1.,1.),(1.,
1.),(1.,1.),(1.,1.),(1.,1.),(1.,1.),(1.,1.),(1.,1.),(1.,1.),(1.,1.),(1.,
1.),(1.,1.),(1.,1.),(1.,1.),(1.,1.),(1.,1.),(1.,1.),(1.,1.),(1.,1.),(1.,
1.),(1.,1.),(1.,1.),(1.,1.),(1.,1.),(1.,1.),(1.,1.),(1.,1.),(1.,1.),(1.,
1.),(1.,1.),(1.,1.),(1.,1.),(1.,1.),(1.,1.),(1.,1.),(1.,1.),(1.,1.),(1.,
1.),(1.,1.),(1.,1.),(1.,1.),(1.,1.),(1.,1.),(1.,1.),(1.,1.),(1.,1.),(1.,
1.),(1.,1.),(1.,1.),(1.,1.),(1.,1.),(1.,1.),(1.,1.)))
REPRESENTATION_ITEM('')
SURFACE()
);
#23=(
BOUNDED_SURFACE()
B_SPLINE_SURFACE(5,1,((#7765,#7766),(#7767,#7768),(#7769,#7770),(#7771,
#7772),(#7773,#7774),(#7775,#7776),(#7777,#7778),(#7779,#7780),(#7781,#7782),
(#7783,#7784),(#7785,#7786),(#7787,#7788),(#7789,#7790),(#7791,#7792),(#7793,
#7794),(#7795,#7796),(#7797,#7798),(#7799,#7800),(#7801,#7802),(#7803,#7804),
(#7805,#7806),(#7807,#7808),(#7809,#7810),(#7811,#7812),(#7813,#7814),(#7815,
#7816),(#7817,#7818),(#7819,#7820),(#7821,#7822),(#7823,#7824),(#7825,#7826),
(#7827,#7828),(#7829,#7830),(#7831,#7832),(#7833,#7834),(#7835,#7836),(#7837,
#7838),(#7839,#7840),(#7841,#7842),(#7843,#7844),(#7845,#7846),(#7847,#7848),
(#7849,#7850),(#7851,#7852),(#7853,#7854),(#7855,#7856),(#7857,#7858),(#7859,
#7860),(#7861,#7862),(#7863,#7864),(#7865,#7866),(#7867,#7868),(#7869,#7870),
(#7871,#7872),(#7873,#7874),(#7875,#7876),(#7877,#7878),(#7879,#7880),(#7881,
#7882),(#7883,#7884),(#7885,#7886),(#7887,#7888),(#7889,#7890),(#7891,#7892),
(#7893,#7894),(#7895,#7896),(#7897,#7898),(#7899,#7900),(#7901,#7902),(#7903,
#7904),(#7905,#7906),(#7907,#7908),(#7909,#7910),(#7911,#7912),(#7913,#7914)),
 .UNSPECIFIED.,.F.,.F.,.F.)
B_SPLINE_SURFACE_WITH_KNOTS((6,1,1,1,1,1,1,1,1,1,1,1,1,1,1,1,1,1,1,1,1,
1,1,1,1,1,1,1,1,1,1,1,1,1,1,1,1,1,1,1,1,1,1,1,1,1,1,1,1,1,1,1,1,1,1,1,1,
1,1,1,1,1,1,1,1,1,1,1,1,1,6),(2,2),(-1.,-0.985714285714284,-0.97142857142857,
-0.957142857142856,-0.942857142857141,-0.928571428571427,-0.914285714285713,
-0.899999999999999,-0.885714285714284,-0.87142857142857,-0.857142857142856,
-0.842857142857142,-0.828571428571428,-0.814285714285713,-0.799999999999999,
-0.785714285714285,-0.771428571428571,-0.757142857142856,-0.742857142857142,
-0.728571428571428,-0.714285714285714,-0.699999999999999,-0.685714285714285,
-0.671428571428571,-0.657142857142857,-0.642857142857142,-0.628571428571428,
-0.614285714285714,-0.6,-0.585714285714286,-0.571428571428571,-0.557142857142857,
-0.542857142857143,-0.528571428571429,-0.514285714285714,-0.5,-0.485714285714286,
-0.471428571428572,-0.457142857142857,-0.442857142857143,-0.428571428571429,
-0.414285714285714,-0.4,-0.385714285714286,-0.371428571428571,-0.357142857142857,
-0.342857142857143,-0.328571428571429,-0.314285714285714,-0.3,-0.285714285714286,
-0.271428571428571,-0.257142857142857,-0.242857142857143,-0.228571428571429,
-0.214285714285714,-0.2,-0.185714285714286,-0.171428571428571,-0.157142857142857,
-0.142857142857143,-0.128571428571429,-0.114285714285714,-0.1,-0.0857142857142857,
-0.0714285714285714,-0.0571428571428571,-0.0428571428571429,-0.0285714285714286,
-0.0142857142857143,0.),(-0.05,0.55),.UNSPECIFIED.)
GEOMETRIC_REPRESENTATION_ITEM()
RATIONAL_B_SPLINE_SURFACE(((1.,1.),(1.,1.),(1.,1.),(1.,1.),(1.,1.),(1.,
1.),(1.,1.),(1.,1.),(1.,1.),(1.,1.),(1.,1.),(1.,1.),(1.,1.),(1.,1.),(1.,
1.),(1.,1.),(1.,1.),(1.,1.),(1.,1.),(1.,1.),(1.,1.),(1.,1.),(1.,1.),(1.,
1.),(1.,1.),(1.,1.),(1.,1.),(1.,1.),(1.,1.),(1.,1.),(1.,1.),(1.,1.),(1.,
1.),(1.,1.),(1.,1.),(1.,1.),(1.,1.),(1.,1.),(1.,1.),(1.,1.),(1.,1.),(1.,
1.),(1.,1.),(1.,1.),(1.,1.),(1.,1.),(1.,1.),(1.,1.),(1.,1.),(1.,1.),(1.,
1.),(1.,1.),(1.,1.),(1.,1.),(1.,1.),(1.,1.),(1.,1.),(1.,1.),(1.,1.),(1.,
1.),(1.,1.),(1.,1.),(1.,1.),(1.,1.),(1.,1.),(1.,1.),(1.,1.),(1.,1.),(1.,
1.),(1.,1.),(1.,1.),(1.,1.),(1.,1.),(1.,1.),(1.,1.)))
REPRESENTATION_ITEM('')
SURFACE()
);
#24=(
BOUNDED_SURFACE()
B_SPLINE_SURFACE(5,1,((#7916,#7917),(#7918,#7919),(#7920,#7921),(#7922,
#7923),(#7924,#7925),(#7926,#7927),(#7928,#7929),(#7930,#7931),(#7932,#7933),
(#7934,#7935),(#7936,#7937),(#7938,#7939),(#7940,#7941),(#7942,#7943),(#7944,
#7945),(#7946,#7947),(#7948,#7949),(#7950,#7951),(#7952,#7953),(#7954,#7955),
(#7956,#7957),(#7958,#7959),(#7960,#7961),(#7962,#7963),(#7964,#7965),(#7966,
#7967),(#7968,#7969),(#7970,#7971),(#7972,#7973),(#7974,#7975),(#7976,#7977),
(#7978,#7979),(#7980,#7981),(#7982,#7983),(#7984,#7985),(#7986,#7987),(#7988,
#7989),(#7990,#7991),(#7992,#7993),(#7994,#7995),(#7996,#7997),(#7998,#7999),
(#8000,#8001),(#8002,#8003),(#8004,#8005),(#8006,#8007),(#8008,#8009),(#8010,
#8011),(#8012,#8013),(#8014,#8015),(#8016,#8017),(#8018,#8019),(#8020,#8021),
(#8022,#8023),(#8024,#8025),(#8026,#8027),(#8028,#8029),(#8030,#8031),(#8032,
#8033),(#8034,#8035),(#8036,#8037),(#8038,#8039),(#8040,#8041),(#8042,#8043),
(#8044,#8045),(#8046,#8047),(#8048,#8049),(#8050,#8051),(#8052,#8053),(#8054,
#8055),(#8056,#8057),(#8058,#8059),(#8060,#8061),(#8062,#8063),(#8064,#8065)),
 .UNSPECIFIED.,.F.,.F.,.F.)
B_SPLINE_SURFACE_WITH_KNOTS((6,1,1,1,1,1,1,1,1,1,1,1,1,1,1,1,1,1,1,1,1,
1,1,1,1,1,1,1,1,1,1,1,1,1,1,1,1,1,1,1,1,1,1,1,1,1,1,1,1,1,1,1,1,1,1,1,1,
1,1,1,1,1,1,1,1,1,1,1,1,1,6),(2,2),(0.,0.0142857142857143,0.0285714285714286,
0.0428571428571429,0.0571428571428571,0.0714285714285714,0.0857142857142857,
0.1,0.114285714285714,0.128571428571429,0.142857142857143,0.157142857142857,
0.171428571428571,0.185714285714286,0.2,0.214285714285714,0.228571428571429,
0.242857142857143,0.257142857142857,0.271428571428571,0.285714285714286,
0.3,0.314285714285714,0.328571428571429,0.342857142857143,0.357142857142857,
0.371428571428571,0.385714285714286,0.4,0.414285714285714,0.428571428571429,
0.442857142857143,0.457142857142857,0.471428571428572,0.485714285714286,
0.5,0.514285714285714,0.528571428571429,0.542857142857143,0.557142857142857,
0.571428571428571,0.585714285714286,0.6,0.614285714285714,0.628571428571428,
0.642857142857142,0.657142857142857,0.671428571428571,0.685714285714285,
0.699999999999999,0.714285714285714,0.728571428571428,0.742857142857142,
0.757142857142856,0.771428571428571,0.785714285714285,0.799999999999999,
0.814285714285713,0.828571428571428,0.842857142857142,0.857142857142856,
0.87142857142857,0.885714285714284,0.899999999999999,0.914285714285713,
0.928571428571427,0.942857142857141,0.957142857142856,0.97142857142857,
0.985714285714284,1.),(-0.05,0.55),.UNSPECIFIED.)
GEOMETRIC_REPRESENTATION_ITEM()
RATIONAL_B_SPLINE_SURFACE(((1.,1.),(1.,1.),(1.,1.),(1.,1.),(1.,1.),(1.,
1.),(1.,1.),(1.,1.),(1.,1.),(1.,1.),(1.,1.),(1.,1.),(1.,1.),(1.,1.),(1.,
1.),(1.,1.),(1.,1.),(1.,1.),(1.,1.),(1.,1.),(1.,1.),(1.,1.),(1.,1.),(1.,
1.),(1.,1.),(1.,1.),(1.,1.),(1.,1.),(1.,1.),(1.,1.),(1.,1.),(1.,1.),(1.,
1.),(1.,1.),(1.,1.),(1.,1.),(1.,1.),(1.,1.),(1.,1.),(1.,1.),(1.,1.),(1.,
1.),(1.,1.),(1.,1.),(1.,1.),(1.,1.),(1.,1.),(1.,1.),(1.,1.),(1.,1.),(1.,
1.),(1.,1.),(1.,1.),(1.,1.),(1.,1.),(1.,1.),(1.,1.),(1.,1.),(1.,1.),(1.,
1.),(1.,1.),(1.,1.),(1.,1.),(1.,1.),(1.,1.),(1.,1.),(1.,1.),(1.,1.),(1.,
1.),(1.,1.),(1.,1.),(1.,1.),(1.,1.),(1.,1.),(1.,1.)))
REPRESENTATION_ITEM('')
SURFACE()
);
#25=(
BOUNDED_SURFACE()
B_SPLINE_SURFACE(5,1,((#8078,#8079),(#8080,#8081),(#8082,#8083),(#8084,
#8085),(#8086,#8087),(#8088,#8089),(#8090,#8091),(#8092,#8093),(#8094,#8095),
(#8096,#8097),(#8098,#8099),(#8100,#8101),(#8102,#8103),(#8104,#8105),(#8106,
#8107),(#8108,#8109),(#8110,#8111),(#8112,#8113),(#8114,#8115),(#8116,#8117),
(#8118,#8119),(#8120,#8121),(#8122,#8123),(#8124,#8125),(#8126,#8127),(#8128,
#8129),(#8130,#8131),(#8132,#8133),(#8134,#8135),(#8136,#8137),(#8138,#8139),
(#8140,#8141),(#8142,#8143),(#8144,#8145),(#8146,#8147),(#8148,#8149),(#8150,
#8151),(#8152,#8153),(#8154,#8155),(#8156,#8157),(#8158,#8159),(#8160,#8161),
(#8162,#8163),(#8164,#8165),(#8166,#8167),(#8168,#8169),(#8170,#8171),(#8172,
#8173),(#8174,#8175),(#8176,#8177),(#8178,#8179),(#8180,#8181),(#8182,#8183),
(#8184,#8185),(#8186,#8187),(#8188,#8189),(#8190,#8191),(#8192,#8193),(#8194,
#8195),(#8196,#8197),(#8198,#8199),(#8200,#8201),(#8202,#8203),(#8204,#8205),
(#8206,#8207),(#8208,#8209),(#8210,#8211),(#8212,#8213),(#8214,#8215),(#8216,
#8217),(#8218,#8219),(#8220,#8221),(#8222,#8223),(#8224,#8225),(#8226,#8227)),
 .UNSPECIFIED.,.F.,.F.,.F.)
B_SPLINE_SURFACE_WITH_KNOTS((6,1,1,1,1,1,1,1,1,1,1,1,1,1,1,1,1,1,1,1,1,
1,1,1,1,1,1,1,1,1,1,1,1,1,1,1,1,1,1,1,1,1,1,1,1,1,1,1,1,1,1,1,1,1,1,1,1,
1,1,1,1,1,1,1,1,1,1,1,1,1,6),(2,2),(-1.,-0.985714285714284,-0.97142857142857,
-0.957142857142856,-0.942857142857141,-0.928571428571427,-0.914285714285713,
-0.899999999999999,-0.885714285714284,-0.87142857142857,-0.857142857142856,
-0.842857142857142,-0.828571428571428,-0.814285714285713,-0.799999999999999,
-0.785714285714285,-0.771428571428571,-0.757142857142856,-0.742857142857142,
-0.728571428571428,-0.714285714285714,-0.699999999999999,-0.685714285714285,
-0.671428571428571,-0.657142857142857,-0.642857142857142,-0.628571428571428,
-0.614285714285714,-0.6,-0.585714285714286,-0.571428571428571,-0.557142857142857,
-0.542857142857143,-0.528571428571429,-0.514285714285714,-0.5,-0.485714285714286,
-0.471428571428572,-0.457142857142857,-0.442857142857143,-0.428571428571429,
-0.414285714285714,-0.4,-0.385714285714286,-0.371428571428571,-0.357142857142857,
-0.342857142857143,-0.328571428571429,-0.314285714285714,-0.3,-0.285714285714286,
-0.271428571428571,-0.257142857142857,-0.242857142857143,-0.228571428571429,
-0.214285714285714,-0.2,-0.185714285714286,-0.171428571428571,-0.157142857142857,
-0.142857142857143,-0.128571428571429,-0.114285714285714,-0.1,-0.0857142857142857,
-0.0714285714285714,-0.0571428571428571,-0.0428571428571429,-0.0285714285714286,
-0.0142857142857143,0.),(-0.05,0.55),.UNSPECIFIED.)
GEOMETRIC_REPRESENTATION_ITEM()
RATIONAL_B_SPLINE_SURFACE(((1.,1.),(1.,1.),(1.,1.),(1.,1.),(1.,1.),(1.,
1.),(1.,1.),(1.,1.),(1.,1.),(1.,1.),(1.,1.),(1.,1.),(1.,1.),(1.,1.),(1.,
1.),(1.,1.),(1.,1.),(1.,1.),(1.,1.),(1.,1.),(1.,1.),(1.,1.),(1.,1.),(1.,
1.),(1.,1.),(1.,1.),(1.,1.),(1.,1.),(1.,1.),(1.,1.),(1.,1.),(1.,1.),(1.,
1.),(1.,1.),(1.,1.),(1.,1.),(1.,1.),(1.,1.),(1.,1.),(1.,1.),(1.,1.),(1.,
1.),(1.,1.),(1.,1.),(1.,1.),(1.,1.),(1.,1.),(1.,1.),(1.,1.),(1.,1.),(1.,
1.),(1.,1.),(1.,1.),(1.,1.),(1.,1.),(1.,1.),(1.,1.),(1.,1.),(1.,1.),(1.,
1.),(1.,1.),(1.,1.),(1.,1.),(1.,1.),(1.,1.),(1.,1.),(1.,1.),(1.,1.),(1.,
1.),(1.,1.),(1.,1.),(1.,1.),(1.,1.),(1.,1.),(1.,1.)))
REPRESENTATION_ITEM('')
SURFACE()
);
#26=(
BOUNDED_SURFACE()
B_SPLINE_SURFACE(5,1,((#8229,#8230),(#8231,#8232),(#8233,#8234),(#8235,
#8236),(#8237,#8238),(#8239,#8240),(#8241,#8242),(#8243,#8244),(#8245,#8246),
(#8247,#8248),(#8249,#8250),(#8251,#8252),(#8253,#8254),(#8255,#8256),(#8257,
#8258),(#8259,#8260),(#8261,#8262),(#8263,#8264),(#8265,#8266),(#8267,#8268),
(#8269,#8270),(#8271,#8272),(#8273,#8274),(#8275,#8276),(#8277,#8278),(#8279,
#8280),(#8281,#8282),(#8283,#8284),(#8285,#8286),(#8287,#8288),(#8289,#8290),
(#8291,#8292),(#8293,#8294),(#8295,#8296),(#8297,#8298),(#8299,#8300),(#8301,
#8302),(#8303,#8304),(#8305,#8306),(#8307,#8308),(#8309,#8310),(#8311,#8312),
(#8313,#8314),(#8315,#8316),(#8317,#8318),(#8319,#8320),(#8321,#8322),(#8323,
#8324),(#8325,#8326),(#8327,#8328),(#8329,#8330),(#8331,#8332),(#8333,#8334),
(#8335,#8336),(#8337,#8338),(#8339,#8340),(#8341,#8342),(#8343,#8344),(#8345,
#8346),(#8347,#8348),(#8349,#8350),(#8351,#8352),(#8353,#8354),(#8355,#8356),
(#8357,#8358),(#8359,#8360),(#8361,#8362),(#8363,#8364),(#8365,#8366),(#8367,
#8368),(#8369,#8370),(#8371,#8372),(#8373,#8374),(#8375,#8376),(#8377,#8378)),
 .UNSPECIFIED.,.F.,.F.,.F.)
B_SPLINE_SURFACE_WITH_KNOTS((6,1,1,1,1,1,1,1,1,1,1,1,1,1,1,1,1,1,1,1,1,
1,1,1,1,1,1,1,1,1,1,1,1,1,1,1,1,1,1,1,1,1,1,1,1,1,1,1,1,1,1,1,1,1,1,1,1,
1,1,1,1,1,1,1,1,1,1,1,1,1,6),(2,2),(0.,0.0142857142857143,0.0285714285714286,
0.0428571428571429,0.0571428571428571,0.0714285714285714,0.0857142857142857,
0.1,0.114285714285714,0.128571428571429,0.142857142857143,0.157142857142857,
0.171428571428571,0.185714285714286,0.2,0.214285714285714,0.228571428571429,
0.242857142857143,0.257142857142857,0.271428571428571,0.285714285714286,
0.3,0.314285714285714,0.328571428571429,0.342857142857143,0.357142857142857,
0.371428571428571,0.385714285714286,0.4,0.414285714285714,0.428571428571429,
0.442857142857143,0.457142857142857,0.471428571428572,0.485714285714286,
0.5,0.514285714285714,0.528571428571429,0.542857142857143,0.557142857142857,
0.571428571428571,0.585714285714286,0.6,0.614285714285714,0.628571428571428,
0.642857142857142,0.657142857142857,0.671428571428571,0.685714285714285,
0.699999999999999,0.714285714285714,0.728571428571428,0.742857142857142,
0.757142857142856,0.771428571428571,0.785714285714285,0.799999999999999,
0.814285714285713,0.828571428571428,0.842857142857142,0.857142857142856,
0.87142857142857,0.885714285714284,0.899999999999999,0.914285714285713,
0.928571428571427,0.942857142857141,0.957142857142856,0.97142857142857,
0.985714285714284,1.),(-0.05,0.55),.UNSPECIFIED.)
GEOMETRIC_REPRESENTATION_ITEM()
RATIONAL_B_SPLINE_SURFACE(((1.,1.),(1.,1.),(1.,1.),(1.,1.),(1.,1.),(1.,
1.),(1.,1.),(1.,1.),(1.,1.),(1.,1.),(1.,1.),(1.,1.),(1.,1.),(1.,1.),(1.,
1.),(1.,1.),(1.,1.),(1.,1.),(1.,1.),(1.,1.),(1.,1.),(1.,1.),(1.,1.),(1.,
1.),(1.,1.),(1.,1.),(1.,1.),(1.,1.),(1.,1.),(1.,1.),(1.,1.),(1.,1.),(1.,
1.),(1.,1.),(1.,1.),(1.,1.),(1.,1.),(1.,1.),(1.,1.),(1.,1.),(1.,1.),(1.,
1.),(1.,1.),(1.,1.),(1.,1.),(1.,1.),(1.,1.),(1.,1.),(1.,1.),(1.,1.),(1.,
1.),(1.,1.),(1.,1.),(1.,1.),(1.,1.),(1.,1.),(1.,1.),(1.,1.),(1.,1.),(1.,
1.),(1.,1.),(1.,1.),(1.,1.),(1.,1.),(1.,1.),(1.,1.),(1.,1.),(1.,1.),(1.,
1.),(1.,1.),(1.,1.),(1.,1.),(1.,1.),(1.,1.),(1.,1.)))
REPRESENTATION_ITEM('')
SURFACE()
);
#27=(
BOUNDED_SURFACE()
B_SPLINE_SURFACE(5,1,((#8473,#8474),(#8475,#8476),(#8477,#8478),(#8479,
#8480),(#8481,#8482),(#8483,#8484),(#8485,#8486),(#8487,#8488),(#8489,#8490),
(#8491,#8492),(#8493,#8494),(#8495,#8496),(#8497,#8498),(#8499,#8500),(#8501,
#8502),(#8503,#8504),(#8505,#8506),(#8507,#8508),(#8509,#8510),(#8511,#8512),
(#8513,#8514),(#8515,#8516),(#8517,#8518),(#8519,#8520),(#8521,#8522),(#8523,
#8524),(#8525,#8526),(#8527,#8528),(#8529,#8530),(#8531,#8532),(#8533,#8534),
(#8535,#8536),(#8537,#8538),(#8539,#8540),(#8541,#8542),(#8543,#8544),(#8545,
#8546),(#8547,#8548),(#8549,#8550),(#8551,#8552),(#8553,#8554),(#8555,#8556),
(#8557,#8558),(#8559,#8560),(#8561,#8562),(#8563,#8564),(#8565,#8566),(#8567,
#8568),(#8569,#8570),(#8571,#8572),(#8573,#8574),(#8575,#8576),(#8577,#8578),
(#8579,#8580),(#8581,#8582),(#8583,#8584),(#8585,#8586),(#8587,#8588),(#8589,
#8590),(#8591,#8592),(#8593,#8594),(#8595,#8596),(#8597,#8598),(#8599,#8600),
(#8601,#8602),(#8603,#8604),(#8605,#8606),(#8607,#8608),(#8609,#8610),(#8611,
#8612),(#8613,#8614),(#8615,#8616),(#8617,#8618),(#8619,#8620),(#8621,#8622)),
 .UNSPECIFIED.,.F.,.F.,.F.)
B_SPLINE_SURFACE_WITH_KNOTS((6,1,1,1,1,1,1,1,1,1,1,1,1,1,1,1,1,1,1,1,1,
1,1,1,1,1,1,1,1,1,1,1,1,1,1,1,1,1,1,1,1,1,1,1,1,1,1,1,1,1,1,1,1,1,1,1,1,
1,1,1,1,1,1,1,1,1,1,1,1,1,6),(2,2),(-1.,-0.985714285714284,-0.97142857142857,
-0.957142857142856,-0.942857142857141,-0.928571428571427,-0.914285714285713,
-0.899999999999999,-0.885714285714284,-0.87142857142857,-0.857142857142856,
-0.842857142857142,-0.828571428571428,-0.814285714285713,-0.799999999999999,
-0.785714285714285,-0.771428571428571,-0.757142857142856,-0.742857142857142,
-0.728571428571428,-0.714285714285714,-0.699999999999999,-0.685714285714285,
-0.671428571428571,-0.657142857142857,-0.642857142857142,-0.628571428571428,
-0.614285714285714,-0.6,-0.585714285714286,-0.571428571428571,-0.557142857142857,
-0.542857142857143,-0.528571428571429,-0.514285714285714,-0.5,-0.485714285714286,
-0.471428571428572,-0.457142857142857,-0.442857142857143,-0.428571428571429,
-0.414285714285714,-0.4,-0.385714285714286,-0.371428571428571,-0.357142857142857,
-0.342857142857143,-0.328571428571429,-0.314285714285714,-0.3,-0.285714285714286,
-0.271428571428571,-0.257142857142857,-0.242857142857143,-0.228571428571429,
-0.214285714285714,-0.2,-0.185714285714286,-0.171428571428571,-0.157142857142857,
-0.142857142857143,-0.128571428571429,-0.114285714285714,-0.1,-0.0857142857142857,
-0.0714285714285714,-0.0571428571428571,-0.0428571428571429,-0.0285714285714286,
-0.0142857142857143,0.),(-0.05,0.55),.UNSPECIFIED.)
GEOMETRIC_REPRESENTATION_ITEM()
RATIONAL_B_SPLINE_SURFACE(((1.,1.),(1.,1.),(1.,1.),(1.,1.),(1.,1.),(1.,
1.),(1.,1.),(1.,1.),(1.,1.),(1.,1.),(1.,1.),(1.,1.),(1.,1.),(1.,1.),(1.,
1.),(1.,1.),(1.,1.),(1.,1.),(1.,1.),(1.,1.),(1.,1.),(1.,1.),(1.,1.),(1.,
1.),(1.,1.),(1.,1.),(1.,1.),(1.,1.),(1.,1.),(1.,1.),(1.,1.),(1.,1.),(1.,
1.),(1.,1.),(1.,1.),(1.,1.),(1.,1.),(1.,1.),(1.,1.),(1.,1.),(1.,1.),(1.,
1.),(1.,1.),(1.,1.),(1.,1.),(1.,1.),(1.,1.),(1.,1.),(1.,1.),(1.,1.),(1.,
1.),(1.,1.),(1.,1.),(1.,1.),(1.,1.),(1.,1.),(1.,1.),(1.,1.),(1.,1.),(1.,
1.),(1.,1.),(1.,1.),(1.,1.),(1.,1.),(1.,1.),(1.,1.),(1.,1.),(1.,1.),(1.,
1.),(1.,1.),(1.,1.),(1.,1.),(1.,1.),(1.,1.),(1.,1.)))
REPRESENTATION_ITEM('')
SURFACE()
);
#28=(
BOUNDED_SURFACE()
B_SPLINE_SURFACE(5,1,((#8623,#8624),(#8625,#8626),(#8627,#8628),(#8629,
#8630),(#8631,#8632),(#8633,#8634),(#8635,#8636),(#8637,#8638),(#8639,#8640),
(#8641,#8642),(#8643,#8644),(#8645,#8646),(#8647,#8648),(#8649,#8650),(#8651,
#8652),(#8653,#8654),(#8655,#8656),(#8657,#8658),(#8659,#8660),(#8661,#8662),
(#8663,#8664),(#8665,#8666),(#8667,#8668),(#8669,#8670),(#8671,#8672),(#8673,
#8674),(#8675,#8676),(#8677,#8678),(#8679,#8680),(#8681,#8682),(#8683,#8684),
(#8685,#8686),(#8687,#8688),(#8689,#8690),(#8691,#8692),(#8693,#8694),(#8695,
#8696),(#8697,#8698),(#8699,#8700),(#8701,#8702),(#8703,#8704),(#8705,#8706),
(#8707,#8708),(#8709,#8710),(#8711,#8712),(#8713,#8714),(#8715,#8716),(#8717,
#8718),(#8719,#8720),(#8721,#8722),(#8723,#8724),(#8725,#8726),(#8727,#8728),
(#8729,#8730),(#8731,#8732),(#8733,#8734),(#8735,#8736),(#8737,#8738),(#8739,
#8740),(#8741,#8742),(#8743,#8744),(#8745,#8746),(#8747,#8748),(#8749,#8750),
(#8751,#8752),(#8753,#8754),(#8755,#8756),(#8757,#8758),(#8759,#8760),(#8761,
#8762),(#8763,#8764),(#8765,#8766),(#8767,#8768),(#8769,#8770),(#8771,#8772)),
 .UNSPECIFIED.,.F.,.F.,.F.)
B_SPLINE_SURFACE_WITH_KNOTS((6,1,1,1,1,1,1,1,1,1,1,1,1,1,1,1,1,1,1,1,1,
1,1,1,1,1,1,1,1,1,1,1,1,1,1,1,1,1,1,1,1,1,1,1,1,1,1,1,1,1,1,1,1,1,1,1,1,
1,1,1,1,1,1,1,1,1,1,1,1,1,6),(2,2),(0.,0.0142857142857143,0.0285714285714286,
0.0428571428571429,0.0571428571428571,0.0714285714285714,0.0857142857142857,
0.1,0.114285714285714,0.128571428571429,0.142857142857143,0.157142857142857,
0.171428571428571,0.185714285714286,0.2,0.214285714285714,0.228571428571429,
0.242857142857143,0.257142857142857,0.271428571428571,0.285714285714286,
0.3,0.314285714285714,0.328571428571429,0.342857142857143,0.357142857142857,
0.371428571428571,0.385714285714286,0.4,0.414285714285714,0.428571428571429,
0.442857142857143,0.457142857142857,0.471428571428572,0.485714285714286,
0.5,0.514285714285714,0.528571428571429,0.542857142857143,0.557142857142857,
0.571428571428571,0.585714285714286,0.6,0.614285714285714,0.628571428571428,
0.642857142857142,0.657142857142857,0.671428571428571,0.685714285714285,
0.699999999999999,0.714285714285714,0.728571428571428,0.742857142857142,
0.757142857142856,0.771428571428571,0.785714285714285,0.799999999999999,
0.814285714285713,0.828571428571428,0.842857142857142,0.857142857142856,
0.87142857142857,0.885714285714284,0.899999999999999,0.914285714285713,
0.928571428571427,0.942857142857141,0.957142857142856,0.97142857142857,
0.985714285714284,1.),(-0.05,0.55),.UNSPECIFIED.)
GEOMETRIC_REPRESENTATION_ITEM()
RATIONAL_B_SPLINE_SURFACE(((1.,1.),(1.,1.),(1.,1.),(1.,1.),(1.,1.),(1.,
1.),(1.,1.),(1.,1.),(1.,1.),(1.,1.),(1.,1.),(1.,1.),(1.,1.),(1.,1.),(1.,
1.),(1.,1.),(1.,1.),(1.,1.),(1.,1.),(1.,1.),(1.,1.),(1.,1.),(1.,1.),(1.,
1.),(1.,1.),(1.,1.),(1.,1.),(1.,1.),(1.,1.),(1.,1.),(1.,1.),(1.,1.),(1.,
1.),(1.,1.),(1.,1.),(1.,1.),(1.,1.),(1.,1.),(1.,1.),(1.,1.),(1.,1.),(1.,
1.),(1.,1.),(1.,1.),(1.,1.),(1.,1.),(1.,1.),(1.,1.),(1.,1.),(1.,1.),(1.,
1.),(1.,1.),(1.,1.),(1.,1.),(1.,1.),(1.,1.),(1.,1.),(1.,1.),(1.,1.),(1.,
1.),(1.,1.),(1.,1.),(1.,1.),(1.,1.),(1.,1.),(1.,1.),(1.,1.),(1.,1.),(1.,
1.),(1.,1.),(1.,1.),(1.,1.),(1.,1.),(1.,1.),(1.,1.)))
REPRESENTATION_ITEM('')
SURFACE()
);
#29=(
BOUNDED_SURFACE()
B_SPLINE_SURFACE(5,1,((#8773,#8774),(#8775,#8776),(#8777,#8778),(#8779,
#8780),(#8781,#8782),(#8783,#8784),(#8785,#8786),(#8787,#8788),(#8789,#8790),
(#8791,#8792),(#8793,#8794),(#8795,#8796),(#8797,#8798),(#8799,#8800),(#8801,
#8802),(#8803,#8804),(#8805,#8806),(#8807,#8808),(#8809,#8810),(#8811,#8812),
(#8813,#8814),(#8815,#8816),(#8817,#8818),(#8819,#8820),(#8821,#8822),(#8823,
#8824),(#8825,#8826),(#8827,#8828),(#8829,#8830),(#8831,#8832),(#8833,#8834),
(#8835,#8836),(#8837,#8838),(#8839,#8840),(#8841,#8842),(#8843,#8844),(#8845,
#8846),(#8847,#8848),(#8849,#8850),(#8851,#8852),(#8853,#8854),(#8855,#8856),
(#8857,#8858),(#8859,#8860),(#8861,#8862),(#8863,#8864),(#8865,#8866),(#8867,
#8868),(#8869,#8870),(#8871,#8872),(#8873,#8874),(#8875,#8876),(#8877,#8878),
(#8879,#8880),(#8881,#8882),(#8883,#8884),(#8885,#8886),(#8887,#8888),(#8889,
#8890),(#8891,#8892),(#8893,#8894),(#8895,#8896),(#8897,#8898),(#8899,#8900),
(#8901,#8902),(#8903,#8904),(#8905,#8906),(#8907,#8908),(#8909,#8910),(#8911,
#8912),(#8913,#8914),(#8915,#8916),(#8917,#8918),(#8919,#8920),(#8921,#8922)),
 .UNSPECIFIED.,.F.,.F.,.F.)
B_SPLINE_SURFACE_WITH_KNOTS((6,1,1,1,1,1,1,1,1,1,1,1,1,1,1,1,1,1,1,1,1,
1,1,1,1,1,1,1,1,1,1,1,1,1,1,1,1,1,1,1,1,1,1,1,1,1,1,1,1,1,1,1,1,1,1,1,1,
1,1,1,1,1,1,1,1,1,1,1,1,1,6),(2,2),(-1.,-0.985714285714284,-0.97142857142857,
-0.957142857142856,-0.942857142857141,-0.928571428571427,-0.914285714285713,
-0.899999999999999,-0.885714285714284,-0.87142857142857,-0.857142857142856,
-0.842857142857142,-0.828571428571428,-0.814285714285713,-0.799999999999999,
-0.785714285714285,-0.771428571428571,-0.757142857142856,-0.742857142857142,
-0.728571428571428,-0.714285714285714,-0.699999999999999,-0.685714285714285,
-0.671428571428571,-0.657142857142857,-0.642857142857142,-0.628571428571428,
-0.614285714285714,-0.6,-0.585714285714286,-0.571428571428571,-0.557142857142857,
-0.542857142857143,-0.528571428571429,-0.514285714285714,-0.5,-0.485714285714286,
-0.471428571428572,-0.457142857142857,-0.442857142857143,-0.428571428571429,
-0.414285714285714,-0.4,-0.385714285714286,-0.371428571428571,-0.357142857142857,
-0.342857142857143,-0.328571428571429,-0.314285714285714,-0.3,-0.285714285714286,
-0.271428571428571,-0.257142857142857,-0.242857142857143,-0.228571428571429,
-0.214285714285714,-0.2,-0.185714285714286,-0.171428571428571,-0.157142857142857,
-0.142857142857143,-0.128571428571429,-0.114285714285714,-0.1,-0.0857142857142857,
-0.0714285714285714,-0.0571428571428571,-0.0428571428571429,-0.0285714285714286,
-0.0142857142857143,0.),(-0.05,0.55),.UNSPECIFIED.)
GEOMETRIC_REPRESENTATION_ITEM()
RATIONAL_B_SPLINE_SURFACE(((1.,1.),(1.,1.),(1.,1.),(1.,1.),(1.,1.),(1.,
1.),(1.,1.),(1.,1.),(1.,1.),(1.,1.),(1.,1.),(1.,1.),(1.,1.),(1.,1.),(1.,
1.),(1.,1.),(1.,1.),(1.,1.),(1.,1.),(1.,1.),(1.,1.),(1.,1.),(1.,1.),(1.,
1.),(1.,1.),(1.,1.),(1.,1.),(1.,1.),(1.,1.),(1.,1.),(1.,1.),(1.,1.),(1.,
1.),(1.,1.),(1.,1.),(1.,1.),(1.,1.),(1.,1.),(1.,1.),(1.,1.),(1.,1.),(1.,
1.),(1.,1.),(1.,1.),(1.,1.),(1.,1.),(1.,1.),(1.,1.),(1.,1.),(1.,1.),(1.,
1.),(1.,1.),(1.,1.),(1.,1.),(1.,1.),(1.,1.),(1.,1.),(1.,1.),(1.,1.),(1.,
1.),(1.,1.),(1.,1.),(1.,1.),(1.,1.),(1.,1.),(1.,1.),(1.,1.),(1.,1.),(1.,
1.),(1.,1.),(1.,1.),(1.,1.),(1.,1.),(1.,1.),(1.,1.)))
REPRESENTATION_ITEM('')
SURFACE()
);
#30=(
BOUNDED_SURFACE()
B_SPLINE_SURFACE(5,1,((#8923,#8924),(#8925,#8926),(#8927,#8928),(#8929,
#8930),(#8931,#8932),(#8933,#8934),(#8935,#8936),(#8937,#8938),(#8939,#8940),
(#8941,#8942),(#8943,#8944),(#8945,#8946),(#8947,#8948),(#8949,#8950),(#8951,
#8952),(#8953,#8954),(#8955,#8956),(#8957,#8958),(#8959,#8960),(#8961,#8962),
(#8963,#8964),(#8965,#8966),(#8967,#8968),(#8969,#8970),(#8971,#8972),(#8973,
#8974),(#8975,#8976),(#8977,#8978),(#8979,#8980),(#8981,#8982),(#8983,#8984),
(#8985,#8986),(#8987,#8988),(#8989,#8990),(#8991,#8992),(#8993,#8994),(#8995,
#8996),(#8997,#8998),(#8999,#9000),(#9001,#9002),(#9003,#9004),(#9005,#9006),
(#9007,#9008),(#9009,#9010),(#9011,#9012),(#9013,#9014),(#9015,#9016),(#9017,
#9018),(#9019,#9020),(#9021,#9022),(#9023,#9024),(#9025,#9026),(#9027,#9028),
(#9029,#9030),(#9031,#9032),(#9033,#9034),(#9035,#9036),(#9037,#9038),(#9039,
#9040),(#9041,#9042),(#9043,#9044),(#9045,#9046),(#9047,#9048),(#9049,#9050),
(#9051,#9052),(#9053,#9054),(#9055,#9056),(#9057,#9058),(#9059,#9060),(#9061,
#9062),(#9063,#9064),(#9065,#9066),(#9067,#9068),(#9069,#9070),(#9071,#9072)),
 .UNSPECIFIED.,.F.,.F.,.F.)
B_SPLINE_SURFACE_WITH_KNOTS((6,1,1,1,1,1,1,1,1,1,1,1,1,1,1,1,1,1,1,1,1,
1,1,1,1,1,1,1,1,1,1,1,1,1,1,1,1,1,1,1,1,1,1,1,1,1,1,1,1,1,1,1,1,1,1,1,1,
1,1,1,1,1,1,1,1,1,1,1,1,1,6),(2,2),(0.,0.0142857142857143,0.0285714285714286,
0.0428571428571429,0.0571428571428571,0.0714285714285714,0.0857142857142857,
0.1,0.114285714285714,0.128571428571429,0.142857142857143,0.157142857142857,
0.171428571428571,0.185714285714286,0.2,0.214285714285714,0.228571428571429,
0.242857142857143,0.257142857142857,0.271428571428571,0.285714285714286,
0.3,0.314285714285714,0.328571428571429,0.342857142857143,0.357142857142857,
0.371428571428571,0.385714285714286,0.4,0.414285714285714,0.428571428571429,
0.442857142857143,0.457142857142857,0.471428571428572,0.485714285714286,
0.5,0.514285714285714,0.528571428571429,0.542857142857143,0.557142857142857,
0.571428571428571,0.585714285714286,0.6,0.614285714285714,0.628571428571428,
0.642857142857142,0.657142857142857,0.671428571428571,0.685714285714285,
0.699999999999999,0.714285714285714,0.728571428571428,0.742857142857142,
0.757142857142856,0.771428571428571,0.785714285714285,0.799999999999999,
0.814285714285713,0.828571428571428,0.842857142857142,0.857142857142856,
0.87142857142857,0.885714285714284,0.899999999999999,0.914285714285713,
0.928571428571427,0.942857142857141,0.957142857142856,0.97142857142857,
0.985714285714284,1.),(-0.05,0.55),.UNSPECIFIED.)
GEOMETRIC_REPRESENTATION_ITEM()
RATIONAL_B_SPLINE_SURFACE(((1.,1.),(1.,1.),(1.,1.),(1.,1.),(1.,1.),(1.,
1.),(1.,1.),(1.,1.),(1.,1.),(1.,1.),(1.,1.),(1.,1.),(1.,1.),(1.,1.),(1.,
1.),(1.,1.),(1.,1.),(1.,1.),(1.,1.),(1.,1.),(1.,1.),(1.,1.),(1.,1.),(1.,
1.),(1.,1.),(1.,1.),(1.,1.),(1.,1.),(1.,1.),(1.,1.),(1.,1.),(1.,1.),(1.,
1.),(1.,1.),(1.,1.),(1.,1.),(1.,1.),(1.,1.),(1.,1.),(1.,1.),(1.,1.),(1.,
1.),(1.,1.),(1.,1.),(1.,1.),(1.,1.),(1.,1.),(1.,1.),(1.,1.),(1.,1.),(1.,
1.),(1.,1.),(1.,1.),(1.,1.),(1.,1.),(1.,1.),(1.,1.),(1.,1.),(1.,1.),(1.,
1.),(1.,1.),(1.,1.),(1.,1.),(1.,1.),(1.,1.),(1.,1.),(1.,1.),(1.,1.),(1.,
1.),(1.,1.),(1.,1.),(1.,1.),(1.,1.),(1.,1.),(1.,1.)))
REPRESENTATION_ITEM('')
SURFACE()
);
#31=(
BOUNDED_SURFACE()
B_SPLINE_SURFACE(5,1,((#9073,#9074),(#9075,#9076),(#9077,#9078),(#9079,
#9080),(#9081,#9082),(#9083,#9084),(#9085,#9086),(#9087,#9088),(#9089,#9090),
(#9091,#9092),(#9093,#9094),(#9095,#9096),(#9097,#9098),(#9099,#9100),(#9101,
#9102),(#9103,#9104),(#9105,#9106),(#9107,#9108),(#9109,#9110),(#9111,#9112),
(#9113,#9114),(#9115,#9116),(#9117,#9118),(#9119,#9120),(#9121,#9122),(#9123,
#9124),(#9125,#9126),(#9127,#9128),(#9129,#9130),(#9131,#9132),(#9133,#9134),
(#9135,#9136),(#9137,#9138),(#9139,#9140),(#9141,#9142),(#9143,#9144),(#9145,
#9146),(#9147,#9148),(#9149,#9150),(#9151,#9152),(#9153,#9154),(#9155,#9156),
(#9157,#9158),(#9159,#9160),(#9161,#9162),(#9163,#9164),(#9165,#9166),(#9167,
#9168),(#9169,#9170),(#9171,#9172),(#9173,#9174),(#9175,#9176),(#9177,#9178),
(#9179,#9180),(#9181,#9182),(#9183,#9184),(#9185,#9186),(#9187,#9188),(#9189,
#9190),(#9191,#9192),(#9193,#9194),(#9195,#9196),(#9197,#9198),(#9199,#9200),
(#9201,#9202),(#9203,#9204),(#9205,#9206),(#9207,#9208),(#9209,#9210),(#9211,
#9212),(#9213,#9214),(#9215,#9216),(#9217,#9218),(#9219,#9220),(#9221,#9222)),
 .UNSPECIFIED.,.F.,.F.,.F.)
B_SPLINE_SURFACE_WITH_KNOTS((6,1,1,1,1,1,1,1,1,1,1,1,1,1,1,1,1,1,1,1,1,
1,1,1,1,1,1,1,1,1,1,1,1,1,1,1,1,1,1,1,1,1,1,1,1,1,1,1,1,1,1,1,1,1,1,1,1,
1,1,1,1,1,1,1,1,1,1,1,1,1,6),(2,2),(-1.,-0.985714285714284,-0.97142857142857,
-0.957142857142856,-0.942857142857141,-0.928571428571427,-0.914285714285713,
-0.899999999999999,-0.885714285714284,-0.87142857142857,-0.857142857142856,
-0.842857142857142,-0.828571428571428,-0.814285714285713,-0.799999999999999,
-0.785714285714285,-0.771428571428571,-0.757142857142856,-0.742857142857142,
-0.728571428571428,-0.714285714285714,-0.699999999999999,-0.685714285714285,
-0.671428571428571,-0.657142857142857,-0.642857142857142,-0.628571428571428,
-0.614285714285714,-0.6,-0.585714285714286,-0.571428571428571,-0.557142857142857,
-0.542857142857143,-0.528571428571429,-0.514285714285714,-0.5,-0.485714285714286,
-0.471428571428572,-0.457142857142857,-0.442857142857143,-0.428571428571429,
-0.414285714285714,-0.4,-0.385714285714286,-0.371428571428571,-0.357142857142857,
-0.342857142857143,-0.328571428571429,-0.314285714285714,-0.3,-0.285714285714286,
-0.271428571428571,-0.257142857142857,-0.242857142857143,-0.228571428571429,
-0.214285714285714,-0.2,-0.185714285714286,-0.171428571428571,-0.157142857142857,
-0.142857142857143,-0.128571428571429,-0.114285714285714,-0.1,-0.0857142857142857,
-0.0714285714285714,-0.0571428571428571,-0.0428571428571429,-0.0285714285714286,
-0.0142857142857143,0.),(-0.05,0.55),.UNSPECIFIED.)
GEOMETRIC_REPRESENTATION_ITEM()
RATIONAL_B_SPLINE_SURFACE(((1.,1.),(1.,1.),(1.,1.),(1.,1.),(1.,1.),(1.,
1.),(1.,1.),(1.,1.),(1.,1.),(1.,1.),(1.,1.),(1.,1.),(1.,1.),(1.,1.),(1.,
1.),(1.,1.),(1.,1.),(1.,1.),(1.,1.),(1.,1.),(1.,1.),(1.,1.),(1.,1.),(1.,
1.),(1.,1.),(1.,1.),(1.,1.),(1.,1.),(1.,1.),(1.,1.),(1.,1.),(1.,1.),(1.,
1.),(1.,1.),(1.,1.),(1.,1.),(1.,1.),(1.,1.),(1.,1.),(1.,1.),(1.,1.),(1.,
1.),(1.,1.),(1.,1.),(1.,1.),(1.,1.),(1.,1.),(1.,1.),(1.,1.),(1.,1.),(1.,
1.),(1.,1.),(1.,1.),(1.,1.),(1.,1.),(1.,1.),(1.,1.),(1.,1.),(1.,1.),(1.,
1.),(1.,1.),(1.,1.),(1.,1.),(1.,1.),(1.,1.),(1.,1.),(1.,1.),(1.,1.),(1.,
1.),(1.,1.),(1.,1.),(1.,1.),(1.,1.),(1.,1.),(1.,1.)))
REPRESENTATION_ITEM('')
SURFACE()
);
#32=(
BOUNDED_SURFACE()
B_SPLINE_SURFACE(5,1,((#9223,#9224),(#9225,#9226),(#9227,#9228),(#9229,
#9230),(#9231,#9232),(#9233,#9234),(#9235,#9236),(#9237,#9238),(#9239,#9240),
(#9241,#9242),(#9243,#9244),(#9245,#9246),(#9247,#9248),(#9249,#9250),(#9251,
#9252),(#9253,#9254),(#9255,#9256),(#9257,#9258),(#9259,#9260),(#9261,#9262),
(#9263,#9264),(#9265,#9266),(#9267,#9268),(#9269,#9270),(#9271,#9272),(#9273,
#9274),(#9275,#9276),(#9277,#9278),(#9279,#9280),(#9281,#9282),(#9283,#9284),
(#9285,#9286),(#9287,#9288),(#9289,#9290),(#9291,#9292),(#9293,#9294),(#9295,
#9296),(#9297,#9298),(#9299,#9300),(#9301,#9302),(#9303,#9304),(#9305,#9306),
(#9307,#9308),(#9309,#9310),(#9311,#9312),(#9313,#9314),(#9315,#9316),(#9317,
#9318),(#9319,#9320),(#9321,#9322),(#9323,#9324),(#9325,#9326),(#9327,#9328),
(#9329,#9330),(#9331,#9332),(#9333,#9334),(#9335,#9336),(#9337,#9338),(#9339,
#9340),(#9341,#9342),(#9343,#9344),(#9345,#9346),(#9347,#9348),(#9349,#9350),
(#9351,#9352),(#9353,#9354),(#9355,#9356),(#9357,#9358),(#9359,#9360),(#9361,
#9362),(#9363,#9364),(#9365,#9366),(#9367,#9368),(#9369,#9370),(#9371,#9372)),
 .UNSPECIFIED.,.F.,.F.,.F.)
B_SPLINE_SURFACE_WITH_KNOTS((6,1,1,1,1,1,1,1,1,1,1,1,1,1,1,1,1,1,1,1,1,
1,1,1,1,1,1,1,1,1,1,1,1,1,1,1,1,1,1,1,1,1,1,1,1,1,1,1,1,1,1,1,1,1,1,1,1,
1,1,1,1,1,1,1,1,1,1,1,1,1,6),(2,2),(0.,0.0142857142857143,0.0285714285714286,
0.0428571428571429,0.0571428571428571,0.0714285714285714,0.0857142857142857,
0.1,0.114285714285714,0.128571428571429,0.142857142857143,0.157142857142857,
0.171428571428571,0.185714285714286,0.2,0.214285714285714,0.228571428571429,
0.242857142857143,0.257142857142857,0.271428571428571,0.285714285714286,
0.3,0.314285714285714,0.328571428571429,0.342857142857143,0.357142857142857,
0.371428571428571,0.385714285714286,0.4,0.414285714285714,0.428571428571429,
0.442857142857143,0.457142857142857,0.471428571428572,0.485714285714286,
0.5,0.514285714285714,0.528571428571429,0.542857142857143,0.557142857142857,
0.571428571428571,0.585714285714286,0.6,0.614285714285714,0.628571428571428,
0.642857142857142,0.657142857142857,0.671428571428571,0.685714285714285,
0.699999999999999,0.714285714285714,0.728571428571428,0.742857142857142,
0.757142857142856,0.771428571428571,0.785714285714285,0.799999999999999,
0.814285714285713,0.828571428571428,0.842857142857142,0.857142857142856,
0.87142857142857,0.885714285714284,0.899999999999999,0.914285714285713,
0.928571428571427,0.942857142857141,0.957142857142856,0.97142857142857,
0.985714285714284,1.),(-0.05,0.55),.UNSPECIFIED.)
GEOMETRIC_REPRESENTATION_ITEM()
RATIONAL_B_SPLINE_SURFACE(((1.,1.),(1.,1.),(1.,1.),(1.,1.),(1.,1.),(1.,
1.),(1.,1.),(1.,1.),(1.,1.),(1.,1.),(1.,1.),(1.,1.),(1.,1.),(1.,1.),(1.,
1.),(1.,1.),(1.,1.),(1.,1.),(1.,1.),(1.,1.),(1.,1.),(1.,1.),(1.,1.),(1.,
1.),(1.,1.),(1.,1.),(1.,1.),(1.,1.),(1.,1.),(1.,1.),(1.,1.),(1.,1.),(1.,
1.),(1.,1.),(1.,1.),(1.,1.),(1.,1.),(1.,1.),(1.,1.),(1.,1.),(1.,1.),(1.,
1.),(1.,1.),(1.,1.),(1.,1.),(1.,1.),(1.,1.),(1.,1.),(1.,1.),(1.,1.),(1.,
1.),(1.,1.),(1.,1.),(1.,1.),(1.,1.),(1.,1.),(1.,1.),(1.,1.),(1.,1.),(1.,
1.),(1.,1.),(1.,1.),(1.,1.),(1.,1.),(1.,1.),(1.,1.),(1.,1.),(1.,1.),(1.,
1.),(1.,1.),(1.,1.),(1.,1.),(1.,1.),(1.,1.),(1.,1.)))
REPRESENTATION_ITEM('')
SURFACE()
);
#33=(
BOUNDED_SURFACE()
B_SPLINE_SURFACE(5,1,((#9373,#9374),(#9375,#9376),(#9377,#9378),(#9379,
#9380),(#9381,#9382),(#9383,#9384),(#9385,#9386),(#9387,#9388),(#9389,#9390),
(#9391,#9392),(#9393,#9394),(#9395,#9396),(#9397,#9398),(#9399,#9400),(#9401,
#9402),(#9403,#9404),(#9405,#9406),(#9407,#9408),(#9409,#9410),(#9411,#9412),
(#9413,#9414),(#9415,#9416),(#9417,#9418),(#9419,#9420),(#9421,#9422),(#9423,
#9424),(#9425,#9426),(#9427,#9428),(#9429,#9430),(#9431,#9432),(#9433,#9434),
(#9435,#9436),(#9437,#9438),(#9439,#9440),(#9441,#9442),(#9443,#9444),(#9445,
#9446),(#9447,#9448),(#9449,#9450),(#9451,#9452),(#9453,#9454),(#9455,#9456),
(#9457,#9458),(#9459,#9460),(#9461,#9462),(#9463,#9464),(#9465,#9466),(#9467,
#9468),(#9469,#9470),(#9471,#9472),(#9473,#9474),(#9475,#9476),(#9477,#9478),
(#9479,#9480),(#9481,#9482),(#9483,#9484),(#9485,#9486),(#9487,#9488),(#9489,
#9490),(#9491,#9492),(#9493,#9494),(#9495,#9496),(#9497,#9498),(#9499,#9500),
(#9501,#9502),(#9503,#9504),(#9505,#9506),(#9507,#9508),(#9509,#9510),(#9511,
#9512),(#9513,#9514),(#9515,#9516),(#9517,#9518),(#9519,#9520),(#9521,#9522)),
 .UNSPECIFIED.,.F.,.F.,.F.)
B_SPLINE_SURFACE_WITH_KNOTS((6,1,1,1,1,1,1,1,1,1,1,1,1,1,1,1,1,1,1,1,1,
1,1,1,1,1,1,1,1,1,1,1,1,1,1,1,1,1,1,1,1,1,1,1,1,1,1,1,1,1,1,1,1,1,1,1,1,
1,1,1,1,1,1,1,1,1,1,1,1,1,6),(2,2),(-1.,-0.985714285714284,-0.97142857142857,
-0.957142857142856,-0.942857142857141,-0.928571428571427,-0.914285714285713,
-0.899999999999999,-0.885714285714284,-0.87142857142857,-0.857142857142856,
-0.842857142857142,-0.828571428571428,-0.814285714285713,-0.799999999999999,
-0.785714285714285,-0.771428571428571,-0.757142857142856,-0.742857142857142,
-0.728571428571428,-0.714285714285714,-0.699999999999999,-0.685714285714285,
-0.671428571428571,-0.657142857142857,-0.642857142857142,-0.628571428571428,
-0.614285714285714,-0.6,-0.585714285714286,-0.571428571428571,-0.557142857142857,
-0.542857142857143,-0.528571428571429,-0.514285714285714,-0.5,-0.485714285714286,
-0.471428571428572,-0.457142857142857,-0.442857142857143,-0.428571428571429,
-0.414285714285714,-0.4,-0.385714285714286,-0.371428571428571,-0.357142857142857,
-0.342857142857143,-0.328571428571429,-0.314285714285714,-0.3,-0.285714285714286,
-0.271428571428571,-0.257142857142857,-0.242857142857143,-0.228571428571429,
-0.214285714285714,-0.2,-0.185714285714286,-0.171428571428571,-0.157142857142857,
-0.142857142857143,-0.128571428571429,-0.114285714285714,-0.1,-0.0857142857142857,
-0.0714285714285714,-0.0571428571428571,-0.0428571428571429,-0.0285714285714286,
-0.0142857142857143,0.),(-0.05,0.55),.UNSPECIFIED.)
GEOMETRIC_REPRESENTATION_ITEM()
RATIONAL_B_SPLINE_SURFACE(((1.,1.),(1.,1.),(1.,1.),(1.,1.),(1.,1.),(1.,
1.),(1.,1.),(1.,1.),(1.,1.),(1.,1.),(1.,1.),(1.,1.),(1.,1.),(1.,1.),(1.,
1.),(1.,1.),(1.,1.),(1.,1.),(1.,1.),(1.,1.),(1.,1.),(1.,1.),(1.,1.),(1.,
1.),(1.,1.),(1.,1.),(1.,1.),(1.,1.),(1.,1.),(1.,1.),(1.,1.),(1.,1.),(1.,
1.),(1.,1.),(1.,1.),(1.,1.),(1.,1.),(1.,1.),(1.,1.),(1.,1.),(1.,1.),(1.,
1.),(1.,1.),(1.,1.),(1.,1.),(1.,1.),(1.,1.),(1.,1.),(1.,1.),(1.,1.),(1.,
1.),(1.,1.),(1.,1.),(1.,1.),(1.,1.),(1.,1.),(1.,1.),(1.,1.),(1.,1.),(1.,
1.),(1.,1.),(1.,1.),(1.,1.),(1.,1.),(1.,1.),(1.,1.),(1.,1.),(1.,1.),(1.,
1.),(1.,1.),(1.,1.),(1.,1.),(1.,1.),(1.,1.),(1.,1.)))
REPRESENTATION_ITEM('')
SURFACE()
);
#34=(
BOUNDED_SURFACE()
B_SPLINE_SURFACE(5,1,((#9523,#9524),(#9525,#9526),(#9527,#9528),(#9529,
#9530),(#9531,#9532),(#9533,#9534),(#9535,#9536),(#9537,#9538),(#9539,#9540),
(#9541,#9542),(#9543,#9544),(#9545,#9546),(#9547,#9548),(#9549,#9550),(#9551,
#9552),(#9553,#9554),(#9555,#9556),(#9557,#9558),(#9559,#9560),(#9561,#9562),
(#9563,#9564),(#9565,#9566),(#9567,#9568),(#9569,#9570),(#9571,#9572),(#9573,
#9574),(#9575,#9576),(#9577,#9578),(#9579,#9580),(#9581,#9582),(#9583,#9584),
(#9585,#9586),(#9587,#9588),(#9589,#9590),(#9591,#9592),(#9593,#9594),(#9595,
#9596),(#9597,#9598),(#9599,#9600),(#9601,#9602),(#9603,#9604),(#9605,#9606),
(#9607,#9608),(#9609,#9610),(#9611,#9612),(#9613,#9614),(#9615,#9616),(#9617,
#9618),(#9619,#9620),(#9621,#9622),(#9623,#9624),(#9625,#9626),(#9627,#9628),
(#9629,#9630),(#9631,#9632),(#9633,#9634),(#9635,#9636),(#9637,#9638),(#9639,
#9640),(#9641,#9642),(#9643,#9644),(#9645,#9646),(#9647,#9648),(#9649,#9650),
(#9651,#9652),(#9653,#9654),(#9655,#9656),(#9657,#9658),(#9659,#9660),(#9661,
#9662),(#9663,#9664),(#9665,#9666),(#9667,#9668),(#9669,#9670),(#9671,#9672)),
 .UNSPECIFIED.,.F.,.F.,.F.)
B_SPLINE_SURFACE_WITH_KNOTS((6,1,1,1,1,1,1,1,1,1,1,1,1,1,1,1,1,1,1,1,1,
1,1,1,1,1,1,1,1,1,1,1,1,1,1,1,1,1,1,1,1,1,1,1,1,1,1,1,1,1,1,1,1,1,1,1,1,
1,1,1,1,1,1,1,1,1,1,1,1,1,6),(2,2),(0.,0.0142857142857143,0.0285714285714286,
0.0428571428571429,0.0571428571428571,0.0714285714285714,0.0857142857142857,
0.1,0.114285714285714,0.128571428571429,0.142857142857143,0.157142857142857,
0.171428571428571,0.185714285714286,0.2,0.214285714285714,0.228571428571429,
0.242857142857143,0.257142857142857,0.271428571428571,0.285714285714286,
0.3,0.314285714285714,0.328571428571429,0.342857142857143,0.357142857142857,
0.371428571428571,0.385714285714286,0.4,0.414285714285714,0.428571428571429,
0.442857142857143,0.457142857142857,0.471428571428572,0.485714285714286,
0.5,0.514285714285714,0.528571428571429,0.542857142857143,0.557142857142857,
0.571428571428571,0.585714285714286,0.6,0.614285714285714,0.628571428571428,
0.642857142857142,0.657142857142857,0.671428571428571,0.685714285714285,
0.699999999999999,0.714285714285714,0.728571428571428,0.742857142857142,
0.757142857142856,0.771428571428571,0.785714285714285,0.799999999999999,
0.814285714285713,0.828571428571428,0.842857142857142,0.857142857142856,
0.87142857142857,0.885714285714284,0.899999999999999,0.914285714285713,
0.928571428571427,0.942857142857141,0.957142857142856,0.97142857142857,
0.985714285714284,1.),(-0.05,0.55),.UNSPECIFIED.)
GEOMETRIC_REPRESENTATION_ITEM()
RATIONAL_B_SPLINE_SURFACE(((1.,1.),(1.,1.),(1.,1.),(1.,1.),(1.,1.),(1.,
1.),(1.,1.),(1.,1.),(1.,1.),(1.,1.),(1.,1.),(1.,1.),(1.,1.),(1.,1.),(1.,
1.),(1.,1.),(1.,1.),(1.,1.),(1.,1.),(1.,1.),(1.,1.),(1.,1.),(1.,1.),(1.,
1.),(1.,1.),(1.,1.),(1.,1.),(1.,1.),(1.,1.),(1.,1.),(1.,1.),(1.,1.),(1.,
1.),(1.,1.),(1.,1.),(1.,1.),(1.,1.),(1.,1.),(1.,1.),(1.,1.),(1.,1.),(1.,
1.),(1.,1.),(1.,1.),(1.,1.),(1.,1.),(1.,1.),(1.,1.),(1.,1.),(1.,1.),(1.,
1.),(1.,1.),(1.,1.),(1.,1.),(1.,1.),(1.,1.),(1.,1.),(1.,1.),(1.,1.),(1.,
1.),(1.,1.),(1.,1.),(1.,1.),(1.,1.),(1.,1.),(1.,1.),(1.,1.),(1.,1.),(1.,
1.),(1.,1.),(1.,1.),(1.,1.),(1.,1.),(1.,1.),(1.,1.)))
REPRESENTATION_ITEM('')
SURFACE()
);
#35=(
BOUNDED_SURFACE()
B_SPLINE_SURFACE(5,1,((#9673,#9674),(#9675,#9676),(#9677,#9678),(#9679,
#9680),(#9681,#9682),(#9683,#9684),(#9685,#9686),(#9687,#9688),(#9689,#9690),
(#9691,#9692),(#9693,#9694),(#9695,#9696),(#9697,#9698),(#9699,#9700),(#9701,
#9702),(#9703,#9704),(#9705,#9706),(#9707,#9708),(#9709,#9710),(#9711,#9712),
(#9713,#9714),(#9715,#9716),(#9717,#9718),(#9719,#9720),(#9721,#9722),(#9723,
#9724),(#9725,#9726),(#9727,#9728),(#9729,#9730),(#9731,#9732),(#9733,#9734),
(#9735,#9736),(#9737,#9738),(#9739,#9740),(#9741,#9742),(#9743,#9744),(#9745,
#9746),(#9747,#9748),(#9749,#9750),(#9751,#9752),(#9753,#9754),(#9755,#9756),
(#9757,#9758),(#9759,#9760),(#9761,#9762),(#9763,#9764),(#9765,#9766),(#9767,
#9768),(#9769,#9770),(#9771,#9772),(#9773,#9774),(#9775,#9776),(#9777,#9778),
(#9779,#9780),(#9781,#9782),(#9783,#9784),(#9785,#9786),(#9787,#9788),(#9789,
#9790),(#9791,#9792),(#9793,#9794),(#9795,#9796),(#9797,#9798),(#9799,#9800),
(#9801,#9802),(#9803,#9804),(#9805,#9806),(#9807,#9808),(#9809,#9810),(#9811,
#9812),(#9813,#9814),(#9815,#9816),(#9817,#9818),(#9819,#9820),(#9821,#9822)),
 .UNSPECIFIED.,.F.,.F.,.F.)
B_SPLINE_SURFACE_WITH_KNOTS((6,1,1,1,1,1,1,1,1,1,1,1,1,1,1,1,1,1,1,1,1,
1,1,1,1,1,1,1,1,1,1,1,1,1,1,1,1,1,1,1,1,1,1,1,1,1,1,1,1,1,1,1,1,1,1,1,1,
1,1,1,1,1,1,1,1,1,1,1,1,1,6),(2,2),(-1.,-0.985714285714284,-0.97142857142857,
-0.957142857142856,-0.942857142857141,-0.928571428571427,-0.914285714285713,
-0.899999999999999,-0.885714285714284,-0.87142857142857,-0.857142857142856,
-0.842857142857142,-0.828571428571428,-0.814285714285713,-0.799999999999999,
-0.785714285714285,-0.771428571428571,-0.757142857142856,-0.742857142857142,
-0.728571428571428,-0.714285714285714,-0.699999999999999,-0.685714285714285,
-0.671428571428571,-0.657142857142857,-0.642857142857142,-0.628571428571428,
-0.614285714285714,-0.6,-0.585714285714286,-0.571428571428571,-0.557142857142857,
-0.542857142857143,-0.528571428571429,-0.514285714285714,-0.5,-0.485714285714286,
-0.471428571428572,-0.457142857142857,-0.442857142857143,-0.428571428571429,
-0.414285714285714,-0.4,-0.385714285714286,-0.371428571428571,-0.357142857142857,
-0.342857142857143,-0.328571428571429,-0.314285714285714,-0.3,-0.285714285714286,
-0.271428571428571,-0.257142857142857,-0.242857142857143,-0.228571428571429,
-0.214285714285714,-0.2,-0.185714285714286,-0.171428571428571,-0.157142857142857,
-0.142857142857143,-0.128571428571429,-0.114285714285714,-0.1,-0.0857142857142857,
-0.0714285714285714,-0.0571428571428571,-0.0428571428571429,-0.0285714285714286,
-0.0142857142857143,0.),(-0.05,0.55),.UNSPECIFIED.)
GEOMETRIC_REPRESENTATION_ITEM()
RATIONAL_B_SPLINE_SURFACE(((1.,1.),(1.,1.),(1.,1.),(1.,1.),(1.,1.),(1.,
1.),(1.,1.),(1.,1.),(1.,1.),(1.,1.),(1.,1.),(1.,1.),(1.,1.),(1.,1.),(1.,
1.),(1.,1.),(1.,1.),(1.,1.),(1.,1.),(1.,1.),(1.,1.),(1.,1.),(1.,1.),(1.,
1.),(1.,1.),(1.,1.),(1.,1.),(1.,1.),(1.,1.),(1.,1.),(1.,1.),(1.,1.),(1.,
1.),(1.,1.),(1.,1.),(1.,1.),(1.,1.),(1.,1.),(1.,1.),(1.,1.),(1.,1.),(1.,
1.),(1.,1.),(1.,1.),(1.,1.),(1.,1.),(1.,1.),(1.,1.),(1.,1.),(1.,1.),(1.,
1.),(1.,1.),(1.,1.),(1.,1.),(1.,1.),(1.,1.),(1.,1.),(1.,1.),(1.,1.),(1.,
1.),(1.,1.),(1.,1.),(1.,1.),(1.,1.),(1.,1.),(1.,1.),(1.,1.),(1.,1.),(1.,
1.),(1.,1.),(1.,1.),(1.,1.),(1.,1.),(1.,1.),(1.,1.)))
REPRESENTATION_ITEM('')
SURFACE()
);
#36=(
BOUNDED_SURFACE()
B_SPLINE_SURFACE(5,1,((#9823,#9824),(#9825,#9826),(#9827,#9828),(#9829,
#9830),(#9831,#9832),(#9833,#9834),(#9835,#9836),(#9837,#9838),(#9839,#9840),
(#9841,#9842),(#9843,#9844),(#9845,#9846),(#9847,#9848),(#9849,#9850),(#9851,
#9852),(#9853,#9854),(#9855,#9856),(#9857,#9858),(#9859,#9860),(#9861,#9862),
(#9863,#9864),(#9865,#9866),(#9867,#9868),(#9869,#9870),(#9871,#9872),(#9873,
#9874),(#9875,#9876),(#9877,#9878),(#9879,#9880),(#9881,#9882),(#9883,#9884),
(#9885,#9886),(#9887,#9888),(#9889,#9890),(#9891,#9892),(#9893,#9894),(#9895,
#9896),(#9897,#9898),(#9899,#9900),(#9901,#9902),(#9903,#9904),(#9905,#9906),
(#9907,#9908),(#9909,#9910),(#9911,#9912),(#9913,#9914),(#9915,#9916),(#9917,
#9918),(#9919,#9920),(#9921,#9922),(#9923,#9924),(#9925,#9926),(#9927,#9928),
(#9929,#9930),(#9931,#9932),(#9933,#9934),(#9935,#9936),(#9937,#9938),(#9939,
#9940),(#9941,#9942),(#9943,#9944),(#9945,#9946),(#9947,#9948),(#9949,#9950),
(#9951,#9952),(#9953,#9954),(#9955,#9956),(#9957,#9958),(#9959,#9960),(#9961,
#9962),(#9963,#9964),(#9965,#9966),(#9967,#9968),(#9969,#9970),(#9971,#9972)),
 .UNSPECIFIED.,.F.,.F.,.F.)
B_SPLINE_SURFACE_WITH_KNOTS((6,1,1,1,1,1,1,1,1,1,1,1,1,1,1,1,1,1,1,1,1,
1,1,1,1,1,1,1,1,1,1,1,1,1,1,1,1,1,1,1,1,1,1,1,1,1,1,1,1,1,1,1,1,1,1,1,1,
1,1,1,1,1,1,1,1,1,1,1,1,1,6),(2,2),(0.,0.0142857142857143,0.0285714285714286,
0.0428571428571429,0.0571428571428571,0.0714285714285714,0.0857142857142857,
0.1,0.114285714285714,0.128571428571429,0.142857142857143,0.157142857142857,
0.171428571428571,0.185714285714286,0.2,0.214285714285714,0.228571428571429,
0.242857142857143,0.257142857142857,0.271428571428571,0.285714285714286,
0.3,0.314285714285714,0.328571428571429,0.342857142857143,0.357142857142857,
0.371428571428571,0.385714285714286,0.4,0.414285714285714,0.428571428571429,
0.442857142857143,0.457142857142857,0.471428571428572,0.485714285714286,
0.5,0.514285714285714,0.528571428571429,0.542857142857143,0.557142857142857,
0.571428571428571,0.585714285714286,0.6,0.614285714285714,0.628571428571428,
0.642857142857142,0.657142857142857,0.671428571428571,0.685714285714285,
0.699999999999999,0.714285714285714,0.728571428571428,0.742857142857142,
0.757142857142856,0.771428571428571,0.785714285714285,0.799999999999999,
0.814285714285713,0.828571428571428,0.842857142857142,0.857142857142856,
0.87142857142857,0.885714285714284,0.899999999999999,0.914285714285713,
0.928571428571427,0.942857142857141,0.957142857142856,0.97142857142857,
0.985714285714284,1.),(-0.05,0.55),.UNSPECIFIED.)
GEOMETRIC_REPRESENTATION_ITEM()
RATIONAL_B_SPLINE_SURFACE(((1.,1.),(1.,1.),(1.,1.),(1.,1.),(1.,1.),(1.,
1.),(1.,1.),(1.,1.),(1.,1.),(1.,1.),(1.,1.),(1.,1.),(1.,1.),(1.,1.),(1.,
1.),(1.,1.),(1.,1.),(1.,1.),(1.,1.),(1.,1.),(1.,1.),(1.,1.),(1.,1.),(1.,
1.),(1.,1.),(1.,1.),(1.,1.),(1.,1.),(1.,1.),(1.,1.),(1.,1.),(1.,1.),(1.,
1.),(1.,1.),(1.,1.),(1.,1.),(1.,1.),(1.,1.),(1.,1.),(1.,1.),(1.,1.),(1.,
1.),(1.,1.),(1.,1.),(1.,1.),(1.,1.),(1.,1.),(1.,1.),(1.,1.),(1.,1.),(1.,
1.),(1.,1.),(1.,1.),(1.,1.),(1.,1.),(1.,1.),(1.,1.),(1.,1.),(1.,1.),(1.,
1.),(1.,1.),(1.,1.),(1.,1.),(1.,1.),(1.,1.),(1.,1.),(1.,1.),(1.,1.),(1.,
1.),(1.,1.),(1.,1.),(1.,1.),(1.,1.),(1.,1.),(1.,1.)))
REPRESENTATION_ITEM('')
SURFACE()
);
#37=(
BOUNDED_SURFACE()
B_SPLINE_SURFACE(5,1,((#9973,#9974),(#9975,#9976),(#9977,#9978),(#9979,
#9980),(#9981,#9982),(#9983,#9984),(#9985,#9986),(#9987,#9988),(#9989,#9990),
(#9991,#9992),(#9993,#9994),(#9995,#9996),(#9997,#9998),(#9999,#10000),
(#10001,#10002),(#10003,#10004),(#10005,#10006),(#10007,#10008),(#10009,
#10010),(#10011,#10012),(#10013,#10014),(#10015,#10016),(#10017,#10018),
(#10019,#10020),(#10021,#10022),(#10023,#10024),(#10025,#10026),(#10027,
#10028),(#10029,#10030),(#10031,#10032),(#10033,#10034),(#10035,#10036),
(#10037,#10038),(#10039,#10040),(#10041,#10042),(#10043,#10044),(#10045,
#10046),(#10047,#10048),(#10049,#10050),(#10051,#10052),(#10053,#10054),
(#10055,#10056),(#10057,#10058),(#10059,#10060),(#10061,#10062),(#10063,
#10064),(#10065,#10066),(#10067,#10068),(#10069,#10070),(#10071,#10072),
(#10073,#10074),(#10075,#10076),(#10077,#10078),(#10079,#10080),(#10081,
#10082),(#10083,#10084),(#10085,#10086),(#10087,#10088),(#10089,#10090),
(#10091,#10092),(#10093,#10094),(#10095,#10096),(#10097,#10098),(#10099,
#10100),(#10101,#10102),(#10103,#10104),(#10105,#10106),(#10107,#10108),
(#10109,#10110),(#10111,#10112),(#10113,#10114),(#10115,#10116),(#10117,
#10118),(#10119,#10120),(#10121,#10122)),.UNSPECIFIED.,.F.,.F.,.F.)
B_SPLINE_SURFACE_WITH_KNOTS((6,1,1,1,1,1,1,1,1,1,1,1,1,1,1,1,1,1,1,1,1,
1,1,1,1,1,1,1,1,1,1,1,1,1,1,1,1,1,1,1,1,1,1,1,1,1,1,1,1,1,1,1,1,1,1,1,1,
1,1,1,1,1,1,1,1,1,1,1,1,1,6),(2,2),(-1.,-0.985714285714284,-0.97142857142857,
-0.957142857142856,-0.942857142857141,-0.928571428571427,-0.914285714285713,
-0.899999999999999,-0.885714285714284,-0.87142857142857,-0.857142857142856,
-0.842857142857142,-0.828571428571428,-0.814285714285713,-0.799999999999999,
-0.785714285714285,-0.771428571428571,-0.757142857142856,-0.742857142857142,
-0.728571428571428,-0.714285714285714,-0.699999999999999,-0.685714285714285,
-0.671428571428571,-0.657142857142857,-0.642857142857142,-0.628571428571428,
-0.614285714285714,-0.6,-0.585714285714286,-0.571428571428571,-0.557142857142857,
-0.542857142857143,-0.528571428571429,-0.514285714285714,-0.5,-0.485714285714286,
-0.471428571428572,-0.457142857142857,-0.442857142857143,-0.428571428571429,
-0.414285714285714,-0.4,-0.385714285714286,-0.371428571428571,-0.357142857142857,
-0.342857142857143,-0.328571428571429,-0.314285714285714,-0.3,-0.285714285714286,
-0.271428571428571,-0.257142857142857,-0.242857142857143,-0.228571428571429,
-0.214285714285714,-0.2,-0.185714285714286,-0.171428571428571,-0.157142857142857,
-0.142857142857143,-0.128571428571429,-0.114285714285714,-0.1,-0.0857142857142857,
-0.0714285714285714,-0.0571428571428571,-0.0428571428571429,-0.0285714285714286,
-0.0142857142857143,0.),(-0.05,0.55),.UNSPECIFIED.)
GEOMETRIC_REPRESENTATION_ITEM()
RATIONAL_B_SPLINE_SURFACE(((1.,1.),(1.,1.),(1.,1.),(1.,1.),(1.,1.),(1.,
1.),(1.,1.),(1.,1.),(1.,1.),(1.,1.),(1.,1.),(1.,1.),(1.,1.),(1.,1.),(1.,
1.),(1.,1.),(1.,1.),(1.,1.),(1.,1.),(1.,1.),(1.,1.),(1.,1.),(1.,1.),(1.,
1.),(1.,1.),(1.,1.),(1.,1.),(1.,1.),(1.,1.),(1.,1.),(1.,1.),(1.,1.),(1.,
1.),(1.,1.),(1.,1.),(1.,1.),(1.,1.),(1.,1.),(1.,1.),(1.,1.),(1.,1.),(1.,
1.),(1.,1.),(1.,1.),(1.,1.),(1.,1.),(1.,1.),(1.,1.),(1.,1.),(1.,1.),(1.,
1.),(1.,1.),(1.,1.),(1.,1.),(1.,1.),(1.,1.),(1.,1.),(1.,1.),(1.,1.),(1.,
1.),(1.,1.),(1.,1.),(1.,1.),(1.,1.),(1.,1.),(1.,1.),(1.,1.),(1.,1.),(1.,
1.),(1.,1.),(1.,1.),(1.,1.),(1.,1.),(1.,1.),(1.,1.)))
REPRESENTATION_ITEM('')
SURFACE()
);
#38=(
BOUNDED_SURFACE()
B_SPLINE_SURFACE(5,1,((#10123,#10124),(#10125,#10126),(#10127,#10128),(#10129,
#10130),(#10131,#10132),(#10133,#10134),(#10135,#10136),(#10137,#10138),
(#10139,#10140),(#10141,#10142),(#10143,#10144),(#10145,#10146),(#10147,
#10148),(#10149,#10150),(#10151,#10152),(#10153,#10154),(#10155,#10156),
(#10157,#10158),(#10159,#10160),(#10161,#10162),(#10163,#10164),(#10165,
#10166),(#10167,#10168),(#10169,#10170),(#10171,#10172),(#10173,#10174),
(#10175,#10176),(#10177,#10178),(#10179,#10180),(#10181,#10182),(#10183,
#10184),(#10185,#10186),(#10187,#10188),(#10189,#10190),(#10191,#10192),
(#10193,#10194),(#10195,#10196),(#10197,#10198),(#10199,#10200),(#10201,
#10202),(#10203,#10204),(#10205,#10206),(#10207,#10208),(#10209,#10210),
(#10211,#10212),(#10213,#10214),(#10215,#10216),(#10217,#10218),(#10219,
#10220),(#10221,#10222),(#10223,#10224),(#10225,#10226),(#10227,#10228),
(#10229,#10230),(#10231,#10232),(#10233,#10234),(#10235,#10236),(#10237,
#10238),(#10239,#10240),(#10241,#10242),(#10243,#10244),(#10245,#10246),
(#10247,#10248),(#10249,#10250),(#10251,#10252),(#10253,#10254),(#10255,
#10256),(#10257,#10258),(#10259,#10260),(#10261,#10262),(#10263,#10264),
(#10265,#10266),(#10267,#10268),(#10269,#10270),(#10271,#10272)),
 .UNSPECIFIED.,.F.,.F.,.F.)
B_SPLINE_SURFACE_WITH_KNOTS((6,1,1,1,1,1,1,1,1,1,1,1,1,1,1,1,1,1,1,1,1,
1,1,1,1,1,1,1,1,1,1,1,1,1,1,1,1,1,1,1,1,1,1,1,1,1,1,1,1,1,1,1,1,1,1,1,1,
1,1,1,1,1,1,1,1,1,1,1,1,1,6),(2,2),(0.,0.0142857142857143,0.0285714285714286,
0.0428571428571429,0.0571428571428571,0.0714285714285714,0.0857142857142857,
0.1,0.114285714285714,0.128571428571429,0.142857142857143,0.157142857142857,
0.171428571428571,0.185714285714286,0.2,0.214285714285714,0.228571428571429,
0.242857142857143,0.257142857142857,0.271428571428571,0.285714285714286,
0.3,0.314285714285714,0.328571428571429,0.342857142857143,0.357142857142857,
0.371428571428571,0.385714285714286,0.4,0.414285714285714,0.428571428571429,
0.442857142857143,0.457142857142857,0.471428571428572,0.485714285714286,
0.5,0.514285714285714,0.528571428571429,0.542857142857143,0.557142857142857,
0.571428571428571,0.585714285714286,0.6,0.614285714285714,0.628571428571428,
0.642857142857142,0.657142857142857,0.671428571428571,0.685714285714285,
0.699999999999999,0.714285714285714,0.728571428571428,0.742857142857142,
0.757142857142856,0.771428571428571,0.785714285714285,0.799999999999999,
0.814285714285713,0.828571428571428,0.842857142857142,0.857142857142856,
0.87142857142857,0.885714285714284,0.899999999999999,0.914285714285713,
0.928571428571427,0.942857142857141,0.957142857142856,0.97142857142857,
0.985714285714284,1.),(-0.05,0.55),.UNSPECIFIED.)
GEOMETRIC_REPRESENTATION_ITEM()
RATIONAL_B_SPLINE_SURFACE(((1.,1.),(1.,1.),(1.,1.),(1.,1.),(1.,1.),(1.,
1.),(1.,1.),(1.,1.),(1.,1.),(1.,1.),(1.,1.),(1.,1.),(1.,1.),(1.,1.),(1.,
1.),(1.,1.),(1.,1.),(1.,1.),(1.,1.),(1.,1.),(1.,1.),(1.,1.),(1.,1.),(1.,
1.),(1.,1.),(1.,1.),(1.,1.),(1.,1.),(1.,1.),(1.,1.),(1.,1.),(1.,1.),(1.,
1.),(1.,1.),(1.,1.),(1.,1.),(1.,1.),(1.,1.),(1.,1.),(1.,1.),(1.,1.),(1.,
1.),(1.,1.),(1.,1.),(1.,1.),(1.,1.),(1.,1.),(1.,1.),(1.,1.),(1.,1.),(1.,
1.),(1.,1.),(1.,1.),(1.,1.),(1.,1.),(1.,1.),(1.,1.),(1.,1.),(1.,1.),(1.,
1.),(1.,1.),(1.,1.),(1.,1.),(1.,1.),(1.,1.),(1.,1.),(1.,1.),(1.,1.),(1.,
1.),(1.,1.),(1.,1.),(1.,1.),(1.,1.),(1.,1.),(1.,1.)))
REPRESENTATION_ITEM('')
SURFACE()
);
#39=FACE_BOUND('',#261,.T.);
#40=FACE_BOUND('',#306,.T.);
#41=FACE_BOUND('',#308,.T.);
#42=B_SPLINE_CURVE_WITH_KNOTS('',3,(#4884,#4885,#4886,#4887,#4888,#4889,
#4890,#4891,#4892,#4893,#4894,#4895,#4896,#4897,#4898,#4899,#4900,#4901,
#4902,#4903,#4904,#4905,#4906,#4907,#4908,#4909,#4910,#4911,#4912,#4913,
#4914,#4915,#4916,#4917,#4918,#4919,#4920,#4921,#4922,#4923,#4924,#4925,
#4926,#4927,#4928,#4929,#4930,#4931,#4932,#4933,#4934,#4935,#4936,#4937,
#4938,#4939,#4940,#4941,#4942,#4943,#4944),.UNSPECIFIED.,.F.,.F.,(4,3,3,
3,3,3,3,3,3,3,3,3,3,3,3,3,3,3,3,3,4),(-0.0359093890635766,-0.0325881724442102,
-0.0276745071464584,-0.0231732537636975,-0.0193422658730961,-0.0168031628460214,
-0.0146372801672095,-0.0128076201463083,-0.0112033928096359,-0.00989003075763242,
-0.00865377691292837,-0.00757134526948526,-0.00605108825108158,-0.00519734371402579,
-0.00423402329877912,-0.00341738466516565,-0.00274225315582782,-0.00208690302848336,
-0.00104345151424168,-0.000415384253597484,0.),.UNSPECIFIED.);
#43=B_SPLINE_CURVE_WITH_KNOTS('',3,(#4948,#4949,#4950,#4951,#4952,#4953,
#4954,#4955,#4956,#4957,#4958,#4959,#4960,#4961,#4962,#4963,#4964,#4965,
#4966,#4967,#4968,#4969,#4970,#4971,#4972,#4973,#4974,#4975,#4976,#4977,
#4978,#4979,#4980,#4981,#4982,#4983,#4984,#4985,#4986,#4987,#4988,#4989,
#4990,#4991,#4992,#4993,#4994,#4995,#4996,#4997,#4998,#4999,#5000,#5001,
#5002,#5003,#5004,#5005,#5006,#5007,#5008),.UNSPECIFIED.,.F.,.F.,(4,3,3,
3,3,3,3,3,3,3,3,3,3,3,3,3,3,3,3,3,4),(-0.203017046723178,-0.199630198125319,
-0.195425016865862,-0.190919781334699,-0.187244162638453,-0.183151580833931,
-0.177586286828203,-0.172812432427166,-0.167427605908978,-0.160892053065267,
-0.154962210432622,-0.145277072280584,-0.136920291075114,-0.127757226934889,
-0.113353088379441,-0.0976596034061786,-0.0767072984488285,-0.0492662540807738,
-0.0246331270403869,-0.00593064869988523,0.),.UNSPECIFIED.);
#44=B_SPLINE_CURVE_WITH_KNOTS('',3,(#5020,#5021,#5022,#5023,#5024,#5025,
#5026,#5027,#5028,#5029,#5030,#5031,#5032,#5033,#5034,#5035,#5036,#5037,
#5038,#5039,#5040,#5041,#5042,#5043,#5044,#5045,#5046,#5047,#5048,#5049,
#5050,#5051,#5052,#5053,#5054,#5055,#5056,#5057,#5058,#5059,#5060,#5061,
#5062,#5063,#5064,#5065,#5066,#5067,#5068,#5069,#5070,#5071,#5072,#5073,
#5074,#5075,#5076,#5077,#5078,#5079,#5080),.UNSPECIFIED.,.F.,.F.,(4,3,3,
3,3,3,3,3,3,3,3,3,3,3,3,3,3,3,3,3,4),(-0.0359093890817849,-0.0325881724543424,
-0.0276745071498118,-0.0231732537652772,-0.0193422658795835,-0.0168031628528652,
-0.0146372801749832,-0.0128076201531103,-0.0112033928154689,-0.00989003076260433,
-0.00865377691727879,-0.00757134527330221,-0.00605108825433368,-0.00519734371685449,
-0.00423402330120936,-0.00341738466706972,-0.00274225315738501,-0.00208690302973875,
-0.00104345151486937,-0.000415384253913226,0.),.UNSPECIFIED.);
#45=B_SPLINE_CURVE_WITH_KNOTS('',3,(#5084,#5085,#5086,#5087,#5088,#5089,
#5090,#5091,#5092,#5093,#5094,#5095,#5096,#5097,#5098,#5099,#5100,#5101,
#5102,#5103,#5104,#5105,#5106,#5107,#5108,#5109,#5110,#5111,#5112,#5113,
#5114,#5115,#5116,#5117,#5118,#5119,#5120,#5121,#5122,#5123,#5124,#5125,
#5126,#5127,#5128,#5129,#5130,#5131,#5132,#5133,#5134,#5135,#5136,#5137,
#5138,#5139,#5140,#5141,#5142,#5143,#5144),.UNSPECIFIED.,.F.,.F.,(4,3,3,
3,3,3,3,3,3,3,3,3,3,3,3,3,3,3,3,3,4),(-0.203017046610747,-0.199630198014768,
-0.195425016757465,-0.19091978122897,-0.187244162534811,-0.183151580732542,
-0.177586286729707,-0.172812432331288,-0.16742760581601,-0.160892052976088,
-0.15496221034677,-0.145277072200097,-0.13692029099976,-0.12775722686806,
-0.113353088324554,-0.097659603353431,-0.0767072983874412,-0.0492662539848813,
-0.0246331269924407,-0.00593064859470125,0.),.UNSPECIFIED.);
#46=B_SPLINE_CURVE_WITH_KNOTS('',3,(#5156,#5157,#5158,#5159,#5160,#5161,
#5162,#5163,#5164,#5165,#5166,#5167,#5168,#5169,#5170,#5171,#5172,#5173,
#5174,#5175,#5176,#5177,#5178,#5179,#5180,#5181,#5182,#5183,#5184,#5185,
#5186,#5187,#5188,#5189,#5190,#5191,#5192,#5193,#5194,#5195,#5196,#5197,
#5198,#5199,#5200,#5201,#5202,#5203,#5204,#5205,#5206,#5207,#5208,#5209,
#5210,#5211,#5212,#5213,#5214,#5215,#5216),.UNSPECIFIED.,.F.,.F.,(4,3,3,
3,3,3,3,3,3,3,3,3,3,3,3,3,3,3,3,3,4),(-0.0359093890676297,-0.032588172441534,
-0.0276745071412578,-0.0231732537587492,-0.0193422658701855,-0.0168031628423889,
-0.0146372801724125,-0.012807620150861,-0.0112033928126132,-0.00989003076019873,
-0.00865377691517389,-0.00757134527174924,-0.00605108825031801,-0.0051973437131954,
-0.00423402329632624,-0.00341738466340698,-0.00274225315428616,-0.00208690302658261,
-0.0010434515132913,-0.000415384252637579,0.),.UNSPECIFIED.);
#47=B_SPLINE_CURVE_WITH_KNOTS('',3,(#5220,#5221,#5222,#5223,#5224,#5225,
#5226,#5227,#5228,#5229,#5230,#5231,#5232,#5233,#5234,#5235,#5236,#5237,
#5238,#5239,#5240,#5241,#5242,#5243,#5244,#5245,#5246,#5247,#5248,#5249,
#5250,#5251,#5252,#5253,#5254,#5255,#5256,#5257,#5258,#5259,#5260,#5261,
#5262,#5263,#5264,#5265,#5266,#5267,#5268,#5269,#5270,#5271,#5272,#5273,
#5274,#5275,#5276,#5277,#5278,#5279,#5280),.UNSPECIFIED.,.F.,.F.,(4,3,3,
3,3,3,3,3,3,3,3,3,3,3,3,3,3,3,3,3,4),(-0.203017046808261,-0.199630198208902,
-0.19542501694785,-0.190919781414854,-0.18724416271709,-0.183151580910768,
-0.17758628690219,-0.172812432499604,-0.167427605978986,-0.160892053132757,
-0.154962210498175,-0.145277072342039,-0.136920291133846,-0.127757226987561,
-0.113353088433157,-0.0976596034461602,-0.076707298471048,-0.0492662540760914,
-0.0246331270380457,-0.0059306486507365,0.),.UNSPECIFIED.);
#48=B_SPLINE_CURVE_WITH_KNOTS('',3,(#5292,#5293,#5294,#5295,#5296,#5297,
#5298,#5299,#5300,#5301,#5302,#5303,#5304,#5305,#5306,#5307,#5308,#5309,
#5310,#5311,#5312,#5313,#5314,#5315,#5316,#5317,#5318,#5319,#5320,#5321,
#5322,#5323,#5324,#5325,#5326,#5327,#5328,#5329,#5330,#5331,#5332,#5333,
#5334,#5335,#5336,#5337,#5338,#5339,#5340,#5341,#5342,#5343,#5344,#5345,
#5346,#5347,#5348,#5349,#5350,#5351,#5352),.UNSPECIFIED.,.F.,.F.,(4,3,3,
3,3,3,3,3,3,3,3,3,3,3,3,3,3,3,3,3,4),(-0.0359093890776643,-0.0325881724531119,
-0.0276745071540137,-0.0231732537681476,-0.0193422658785486,-0.0168031628505067,
-0.0146372801740261,-0.0128076201522728,-0.0112033928144688,-0.00989003076193007,
-0.00865377691668881,-0.00757134527286199,-0.00605108825299795,-0.00519734371561985,
-0.00423402329957197,-0.0034173846658798,-0.00274225315635245,-0.00208690302866935,
-0.00104345151433468,-0.000415384253466946,0.),.UNSPECIFIED.);
#49=B_SPLINE_CURVE_WITH_KNOTS('',3,(#5356,#5357,#5358,#5359,#5360,#5361,
#5362,#5363,#5364,#5365,#5366,#5367,#5368,#5369,#5370,#5371,#5372,#5373,
#5374,#5375,#5376,#5377,#5378,#5379,#5380,#5381,#5382,#5383,#5384,#5385,
#5386,#5387,#5388,#5389,#5390,#5391,#5392,#5393,#5394,#5395,#5396,#5397,
#5398,#5399,#5400,#5401,#5402,#5403,#5404,#5405,#5406,#5407,#5408,#5409,
#5410,#5411,#5412,#5413,#5414,#5415,#5416),.UNSPECIFIED.,.F.,.F.,(4,3,3,
3,3,3,3,3,3,3,3,3,3,3,3,3,3,3,3,3,4),(-0.203017046740694,-0.199630198142669,
-0.195425016882902,-0.190919781351273,-0.187244162654716,-0.183151580849859,
-0.177586286843902,-0.172812432442393,-0.167427605923831,-0.160892053079539,
-0.154962210446332,-0.145277072293437,-0.136920291086111,-0.127757226946364,
-0.113353088391893,-0.0976596034129587,-0.0767072984465384,-0.0492662540572379,
-0.024633127028619,-0.00593064874013544,0.),.UNSPECIFIED.);
#50=B_SPLINE_CURVE_WITH_KNOTS('',3,(#5428,#5429,#5430,#5431,#5432,#5433,
#5434,#5435,#5436,#5437,#5438,#5439,#5440,#5441,#5442,#5443,#5444,#5445,
#5446,#5447,#5448,#5449,#5450,#5451,#5452,#5453,#5454,#5455,#5456,#5457,
#5458,#5459,#5460,#5461,#5462,#5463,#5464,#5465,#5466,#5467,#5468,#5469,
#5470,#5471,#5472,#5473,#5474,#5475,#5476,#5477,#5478,#5479,#5480,#5481,
#5482,#5483,#5484,#5485,#5486,#5487,#5488),.UNSPECIFIED.,.F.,.F.,(4,3,3,
3,3,3,3,3,3,3,3,3,3,3,3,3,3,3,3,3,4),(-0.0359093890599273,-0.0325881724361747,
-0.0276745071319908,-0.0231732537505017,-0.0193422658659602,-0.0168031628418585,
-0.0146372801674149,-0.0128076201464881,-0.011203392809269,-0.00989003075721144,
-0.00865377691256001,-0.00757134526927662,-0.00605108824989168,-0.00519734371293138,
-0.0042340232973183,-0.00341738466403915,-0.00274225315487861,-0.00208690302746766,
-0.00104345151373383,-0.000415384253174889,0.),.UNSPECIFIED.);
#51=B_SPLINE_CURVE_WITH_KNOTS('',3,(#5492,#5493,#5494,#5495,#5496,#5497,
#5498,#5499,#5500,#5501,#5502,#5503,#5504,#5505,#5506,#5507,#5508,#5509,
#5510,#5511,#5512,#5513,#5514,#5515,#5516,#5517,#5518,#5519,#5520,#5521,
#5522,#5523,#5524,#5525,#5526,#5527,#5528,#5529,#5530,#5531,#5532,#5533,
#5534,#5535,#5536,#5537,#5538,#5539,#5540,#5541,#5542,#5543,#5544,#5545,
#5546,#5547,#5548,#5549,#5550,#5551,#5552),.UNSPECIFIED.,.F.,.F.,(4,3,3,
3,3,3,3,3,3,3,3,3,3,3,3,3,3,3,3,3,4),(-0.203017046703502,-0.199630198105638,
-0.195425016846316,-0.19091978131616,-0.187244162620339,-0.183151580816282,
-0.177586286811359,-0.172812432410895,-0.167427605893672,-0.160892053049727,
-0.15496221041828,-0.145277072267137,-0.136920291062571,-0.127757226919733,
-0.113353088372652,-0.097659603402922,-0.0767072984376982,-0.0492662540822515,
-0.0246331270411258,-0.00593064855920646,0.),.UNSPECIFIED.);
#52=B_SPLINE_CURVE_WITH_KNOTS('',3,(#5564,#5565,#5566,#5567,#5568,#5569,
#5570,#5571,#5572,#5573,#5574,#5575,#5576,#5577,#5578,#5579,#5580,#5581,
#5582,#5583,#5584,#5585,#5586,#5587,#5588,#5589,#5590,#5591,#5592,#5593,
#5594,#5595,#5596,#5597,#5598,#5599,#5600,#5601,#5602,#5603,#5604,#5605,
#5606,#5607,#5608,#5609,#5610,#5611,#5612,#5613,#5614,#5615,#5616,#5617,
#5618,#5619,#5620,#5621,#5622,#5623,#5624),.UNSPECIFIED.,.F.,.F.,(4,3,3,
3,3,3,3,3,3,3,3,3,3,3,3,3,3,3,3,3,4),(-0.0359093890680046,-0.0325881724385547,
-0.0276745071313591,-0.0231732537500703,-0.0193422658698766,-0.0168031628448214,
-0.0146372801709371,-0.01280762014957,-0.0112033928119265,-0.00989003075955693,
-0.00865377691461231,-0.00757134527115994,-0.00605108825034767,-0.00519734371319603,
-0.00423402329636023,-0.00341738466342868,-0.00274225315429408,-0.00208690302665267,
-0.00104345151332633,-0.00041538425269188,0.),.UNSPECIFIED.);
#53=B_SPLINE_CURVE_WITH_KNOTS('',3,(#5628,#5629,#5630,#5631,#5632,#5633,
#5634,#5635,#5636,#5637,#5638,#5639,#5640,#5641,#5642,#5643,#5644,#5645,
#5646,#5647,#5648,#5649,#5650,#5651,#5652,#5653,#5654,#5655,#5656,#5657,
#5658,#5659,#5660,#5661,#5662,#5663,#5664,#5665,#5666,#5667,#5668,#5669,
#5670,#5671,#5672,#5673,#5674,#5675,#5676,#5677,#5678,#5679,#5680,#5681,
#5682,#5683,#5684,#5685,#5686,#5687,#5688),.UNSPECIFIED.,.F.,.F.,(4,3,3,
3,3,3,3,3,3,3,3,3,3,3,3,3,3,3,3,3,4),(-0.203017046753604,-0.199630198155151,
-0.195425016895031,-0.190919781363187,-0.187244162666398,-0.183151580861221,
-0.177586286853916,-0.17281243245242,-0.167427605933033,-0.160892053088996,
-0.154962210455404,-0.145277072301941,-0.136920291098674,-0.127757226954916,
-0.113353088391331,-0.0976596034229045,-0.0767072984644893,-0.0492662540777395,
-0.0246331270388697,-0.00593064878207956,0.),.UNSPECIFIED.);
#54=B_SPLINE_CURVE_WITH_KNOTS('',3,(#5700,#5701,#5702,#5703,#5704,#5705,
#5706,#5707,#5708,#5709,#5710,#5711,#5712,#5713,#5714,#5715,#5716,#5717,
#5718,#5719,#5720,#5721,#5722,#5723,#5724,#5725,#5726,#5727,#5728,#5729,
#5730,#5731,#5732,#5733,#5734,#5735,#5736,#5737,#5738,#5739,#5740,#5741,
#5742,#5743,#5744,#5745,#5746,#5747,#5748,#5749,#5750,#5751,#5752,#5753,
#5754,#5755,#5756,#5757,#5758,#5759,#5760),.UNSPECIFIED.,.F.,.F.,(4,3,3,
3,3,3,3,3,3,3,3,3,3,3,3,3,3,3,3,3,4),(-0.0359093890745875,-0.0325881724502419,
-0.0276745071469438,-0.0231732537618276,-0.0193422658754097,-0.0168031628479349,
-0.0146372801736357,-0.0128076201519312,-0.0112033928139347,-0.00989003076143489,
-0.00865377691625553,-0.00757134527253889,-0.00605108825193377,-0.0051973437146455,
-0.004234023298116,-0.00341738466481039,-0.00274225315543385,-0.00208690302770773,
-0.00104345151385387,-0.000415384253085331,0.),.UNSPECIFIED.);
#55=B_SPLINE_CURVE_WITH_KNOTS('',3,(#5764,#5765,#5766,#5767,#5768,#5769,
#5770,#5771,#5772,#5773,#5774,#5775,#5776,#5777,#5778,#5779,#5780,#5781,
#5782,#5783,#5784,#5785,#5786,#5787,#5788,#5789,#5790,#5791,#5792,#5793,
#5794,#5795,#5796,#5797,#5798,#5799,#5800,#5801,#5802,#5803,#5804,#5805,
#5806,#5807,#5808,#5809,#5810,#5811,#5812,#5813,#5814,#5815,#5816,#5817,
#5818,#5819,#5820,#5821,#5822,#5823,#5824),.UNSPECIFIED.,.F.,.F.,(4,3,3,
3,3,3,3,3,3,3,3,3,3,3,3,3,3,3,3,3,4),(-0.203017046713022,-0.199630198115247,
-0.195425016855965,-0.1909197813251,-0.187244162629037,-0.1831515808247,
-0.177586286819659,-0.172812432418871,-0.167427605901001,-0.160892053057529,
-0.15496221042545,-0.14527707227386,-0.136920291066946,-0.127757226928779,
-0.113353088372561,-0.0976596033995489,-0.0767072984474809,-0.0492662540781787,
-0.0246331270390893,-0.00593064869829832,0.),.UNSPECIFIED.);
#56=B_SPLINE_CURVE_WITH_KNOTS('',3,(#5836,#5837,#5838,#5839,#5840,#5841,
#5842,#5843,#5844,#5845,#5846,#5847,#5848,#5849,#5850,#5851,#5852,#5853,
#5854,#5855,#5856,#5857,#5858,#5859,#5860,#5861,#5862,#5863,#5864,#5865,
#5866,#5867,#5868,#5869,#5870,#5871,#5872,#5873,#5874,#5875,#5876,#5877,
#5878,#5879,#5880,#5881,#5882,#5883,#5884,#5885,#5886,#5887,#5888,#5889,
#5890,#5891,#5892,#5893,#5894,#5895,#5896),.UNSPECIFIED.,.F.,.F.,(4,3,3,
3,3,3,3,3,3,3,3,3,3,3,3,3,3,3,3,3,4),(-0.0359093890580423,-0.0325881724346394,
-0.0276745071323843,-0.023173253751748,-0.0193422658661159,-0.0168031628410722,
-0.0146372801667401,-0.0128076201458976,-0.0112033928087528,-0.00989003075702205,
-0.00865377691239429,-0.00757134526919482,-0.00605108824910486,-0.00519734371219234,
-0.00423402329621193,-0.00341738466326569,-0.00274225315420149,-0.00208690302676245,
-0.00104345151338122,-0.000415384252890135,0.),.UNSPECIFIED.);
#57=B_SPLINE_CURVE_WITH_KNOTS('',3,(#5900,#5901,#5902,#5903,#5904,#5905,
#5906,#5907,#5908,#5909,#5910,#5911,#5912,#5913,#5914,#5915,#5916,#5917,
#5918,#5919,#5920,#5921,#5922,#5923,#5924,#5925,#5926,#5927,#5928,#5929,
#5930,#5931,#5932,#5933,#5934,#5935,#5936,#5937,#5938,#5939,#5940,#5941,
#5942,#5943,#5944,#5945,#5946,#5947,#5948,#5949,#5950,#5951,#5952,#5953,
#5954,#5955,#5956,#5957,#5958,#5959,#5960),.UNSPECIFIED.,.F.,.F.,(4,3,3,
3,3,3,3,3,3,3,3,3,3,3,3,3,3,3,3,3,4),(-0.203017046704085,-0.19963019810635,
-0.19542501684712,-0.19091978131653,-0.187244162620665,-0.183151580816555,
-0.177586286811376,-0.172812432411027,-0.167427605893658,-0.160892053050307,
-0.154962210419669,-0.145277072268439,-0.136920291073597,-0.127757226927709,
-0.113353088367054,-0.0976596034055898,-0.0767072984171059,-0.0492662540271713,
-0.0246331270135856,-0.00593064858716471,0.),.UNSPECIFIED.);
#58=B_SPLINE_CURVE_WITH_KNOTS('',3,(#5972,#5973,#5974,#5975,#5976,#5977,
#5978,#5979,#5980,#5981,#5982,#5983,#5984,#5985,#5986,#5987,#5988,#5989,
#5990,#5991,#5992,#5993,#5994,#5995,#5996,#5997,#5998,#5999,#6000,#6001,
#6002,#6003,#6004,#6005,#6006,#6007,#6008,#6009,#6010,#6011,#6012,#6013,
#6014,#6015,#6016,#6017,#6018,#6019,#6020,#6021,#6022,#6023,#6024,#6025,
#6026,#6027,#6028,#6029,#6030,#6031,#6032),.UNSPECIFIED.,.F.,.F.,(4,3,3,
3,3,3,3,3,3,3,3,3,3,3,3,3,3,3,3,3,4),(-0.0359093890553787,-0.0325881724297952,
-0.0276745071248723,-0.0231732537547371,-0.0193422658678495,-0.0168031628410316,
-0.0146372801645631,-0.0128076201439927,-0.0112033928074176,-0.00989003075564129,
-0.00865377691118613,-0.00757134526798136,-0.00605108824907331,-0.00519734371220595,
-0.00423402329630478,-0.003417384663325,-0.00274225315425859,-0.00208690302697397,
-0.00104345151348699,-0.00041538425305583,0.),.UNSPECIFIED.);
#59=B_SPLINE_CURVE_WITH_KNOTS('',3,(#6036,#6037,#6038,#6039,#6040,#6041,
#6042,#6043,#6044,#6045,#6046,#6047,#6048,#6049,#6050,#6051,#6052,#6053,
#6054,#6055,#6056,#6057,#6058,#6059,#6060,#6061,#6062,#6063,#6064,#6065,
#6066,#6067,#6068,#6069,#6070,#6071,#6072,#6073,#6074,#6075,#6076,#6077,
#6078,#6079,#6080,#6081,#6082,#6083,#6084,#6085,#6086,#6087,#6088,#6089,
#6090,#6091,#6092,#6093,#6094,#6095,#6096),.UNSPECIFIED.,.F.,.F.,(4,3,3,
3,3,3,3,3,3,3,3,3,3,3,3,3,3,3,3,3,4),(-0.20301704682309,-0.199630198223661,
-0.19542501696221,-0.190919781428773,-0.187244162730731,-0.183151580924144,
-0.177586286915969,-0.172812432512623,-0.167427605991985,-0.160892053145623,
-0.154962210511074,-0.145277072354132,-0.136920291149295,-0.12775722700533,
-0.113353088435058,-0.0976596034618871,-0.0767072985049809,-0.0492662541218856,
-0.0246331270609428,-0.00593064878543768,0.),.UNSPECIFIED.);
#60=B_SPLINE_CURVE_WITH_KNOTS('',3,(#6108,#6109,#6110,#6111,#6112,#6113,
#6114,#6115,#6116,#6117,#6118,#6119,#6120,#6121,#6122,#6123,#6124,#6125,
#6126,#6127,#6128,#6129,#6130,#6131,#6132,#6133,#6134,#6135,#6136,#6137,
#6138,#6139,#6140,#6141,#6142,#6143,#6144,#6145,#6146,#6147,#6148,#6149,
#6150,#6151,#6152,#6153,#6154,#6155,#6156,#6157,#6158,#6159,#6160,#6161,
#6162,#6163,#6164,#6165,#6166,#6167,#6168),.UNSPECIFIED.,.F.,.F.,(4,3,3,
3,3,3,3,3,3,3,3,3,3,3,3,3,3,3,3,3,4),(-0.0359093890712905,-0.0325881724473001,
-0.0276745071495136,-0.0231732537643729,-0.0193422658757142,-0.0168031628484106,
-0.0146372801711777,-0.0128076201497805,-0.0112033928123727,-0.00989003076006956,
-0.00865377691506086,-0.00757134527140653,-0.00605108825192748,-0.0051973437147057,
-0.0042340232987574,-0.00341738466523096,-0.00274225315584002,-0.00208690302828196,
-0.00104345151414098,-0.00041538425341161,0.),.UNSPECIFIED.);
#61=B_SPLINE_CURVE_WITH_KNOTS('',3,(#6172,#6173,#6174,#6175,#6176,#6177,
#6178,#6179,#6180,#6181,#6182,#6183,#6184,#6185,#6186,#6187,#6188,#6189,
#6190,#6191,#6192,#6193,#6194,#6195,#6196,#6197,#6198,#6199,#6200,#6201,
#6202,#6203,#6204,#6205,#6206,#6207,#6208,#6209,#6210,#6211,#6212,#6213,
#6214,#6215,#6216,#6217,#6218,#6219,#6220,#6221,#6222,#6223,#6224,#6225,
#6226,#6227,#6228,#6229,#6230,#6231,#6232),.UNSPECIFIED.,.F.,.F.,(4,3,3,
3,3,3,3,3,3,3,3,3,3,3,3,3,3,3,3,3,4),(-0.20301704675269,-0.199630198154324,
-0.19542501689428,-0.190919781362492,-0.187244162665712,-0.183151580860578,
-0.177586286854397,-0.172812432452671,-0.167427605933881,-0.160892053088969,
-0.154962210456047,-0.145277072302544,-0.136920291095423,-0.127757226954518,
-0.113353088398073,-0.0976596034176579,-0.0767072984580337,-0.0492662540932993,
-0.0246331270466497,-0.00593064875581226,0.),.UNSPECIFIED.);
#62=B_SPLINE_CURVE_WITH_KNOTS('',3,(#6244,#6245,#6246,#6247,#6248,#6249,
#6250,#6251,#6252,#6253,#6254,#6255,#6256,#6257,#6258,#6259,#6260,#6261,
#6262,#6263,#6264,#6265,#6266,#6267,#6268,#6269,#6270,#6271,#6272,#6273,
#6274,#6275,#6276,#6277,#6278,#6279,#6280,#6281,#6282,#6283,#6284,#6285,
#6286,#6287,#6288,#6289,#6290,#6291,#6292,#6293,#6294,#6295,#6296,#6297,
#6298,#6299,#6300,#6301,#6302,#6303,#6304),.UNSPECIFIED.,.F.,.F.,(4,3,3,
3,3,3,3,3,3,3,3,3,3,3,3,3,3,3,3,3,4),(-0.0359093890941064,-0.0325881724675522,
-0.0276745071707853,-0.0231732537811116,-0.0193422658900592,-0.016803162859549,
-0.0146372801802811,-0.012807620157746,-0.0112033928195886,-0.00989003076665845,
-0.00865377692082614,-0.00757134527650466,-0.00605108825528358,-0.00519734371752484,
-0.00423402330065797,-0.00341738466682724,-0.00274225315706678,-0.00208690302896254,
-0.00104345151448127,-0.00041538425335527,0.),.UNSPECIFIED.);
#63=B_SPLINE_CURVE_WITH_KNOTS('',3,(#6308,#6309,#6310,#6311,#6312,#6313,
#6314,#6315,#6316,#6317,#6318,#6319,#6320,#6321,#6322,#6323,#6324,#6325,
#6326,#6327,#6328,#6329,#6330,#6331,#6332,#6333,#6334,#6335,#6336,#6337,
#6338,#6339,#6340,#6341,#6342,#6343,#6344,#6345,#6346,#6347,#6348,#6349,
#6350,#6351,#6352,#6353,#6354,#6355,#6356,#6357,#6358,#6359,#6360,#6361,
#6362,#6363,#6364,#6365,#6366,#6367,#6368),.UNSPECIFIED.,.F.,.F.,(4,3,3,
3,3,3,3,3,3,3,3,3,3,3,3,3,3,3,3,3,4),(-0.203017046756209,-0.199630198157822,
-0.195425016897633,-0.190919781365577,-0.187244162668867,-0.183151580863678,
-0.177586286858326,-0.172812432456228,-0.167427605937582,-0.160892053091789,
-0.15496221045793,-0.14527707230431,-0.136920291095745,-0.127757226954366,
-0.113353088413699,-0.0976596034207346,-0.0767072984531302,-0.0492662541074323,
-0.0246331270537162,-0.00593064864121743,0.),.UNSPECIFIED.);
#64=B_SPLINE_CURVE_WITH_KNOTS('',3,(#6380,#6381,#6382,#6383,#6384,#6385,
#6386,#6387,#6388,#6389,#6390,#6391,#6392,#6393,#6394,#6395,#6396,#6397,
#6398,#6399,#6400,#6401,#6402,#6403,#6404,#6405,#6406,#6407,#6408,#6409,
#6410,#6411,#6412,#6413,#6414,#6415,#6416,#6417,#6418,#6419,#6420,#6421,
#6422,#6423,#6424,#6425,#6426,#6427,#6428,#6429,#6430,#6431,#6432,#6433,
#6434,#6435,#6436,#6437,#6438,#6439,#6440),.UNSPECIFIED.,.F.,.F.,(4,3,3,
3,3,3,3,3,3,3,3,3,3,3,3,3,3,3,3,3,4),(-0.0359093890553787,-0.0325881724297952,
-0.0276745071248723,-0.0231732537547371,-0.0193422658678495,-0.0168031628410316,
-0.0146372801645631,-0.0128076201439927,-0.0112033928074176,-0.00989003075564129,
-0.00865377691118613,-0.00757134526798136,-0.00605108824907331,-0.00519734371220595,
-0.00423402329630478,-0.003417384663325,-0.00274225315425859,-0.00208690302697397,
-0.00104345151348699,-0.00041538425305583,0.),.UNSPECIFIED.);
#65=B_SPLINE_CURVE_WITH_KNOTS('',3,(#6444,#6445,#6446,#6447,#6448,#6449,
#6450,#6451,#6452,#6453,#6454,#6455,#6456,#6457,#6458,#6459,#6460,#6461,
#6462,#6463,#6464,#6465,#6466,#6467,#6468,#6469,#6470,#6471,#6472,#6473,
#6474,#6475,#6476,#6477,#6478,#6479,#6480,#6481,#6482,#6483,#6484,#6485,
#6486,#6487,#6488,#6489,#6490,#6491,#6492,#6493,#6494,#6495,#6496,#6497,
#6498,#6499,#6500,#6501,#6502,#6503,#6504),.UNSPECIFIED.,.F.,.F.,(4,3,3,
3,3,3,3,3,3,3,3,3,3,3,3,3,3,3,3,3,4),(-0.20301704682309,-0.199630198223661,
-0.19542501696221,-0.190919781428773,-0.187244162730731,-0.183151580924144,
-0.177586286915969,-0.172812432512623,-0.167427605991985,-0.160892053145623,
-0.154962210511074,-0.145277072354132,-0.136920291149295,-0.12775722700533,
-0.113353088435058,-0.0976596034618871,-0.0767072985049809,-0.0492662541218856,
-0.0246331270609428,-0.00593064878543768,0.),.UNSPECIFIED.);
#66=(
BOUNDED_CURVE()
B_SPLINE_CURVE(5,(#2898,#2899,#2900,#2901,#2902,#2903,#2904,#2905,#2906,
#2907,#2908,#2909,#2910,#2911,#2912,#2913,#2914,#2915,#2916,#2917,#2918,
#2919,#2920,#2921,#2922,#2923,#2924,#2925,#2926,#2927,#2928,#2929,#2930,
#2931,#2932,#2933,#2934,#2935,#2936,#2937,#2938,#2939,#2940,#2941,#2942,
#2943,#2944,#2945,#2946,#2947,#2948,#2949,#2950,#2951,#2952,#2953,#2954,
#2955,#2956,#2957,#2958,#2959,#2960,#2961,#2962,#2963,#2964,#2965,#2966,
#2967,#2968,#2969,#2970,#2971,#2972),.UNSPECIFIED.,.F.,.F.)
B_SPLINE_CURVE_WITH_KNOTS((6,1,1,1,1,1,1,1,1,1,1,1,1,1,1,1,1,1,1,1,1,1,
1,1,1,1,1,1,1,1,1,1,1,1,1,1,1,1,1,1,1,1,1,1,1,1,1,1,1,1,1,1,1,1,1,1,1,1,
1,1,1,1,1,1,1,1,1,1,1,1,6),(-1.,-0.985714285714284,-0.97142857142857,-0.957142857142856,
-0.942857142857141,-0.928571428571427,-0.914285714285713,-0.899999999999999,
-0.885714285714284,-0.87142857142857,-0.857142857142856,-0.842857142857142,
-0.828571428571428,-0.814285714285713,-0.799999999999999,-0.785714285714285,
-0.771428571428571,-0.757142857142856,-0.742857142857142,-0.728571428571428,
-0.714285714285714,-0.699999999999999,-0.685714285714285,-0.671428571428571,
-0.657142857142857,-0.642857142857142,-0.628571428571428,-0.614285714285714,
-0.6,-0.585714285714286,-0.571428571428571,-0.557142857142857,-0.542857142857143,
-0.528571428571429,-0.514285714285714,-0.5,-0.485714285714286,-0.471428571428572,
-0.457142857142857,-0.442857142857143,-0.428571428571429,-0.414285714285714,
-0.4,-0.385714285714286,-0.371428571428571,-0.357142857142857,-0.342857142857143,
-0.328571428571429,-0.314285714285714,-0.3,-0.285714285714286,-0.271428571428571,
-0.257142857142857,-0.242857142857143,-0.228571428571429,-0.214285714285714,
-0.2,-0.185714285714286,-0.171428571428571,-0.157142857142857,-0.142857142857143,
-0.128571428571429,-0.114285714285714,-0.1,-0.0857142857142857,-0.0714285714285714,
-0.0571428571428571,-0.0428571428571429,-0.0285714285714286,-0.0142857142857143,
0.),.UNSPECIFIED.)
CURVE()
GEOMETRIC_REPRESENTATION_ITEM()
RATIONAL_B_SPLINE_CURVE((1.,1.,1.,1.,1.,1.,1.,1.,1.,1.,1.,1.,1.,1.,1.,1.,
1.,1.,1.,1.,1.,1.,1.,1.,1.,1.,1.,1.,1.,1.,1.,1.,1.,1.,1.,1.,1.,1.,1.,1.,
1.,1.,1.,1.,1.,1.,1.,1.,1.,1.,1.,1.,1.,1.,1.,1.,1.,1.,1.,1.,1.,1.,1.,1.,
1.,1.,1.,1.,1.,1.,1.,1.,1.,1.,1.))
REPRESENTATION_ITEM('')
);
#67=(
BOUNDED_CURVE()
B_SPLINE_CURVE(5,(#2976,#2977,#2978,#2979,#2980,#2981,#2982,#2983,#2984,
#2985,#2986,#2987,#2988,#2989,#2990,#2991,#2992,#2993,#2994,#2995,#2996,
#2997,#2998,#2999,#3000,#3001,#3002,#3003,#3004,#3005,#3006,#3007,#3008,
#3009,#3010,#3011,#3012,#3013,#3014,#3015,#3016,#3017,#3018,#3019,#3020,
#3021,#3022,#3023,#3024,#3025,#3026,#3027,#3028,#3029,#3030,#3031,#3032,
#3033,#3034,#3035,#3036,#3037,#3038,#3039,#3040,#3041,#3042,#3043,#3044,
#3045,#3046,#3047,#3048,#3049,#3050),.UNSPECIFIED.,.F.,.F.)
B_SPLINE_CURVE_WITH_KNOTS((6,1,1,1,1,1,1,1,1,1,1,1,1,1,1,1,1,1,1,1,1,1,
1,1,1,1,1,1,1,1,1,1,1,1,1,1,1,1,1,1,1,1,1,1,1,1,1,1,1,1,1,1,1,1,1,1,1,1,
1,1,1,1,1,1,1,1,1,1,1,1,6),(0.,0.0142857142857143,0.0285714285714286,0.0428571428571429,
0.0571428571428571,0.0714285714285714,0.0857142857142857,0.1,0.114285714285714,
0.128571428571429,0.142857142857143,0.157142857142857,0.171428571428571,
0.185714285714286,0.2,0.214285714285714,0.228571428571429,0.242857142857143,
0.257142857142857,0.271428571428571,0.285714285714286,0.3,0.314285714285714,
0.328571428571429,0.342857142857143,0.357142857142857,0.371428571428571,
0.385714285714286,0.4,0.414285714285714,0.428571428571429,0.442857142857143,
0.457142857142857,0.471428571428572,0.485714285714286,0.5,0.514285714285714,
0.528571428571429,0.542857142857143,0.557142857142857,0.571428571428571,
0.585714285714286,0.6,0.614285714285714,0.628571428571428,0.642857142857142,
0.657142857142857,0.671428571428571,0.685714285714285,0.699999999999999,
0.714285714285714,0.728571428571428,0.742857142857142,0.757142857142856,
0.771428571428571,0.785714285714285,0.799999999999999,0.814285714285713,
0.828571428571428,0.842857142857142,0.857142857142856,0.87142857142857,
0.885714285714284,0.899999999999999,0.914285714285713,0.928571428571427,
0.942857142857141,0.957142857142856,0.97142857142857,0.985714285714284,
1.),.UNSPECIFIED.)
CURVE()
GEOMETRIC_REPRESENTATION_ITEM()
RATIONAL_B_SPLINE_CURVE((1.,1.,1.,1.,1.,1.,1.,1.,1.,1.,1.,1.,1.,1.,1.,1.,
1.,1.,1.,1.,1.,1.,1.,1.,1.,1.,1.,1.,1.,1.,1.,1.,1.,1.,1.,1.,1.,1.,1.,1.,
1.,1.,1.,1.,1.,1.,1.,1.,1.,1.,1.,1.,1.,1.,1.,1.,1.,1.,1.,1.,1.,1.,1.,1.,
1.,1.,1.,1.,1.,1.,1.,1.,1.,1.,1.))
REPRESENTATION_ITEM('')
);
#68=(
BOUNDED_CURVE()
B_SPLINE_CURVE(5,(#3063,#3064,#3065,#3066,#3067,#3068,#3069,#3070,#3071,
#3072,#3073,#3074,#3075,#3076,#3077,#3078,#3079,#3080,#3081,#3082,#3083,
#3084,#3085,#3086,#3087,#3088,#3089,#3090,#3091,#3092,#3093,#3094,#3095,
#3096,#3097,#3098,#3099,#3100,#3101,#3102,#3103,#3104,#3105,#3106,#3107,
#3108,#3109,#3110,#3111,#3112,#3113,#3114,#3115,#3116,#3117,#3118,#3119,
#3120,#3121,#3122,#3123,#3124,#3125,#3126,#3127,#3128,#3129,#3130,#3131,
#3132,#3133,#3134,#3135,#3136,#3137),.UNSPECIFIED.,.F.,.F.)
B_SPLINE_CURVE_WITH_KNOTS((6,1,1,1,1,1,1,1,1,1,1,1,1,1,1,1,1,1,1,1,1,1,
1,1,1,1,1,1,1,1,1,1,1,1,1,1,1,1,1,1,1,1,1,1,1,1,1,1,1,1,1,1,1,1,1,1,1,1,
1,1,1,1,1,1,1,1,1,1,1,1,6),(-1.,-0.985714285714284,-0.97142857142857,-0.957142857142856,
-0.942857142857141,-0.928571428571427,-0.914285714285713,-0.899999999999999,
-0.885714285714284,-0.87142857142857,-0.857142857142856,-0.842857142857142,
-0.828571428571428,-0.814285714285713,-0.799999999999999,-0.785714285714285,
-0.771428571428571,-0.757142857142856,-0.742857142857142,-0.728571428571428,
-0.714285714285714,-0.699999999999999,-0.685714285714285,-0.671428571428571,
-0.657142857142857,-0.642857142857142,-0.628571428571428,-0.614285714285714,
-0.6,-0.585714285714286,-0.571428571428571,-0.557142857142857,-0.542857142857143,
-0.528571428571429,-0.514285714285714,-0.5,-0.485714285714286,-0.471428571428572,
-0.457142857142857,-0.442857142857143,-0.428571428571429,-0.414285714285714,
-0.4,-0.385714285714286,-0.371428571428571,-0.357142857142857,-0.342857142857143,
-0.328571428571429,-0.314285714285714,-0.3,-0.285714285714286,-0.271428571428571,
-0.257142857142857,-0.242857142857143,-0.228571428571429,-0.214285714285714,
-0.2,-0.185714285714286,-0.171428571428571,-0.157142857142857,-0.142857142857143,
-0.128571428571429,-0.114285714285714,-0.1,-0.0857142857142857,-0.0714285714285714,
-0.0571428571428571,-0.0428571428571429,-0.0285714285714286,-0.0142857142857143,
0.),.UNSPECIFIED.)
CURVE()
GEOMETRIC_REPRESENTATION_ITEM()
RATIONAL_B_SPLINE_CURVE((1.,1.,1.,1.,1.,1.,1.,1.,1.,1.,1.,1.,1.,1.,1.,1.,
1.,1.,1.,1.,1.,1.,1.,1.,1.,1.,1.,1.,1.,1.,1.,1.,1.,1.,1.,1.,1.,1.,1.,1.,
1.,1.,1.,1.,1.,1.,1.,1.,1.,1.,1.,1.,1.,1.,1.,1.,1.,1.,1.,1.,1.,1.,1.,1.,
1.,1.,1.,1.,1.,1.,1.,1.,1.,1.,1.))
REPRESENTATION_ITEM('')
);
#69=(
BOUNDED_CURVE()
B_SPLINE_CURVE(5,(#3141,#3142,#3143,#3144,#3145,#3146,#3147,#3148,#3149,
#3150,#3151,#3152,#3153,#3154,#3155,#3156,#3157,#3158,#3159,#3160,#3161,
#3162,#3163,#3164,#3165,#3166,#3167,#3168,#3169,#3170,#3171,#3172,#3173,
#3174,#3175,#3176,#3177,#3178,#3179,#3180,#3181,#3182,#3183,#3184,#3185,
#3186,#3187,#3188,#3189,#3190,#3191,#3192,#3193,#3194,#3195,#3196,#3197,
#3198,#3199,#3200,#3201,#3202,#3203,#3204,#3205,#3206,#3207,#3208,#3209,
#3210,#3211,#3212,#3213,#3214,#3215),.UNSPECIFIED.,.F.,.F.)
B_SPLINE_CURVE_WITH_KNOTS((6,1,1,1,1,1,1,1,1,1,1,1,1,1,1,1,1,1,1,1,1,1,
1,1,1,1,1,1,1,1,1,1,1,1,1,1,1,1,1,1,1,1,1,1,1,1,1,1,1,1,1,1,1,1,1,1,1,1,
1,1,1,1,1,1,1,1,1,1,1,1,6),(0.,0.0142857142857143,0.0285714285714286,0.0428571428571429,
0.0571428571428571,0.0714285714285714,0.0857142857142857,0.1,0.114285714285714,
0.128571428571429,0.142857142857143,0.157142857142857,0.171428571428571,
0.185714285714286,0.2,0.214285714285714,0.228571428571429,0.242857142857143,
0.257142857142857,0.271428571428571,0.285714285714286,0.3,0.314285714285714,
0.328571428571429,0.342857142857143,0.357142857142857,0.371428571428571,
0.385714285714286,0.4,0.414285714285714,0.428571428571429,0.442857142857143,
0.457142857142857,0.471428571428572,0.485714285714286,0.5,0.514285714285714,
0.528571428571429,0.542857142857143,0.557142857142857,0.571428571428571,
0.585714285714286,0.6,0.614285714285714,0.628571428571428,0.642857142857142,
0.657142857142857,0.671428571428571,0.685714285714285,0.699999999999999,
0.714285714285714,0.728571428571428,0.742857142857142,0.757142857142856,
0.771428571428571,0.785714285714285,0.799999999999999,0.814285714285713,
0.828571428571428,0.842857142857142,0.857142857142856,0.87142857142857,
0.885714285714284,0.899999999999999,0.914285714285713,0.928571428571427,
0.942857142857141,0.957142857142856,0.97142857142857,0.985714285714284,
1.),.UNSPECIFIED.)
CURVE()
GEOMETRIC_REPRESENTATION_ITEM()
RATIONAL_B_SPLINE_CURVE((1.,1.,1.,1.,1.,1.,1.,1.,1.,1.,1.,1.,1.,1.,1.,1.,
1.,1.,1.,1.,1.,1.,1.,1.,1.,1.,1.,1.,1.,1.,1.,1.,1.,1.,1.,1.,1.,1.,1.,1.,
1.,1.,1.,1.,1.,1.,1.,1.,1.,1.,1.,1.,1.,1.,1.,1.,1.,1.,1.,1.,1.,1.,1.,1.,
1.,1.,1.,1.,1.,1.,1.,1.,1.,1.,1.))
REPRESENTATION_ITEM('')
);
#70=(
BOUNDED_CURVE()
B_SPLINE_CURVE(5,(#3228,#3229,#3230,#3231,#3232,#3233,#3234,#3235,#3236,
#3237,#3238,#3239,#3240,#3241,#3242,#3243,#3244,#3245,#3246,#3247,#3248,
#3249,#3250,#3251,#3252,#3253,#3254,#3255,#3256,#3257,#3258,#3259,#3260,
#3261,#3262,#3263,#3264,#3265,#3266,#3267,#3268,#3269,#3270,#3271,#3272,
#3273,#3274,#3275,#3276,#3277,#3278,#3279,#3280,#3281,#3282,#3283,#3284,
#3285,#3286,#3287,#3288,#3289,#3290,#3291,#3292,#3293,#3294,#3295,#3296,
#3297,#3298,#3299,#3300,#3301,#3302),.UNSPECIFIED.,.F.,.F.)
B_SPLINE_CURVE_WITH_KNOTS((6,1,1,1,1,1,1,1,1,1,1,1,1,1,1,1,1,1,1,1,1,1,
1,1,1,1,1,1,1,1,1,1,1,1,1,1,1,1,1,1,1,1,1,1,1,1,1,1,1,1,1,1,1,1,1,1,1,1,
1,1,1,1,1,1,1,1,1,1,1,1,6),(0.,0.0142857142857143,0.0285714285714286,0.0428571428571429,
0.0571428571428571,0.0714285714285714,0.0857142857142857,0.1,0.114285714285714,
0.128571428571429,0.142857142857143,0.157142857142857,0.171428571428571,
0.185714285714286,0.2,0.214285714285714,0.228571428571429,0.242857142857143,
0.257142857142857,0.271428571428571,0.285714285714286,0.3,0.314285714285714,
0.328571428571429,0.342857142857143,0.357142857142857,0.371428571428571,
0.385714285714286,0.4,0.414285714285714,0.428571428571429,0.442857142857143,
0.457142857142857,0.471428571428572,0.485714285714286,0.5,0.514285714285714,
0.528571428571429,0.542857142857143,0.557142857142857,0.571428571428571,
0.585714285714286,0.6,0.614285714285714,0.628571428571428,0.642857142857142,
0.657142857142857,0.671428571428571,0.685714285714285,0.699999999999999,
0.714285714285714,0.728571428571428,0.742857142857142,0.757142857142856,
0.771428571428571,0.785714285714285,0.799999999999999,0.814285714285713,
0.828571428571428,0.842857142857142,0.857142857142856,0.87142857142857,
0.885714285714284,0.899999999999999,0.914285714285713,0.928571428571427,
0.942857142857141,0.957142857142856,0.97142857142857,0.985714285714284,
1.),.UNSPECIFIED.)
CURVE()
GEOMETRIC_REPRESENTATION_ITEM()
RATIONAL_B_SPLINE_CURVE((1.,1.,1.,1.,1.,1.,1.,1.,1.,1.,1.,1.,1.,1.,1.,1.,
1.,1.,1.,1.,1.,1.,1.,1.,1.,1.,1.,1.,1.,1.,1.,1.,1.,1.,1.,1.,1.,1.,1.,1.,
1.,1.,1.,1.,1.,1.,1.,1.,1.,1.,1.,1.,1.,1.,1.,1.,1.,1.,1.,1.,1.,1.,1.,1.,
1.,1.,1.,1.,1.,1.,1.,1.,1.,1.,1.))
REPRESENTATION_ITEM('')
);
#71=(
BOUNDED_CURVE()
B_SPLINE_CURVE(5,(#3314,#3315,#3316,#3317,#3318,#3319,#3320,#3321,#3322,
#3323,#3324,#3325,#3326,#3327,#3328,#3329,#3330,#3331,#3332,#3333,#3334,
#3335,#3336,#3337,#3338,#3339,#3340,#3341,#3342,#3343,#3344,#3345,#3346,
#3347,#3348,#3349,#3350,#3351,#3352,#3353,#3354,#3355,#3356,#3357,#3358,
#3359,#3360,#3361,#3362,#3363,#3364,#3365,#3366,#3367,#3368,#3369,#3370,
#3371,#3372,#3373,#3374,#3375,#3376,#3377,#3378,#3379,#3380,#3381,#3382,
#3383,#3384,#3385,#3386,#3387,#3388),.UNSPECIFIED.,.F.,.F.)
B_SPLINE_CURVE_WITH_KNOTS((6,1,1,1,1,1,1,1,1,1,1,1,1,1,1,1,1,1,1,1,1,1,
1,1,1,1,1,1,1,1,1,1,1,1,1,1,1,1,1,1,1,1,1,1,1,1,1,1,1,1,1,1,1,1,1,1,1,1,
1,1,1,1,1,1,1,1,1,1,1,1,6),(-1.,-0.985714285714284,-0.97142857142857,-0.957142857142856,
-0.942857142857141,-0.928571428571427,-0.914285714285713,-0.899999999999999,
-0.885714285714284,-0.87142857142857,-0.857142857142856,-0.842857142857142,
-0.828571428571428,-0.814285714285713,-0.799999999999999,-0.785714285714285,
-0.771428571428571,-0.757142857142856,-0.742857142857142,-0.728571428571428,
-0.714285714285714,-0.699999999999999,-0.685714285714285,-0.671428571428571,
-0.657142857142857,-0.642857142857142,-0.628571428571428,-0.614285714285714,
-0.6,-0.585714285714286,-0.571428571428571,-0.557142857142857,-0.542857142857143,
-0.528571428571429,-0.514285714285714,-0.5,-0.485714285714286,-0.471428571428572,
-0.457142857142857,-0.442857142857143,-0.428571428571429,-0.414285714285714,
-0.4,-0.385714285714286,-0.371428571428571,-0.357142857142857,-0.342857142857143,
-0.328571428571429,-0.314285714285714,-0.3,-0.285714285714286,-0.271428571428571,
-0.257142857142857,-0.242857142857143,-0.228571428571429,-0.214285714285714,
-0.2,-0.185714285714286,-0.171428571428571,-0.157142857142857,-0.142857142857143,
-0.128571428571429,-0.114285714285714,-0.1,-0.0857142857142857,-0.0714285714285714,
-0.0571428571428571,-0.0428571428571429,-0.0285714285714286,-0.0142857142857143,
0.),.UNSPECIFIED.)
CURVE()
GEOMETRIC_REPRESENTATION_ITEM()
RATIONAL_B_SPLINE_CURVE((1.,1.,1.,1.,1.,1.,1.,1.,1.,1.,1.,1.,1.,1.,1.,1.,
1.,1.,1.,1.,1.,1.,1.,1.,1.,1.,1.,1.,1.,1.,1.,1.,1.,1.,1.,1.,1.,1.,1.,1.,
1.,1.,1.,1.,1.,1.,1.,1.,1.,1.,1.,1.,1.,1.,1.,1.,1.,1.,1.,1.,1.,1.,1.,1.,
1.,1.,1.,1.,1.,1.,1.,1.,1.,1.,1.))
REPRESENTATION_ITEM('')
);
#72=(
BOUNDED_CURVE()
B_SPLINE_CURVE(5,(#3393,#3394,#3395,#3396,#3397,#3398,#3399,#3400,#3401,
#3402,#3403,#3404,#3405,#3406,#3407,#3408,#3409,#3410,#3411,#3412,#3413,
#3414,#3415,#3416,#3417,#3418,#3419,#3420,#3421,#3422,#3423,#3424,#3425,
#3426,#3427,#3428,#3429,#3430,#3431,#3432,#3433,#3434,#3435,#3436,#3437,
#3438,#3439,#3440,#3441,#3442,#3443,#3444,#3445,#3446,#3447,#3448,#3449,
#3450,#3451,#3452,#3453,#3454,#3455,#3456,#3457,#3458,#3459,#3460,#3461,
#3462,#3463,#3464,#3465,#3466,#3467),.UNSPECIFIED.,.F.,.F.)
B_SPLINE_CURVE_WITH_KNOTS((6,1,1,1,1,1,1,1,1,1,1,1,1,1,1,1,1,1,1,1,1,1,
1,1,1,1,1,1,1,1,1,1,1,1,1,1,1,1,1,1,1,1,1,1,1,1,1,1,1,1,1,1,1,1,1,1,1,1,
1,1,1,1,1,1,1,1,1,1,1,1,6),(-1.,-0.985714285714284,-0.97142857142857,-0.957142857142856,
-0.942857142857141,-0.928571428571427,-0.914285714285713,-0.899999999999999,
-0.885714285714284,-0.87142857142857,-0.857142857142856,-0.842857142857142,
-0.828571428571428,-0.814285714285713,-0.799999999999999,-0.785714285714285,
-0.771428571428571,-0.757142857142856,-0.742857142857142,-0.728571428571428,
-0.714285714285714,-0.699999999999999,-0.685714285714285,-0.671428571428571,
-0.657142857142857,-0.642857142857142,-0.628571428571428,-0.614285714285714,
-0.6,-0.585714285714286,-0.571428571428571,-0.557142857142857,-0.542857142857143,
-0.528571428571429,-0.514285714285714,-0.5,-0.485714285714286,-0.471428571428572,
-0.457142857142857,-0.442857142857143,-0.428571428571429,-0.414285714285714,
-0.4,-0.385714285714286,-0.371428571428571,-0.357142857142857,-0.342857142857143,
-0.328571428571429,-0.314285714285714,-0.3,-0.285714285714286,-0.271428571428571,
-0.257142857142857,-0.242857142857143,-0.228571428571429,-0.214285714285714,
-0.2,-0.185714285714286,-0.171428571428571,-0.157142857142857,-0.142857142857143,
-0.128571428571429,-0.114285714285714,-0.1,-0.0857142857142857,-0.0714285714285714,
-0.0571428571428571,-0.0428571428571429,-0.0285714285714286,-0.0142857142857143,
0.),.UNSPECIFIED.)
CURVE()
GEOMETRIC_REPRESENTATION_ITEM()
RATIONAL_B_SPLINE_CURVE((1.,1.,1.,1.,1.,1.,1.,1.,1.,1.,1.,1.,1.,1.,1.,1.,
1.,1.,1.,1.,1.,1.,1.,1.,1.,1.,1.,1.,1.,1.,1.,1.,1.,1.,1.,1.,1.,1.,1.,1.,
1.,1.,1.,1.,1.,1.,1.,1.,1.,1.,1.,1.,1.,1.,1.,1.,1.,1.,1.,1.,1.,1.,1.,1.,
1.,1.,1.,1.,1.,1.,1.,1.,1.,1.,1.))
REPRESENTATION_ITEM('')
);
#73=(
BOUNDED_CURVE()
B_SPLINE_CURVE(5,(#3471,#3472,#3473,#3474,#3475,#3476,#3477,#3478,#3479,
#3480,#3481,#3482,#3483,#3484,#3485,#3486,#3487,#3488,#3489,#3490,#3491,
#3492,#3493,#3494,#3495,#3496,#3497,#3498,#3499,#3500,#3501,#3502,#3503,
#3504,#3505,#3506,#3507,#3508,#3509,#3510,#3511,#3512,#3513,#3514,#3515,
#3516,#3517,#3518,#3519,#3520,#3521,#3522,#3523,#3524,#3525,#3526,#3527,
#3528,#3529,#3530,#3531,#3532,#3533,#3534,#3535,#3536,#3537,#3538,#3539,
#3540,#3541,#3542,#3543,#3544,#3545),.UNSPECIFIED.,.F.,.F.)
B_SPLINE_CURVE_WITH_KNOTS((6,1,1,1,1,1,1,1,1,1,1,1,1,1,1,1,1,1,1,1,1,1,
1,1,1,1,1,1,1,1,1,1,1,1,1,1,1,1,1,1,1,1,1,1,1,1,1,1,1,1,1,1,1,1,1,1,1,1,
1,1,1,1,1,1,1,1,1,1,1,1,6),(0.,0.0142857142857143,0.0285714285714286,0.0428571428571429,
0.0571428571428571,0.0714285714285714,0.0857142857142857,0.1,0.114285714285714,
0.128571428571429,0.142857142857143,0.157142857142857,0.171428571428571,
0.185714285714286,0.2,0.214285714285714,0.228571428571429,0.242857142857143,
0.257142857142857,0.271428571428571,0.285714285714286,0.3,0.314285714285714,
0.328571428571429,0.342857142857143,0.357142857142857,0.371428571428571,
0.385714285714286,0.4,0.414285714285714,0.428571428571429,0.442857142857143,
0.457142857142857,0.471428571428572,0.485714285714286,0.5,0.514285714285714,
0.528571428571429,0.542857142857143,0.557142857142857,0.571428571428571,
0.585714285714286,0.6,0.614285714285714,0.628571428571428,0.642857142857142,
0.657142857142857,0.671428571428571,0.685714285714285,0.699999999999999,
0.714285714285714,0.728571428571428,0.742857142857142,0.757142857142856,
0.771428571428571,0.785714285714285,0.799999999999999,0.814285714285713,
0.828571428571428,0.842857142857142,0.857142857142856,0.87142857142857,
0.885714285714284,0.899999999999999,0.914285714285713,0.928571428571427,
0.942857142857141,0.957142857142856,0.97142857142857,0.985714285714284,
1.),.UNSPECIFIED.)
CURVE()
GEOMETRIC_REPRESENTATION_ITEM()
RATIONAL_B_SPLINE_CURVE((1.,1.,1.,1.,1.,1.,1.,1.,1.,1.,1.,1.,1.,1.,1.,1.,
1.,1.,1.,1.,1.,1.,1.,1.,1.,1.,1.,1.,1.,1.,1.,1.,1.,1.,1.,1.,1.,1.,1.,1.,
1.,1.,1.,1.,1.,1.,1.,1.,1.,1.,1.,1.,1.,1.,1.,1.,1.,1.,1.,1.,1.,1.,1.,1.,
1.,1.,1.,1.,1.,1.,1.,1.,1.,1.,1.))
REPRESENTATION_ITEM('')
);
#74=(
BOUNDED_CURVE()
B_SPLINE_CURVE(5,(#3558,#3559,#3560,#3561,#3562,#3563,#3564,#3565,#3566,
#3567,#3568,#3569,#3570,#3571,#3572,#3573,#3574,#3575,#3576,#3577,#3578,
#3579,#3580,#3581,#3582,#3583,#3584,#3585,#3586,#3587,#3588,#3589,#3590,
#3591,#3592,#3593,#3594,#3595,#3596,#3597,#3598,#3599,#3600,#3601,#3602,
#3603,#3604,#3605,#3606,#3607,#3608,#3609,#3610,#3611,#3612,#3613,#3614,
#3615,#3616,#3617,#3618,#3619,#3620,#3621,#3622,#3623,#3624,#3625,#3626,
#3627,#3628,#3629,#3630,#3631,#3632),.UNSPECIFIED.,.F.,.F.)
B_SPLINE_CURVE_WITH_KNOTS((6,1,1,1,1,1,1,1,1,1,1,1,1,1,1,1,1,1,1,1,1,1,
1,1,1,1,1,1,1,1,1,1,1,1,1,1,1,1,1,1,1,1,1,1,1,1,1,1,1,1,1,1,1,1,1,1,1,1,
1,1,1,1,1,1,1,1,1,1,1,1,6),(0.,0.0142857142857143,0.0285714285714286,0.0428571428571429,
0.0571428571428571,0.0714285714285714,0.0857142857142857,0.1,0.114285714285714,
0.128571428571429,0.142857142857143,0.157142857142857,0.171428571428571,
0.185714285714286,0.2,0.214285714285714,0.228571428571429,0.242857142857143,
0.257142857142857,0.271428571428571,0.285714285714286,0.3,0.314285714285714,
0.328571428571429,0.342857142857143,0.357142857142857,0.371428571428571,
0.385714285714286,0.4,0.414285714285714,0.428571428571429,0.442857142857143,
0.457142857142857,0.471428571428572,0.485714285714286,0.5,0.514285714285714,
0.528571428571429,0.542857142857143,0.557142857142857,0.571428571428571,
0.585714285714286,0.6,0.614285714285714,0.628571428571428,0.642857142857142,
0.657142857142857,0.671428571428571,0.685714285714285,0.699999999999999,
0.714285714285714,0.728571428571428,0.742857142857142,0.757142857142856,
0.771428571428571,0.785714285714285,0.799999999999999,0.814285714285713,
0.828571428571428,0.842857142857142,0.857142857142856,0.87142857142857,
0.885714285714284,0.899999999999999,0.914285714285713,0.928571428571427,
0.942857142857141,0.957142857142856,0.97142857142857,0.985714285714284,
1.),.UNSPECIFIED.)
CURVE()
GEOMETRIC_REPRESENTATION_ITEM()
RATIONAL_B_SPLINE_CURVE((1.,1.,1.,1.,1.,1.,1.,1.,1.,1.,1.,1.,1.,1.,1.,1.,
1.,1.,1.,1.,1.,1.,1.,1.,1.,1.,1.,1.,1.,1.,1.,1.,1.,1.,1.,1.,1.,1.,1.,1.,
1.,1.,1.,1.,1.,1.,1.,1.,1.,1.,1.,1.,1.,1.,1.,1.,1.,1.,1.,1.,1.,1.,1.,1.,
1.,1.,1.,1.,1.,1.,1.,1.,1.,1.,1.))
REPRESENTATION_ITEM('')
);
#75=(
BOUNDED_CURVE()
B_SPLINE_CURVE(5,(#3644,#3645,#3646,#3647,#3648,#3649,#3650,#3651,#3652,
#3653,#3654,#3655,#3656,#3657,#3658,#3659,#3660,#3661,#3662,#3663,#3664,
#3665,#3666,#3667,#3668,#3669,#3670,#3671,#3672,#3673,#3674,#3675,#3676,
#3677,#3678,#3679,#3680,#3681,#3682,#3683,#3684,#3685,#3686,#3687,#3688,
#3689,#3690,#3691,#3692,#3693,#3694,#3695,#3696,#3697,#3698,#3699,#3700,
#3701,#3702,#3703,#3704,#3705,#3706,#3707,#3708,#3709,#3710,#3711,#3712,
#3713,#3714,#3715,#3716,#3717,#3718),.UNSPECIFIED.,.F.,.F.)
B_SPLINE_CURVE_WITH_KNOTS((6,1,1,1,1,1,1,1,1,1,1,1,1,1,1,1,1,1,1,1,1,1,
1,1,1,1,1,1,1,1,1,1,1,1,1,1,1,1,1,1,1,1,1,1,1,1,1,1,1,1,1,1,1,1,1,1,1,1,
1,1,1,1,1,1,1,1,1,1,1,1,6),(-1.,-0.985714285714284,-0.97142857142857,-0.957142857142856,
-0.942857142857141,-0.928571428571427,-0.914285714285713,-0.899999999999999,
-0.885714285714284,-0.87142857142857,-0.857142857142856,-0.842857142857142,
-0.828571428571428,-0.814285714285713,-0.799999999999999,-0.785714285714285,
-0.771428571428571,-0.757142857142856,-0.742857142857142,-0.728571428571428,
-0.714285714285714,-0.699999999999999,-0.685714285714285,-0.671428571428571,
-0.657142857142857,-0.642857142857142,-0.628571428571428,-0.614285714285714,
-0.6,-0.585714285714286,-0.571428571428571,-0.557142857142857,-0.542857142857143,
-0.528571428571429,-0.514285714285714,-0.5,-0.485714285714286,-0.471428571428572,
-0.457142857142857,-0.442857142857143,-0.428571428571429,-0.414285714285714,
-0.4,-0.385714285714286,-0.371428571428571,-0.357142857142857,-0.342857142857143,
-0.328571428571429,-0.314285714285714,-0.3,-0.285714285714286,-0.271428571428571,
-0.257142857142857,-0.242857142857143,-0.228571428571429,-0.214285714285714,
-0.2,-0.185714285714286,-0.171428571428571,-0.157142857142857,-0.142857142857143,
-0.128571428571429,-0.114285714285714,-0.1,-0.0857142857142857,-0.0714285714285714,
-0.0571428571428571,-0.0428571428571429,-0.0285714285714286,-0.0142857142857143,
0.),.UNSPECIFIED.)
CURVE()
GEOMETRIC_REPRESENTATION_ITEM()
RATIONAL_B_SPLINE_CURVE((1.,1.,1.,1.,1.,1.,1.,1.,1.,1.,1.,1.,1.,1.,1.,1.,
1.,1.,1.,1.,1.,1.,1.,1.,1.,1.,1.,1.,1.,1.,1.,1.,1.,1.,1.,1.,1.,1.,1.,1.,
1.,1.,1.,1.,1.,1.,1.,1.,1.,1.,1.,1.,1.,1.,1.,1.,1.,1.,1.,1.,1.,1.,1.,1.,
1.,1.,1.,1.,1.,1.,1.,1.,1.,1.,1.))
REPRESENTATION_ITEM('')
);
#76=(
BOUNDED_CURVE()
B_SPLINE_CURVE(5,(#3723,#3724,#3725,#3726,#3727,#3728,#3729,#3730,#3731,
#3732,#3733,#3734,#3735,#3736,#3737,#3738,#3739,#3740,#3741,#3742,#3743,
#3744,#3745,#3746,#3747,#3748,#3749,#3750,#3751,#3752,#3753,#3754,#3755,
#3756,#3757,#3758,#3759,#3760,#3761,#3762,#3763,#3764,#3765,#3766,#3767,
#3768,#3769,#3770,#3771,#3772,#3773,#3774,#3775,#3776,#3777,#3778,#3779,
#3780,#3781,#3782,#3783,#3784,#3785,#3786,#3787,#3788,#3789,#3790,#3791,
#3792,#3793,#3794,#3795,#3796,#3797),.UNSPECIFIED.,.F.,.F.)
B_SPLINE_CURVE_WITH_KNOTS((6,1,1,1,1,1,1,1,1,1,1,1,1,1,1,1,1,1,1,1,1,1,
1,1,1,1,1,1,1,1,1,1,1,1,1,1,1,1,1,1,1,1,1,1,1,1,1,1,1,1,1,1,1,1,1,1,1,1,
1,1,1,1,1,1,1,1,1,1,1,1,6),(0.,0.0142857142857143,0.0285714285714286,0.0428571428571429,
0.0571428571428571,0.0714285714285714,0.0857142857142857,0.1,0.114285714285714,
0.128571428571429,0.142857142857143,0.157142857142857,0.171428571428571,
0.185714285714286,0.2,0.214285714285714,0.228571428571429,0.242857142857143,
0.257142857142857,0.271428571428571,0.285714285714286,0.3,0.314285714285714,
0.328571428571429,0.342857142857143,0.357142857142857,0.371428571428571,
0.385714285714286,0.4,0.414285714285714,0.428571428571429,0.442857142857143,
0.457142857142857,0.471428571428572,0.485714285714286,0.5,0.514285714285714,
0.528571428571429,0.542857142857143,0.557142857142857,0.571428571428571,
0.585714285714286,0.6,0.614285714285714,0.628571428571428,0.642857142857142,
0.657142857142857,0.671428571428571,0.685714285714285,0.699999999999999,
0.714285714285714,0.728571428571428,0.742857142857142,0.757142857142856,
0.771428571428571,0.785714285714285,0.799999999999999,0.814285714285713,
0.828571428571428,0.842857142857142,0.857142857142856,0.87142857142857,
0.885714285714284,0.899999999999999,0.914285714285713,0.928571428571427,
0.942857142857141,0.957142857142856,0.97142857142857,0.985714285714284,
1.),.UNSPECIFIED.)
CURVE()
GEOMETRIC_REPRESENTATION_ITEM()
RATIONAL_B_SPLINE_CURVE((1.,1.,1.,1.,1.,1.,1.,1.,1.,1.,1.,1.,1.,1.,1.,1.,
1.,1.,1.,1.,1.,1.,1.,1.,1.,1.,1.,1.,1.,1.,1.,1.,1.,1.,1.,1.,1.,1.,1.,1.,
1.,1.,1.,1.,1.,1.,1.,1.,1.,1.,1.,1.,1.,1.,1.,1.,1.,1.,1.,1.,1.,1.,1.,1.,
1.,1.,1.,1.,1.,1.,1.,1.,1.,1.,1.))
REPRESENTATION_ITEM('')
);
#77=(
BOUNDED_CURVE()
B_SPLINE_CURVE(5,(#3809,#3810,#3811,#3812,#3813,#3814,#3815,#3816,#3817,
#3818,#3819,#3820,#3821,#3822,#3823,#3824,#3825,#3826,#3827,#3828,#3829,
#3830,#3831,#3832,#3833,#3834,#3835,#3836,#3837,#3838,#3839,#3840,#3841,
#3842,#3843,#3844,#3845,#3846,#3847,#3848,#3849,#3850,#3851,#3852,#3853,
#3854,#3855,#3856,#3857,#3858,#3859,#3860,#3861,#3862,#3863,#3864,#3865,
#3866,#3867,#3868,#3869,#3870,#3871,#3872,#3873,#3874,#3875,#3876,#3877,
#3878,#3879,#3880,#3881,#3882,#3883),.UNSPECIFIED.,.F.,.F.)
B_SPLINE_CURVE_WITH_KNOTS((6,1,1,1,1,1,1,1,1,1,1,1,1,1,1,1,1,1,1,1,1,1,
1,1,1,1,1,1,1,1,1,1,1,1,1,1,1,1,1,1,1,1,1,1,1,1,1,1,1,1,1,1,1,1,1,1,1,1,
1,1,1,1,1,1,1,1,1,1,1,1,6),(-1.,-0.985714285714284,-0.97142857142857,-0.957142857142856,
-0.942857142857141,-0.928571428571427,-0.914285714285713,-0.899999999999999,
-0.885714285714284,-0.87142857142857,-0.857142857142856,-0.842857142857142,
-0.828571428571428,-0.814285714285713,-0.799999999999999,-0.785714285714285,
-0.771428571428571,-0.757142857142856,-0.742857142857142,-0.728571428571428,
-0.714285714285714,-0.699999999999999,-0.685714285714285,-0.671428571428571,
-0.657142857142857,-0.642857142857142,-0.628571428571428,-0.614285714285714,
-0.6,-0.585714285714286,-0.571428571428571,-0.557142857142857,-0.542857142857143,
-0.528571428571429,-0.514285714285714,-0.5,-0.485714285714286,-0.471428571428572,
-0.457142857142857,-0.442857142857143,-0.428571428571429,-0.414285714285714,
-0.4,-0.385714285714286,-0.371428571428571,-0.357142857142857,-0.342857142857143,
-0.328571428571429,-0.314285714285714,-0.3,-0.285714285714286,-0.271428571428571,
-0.257142857142857,-0.242857142857143,-0.228571428571429,-0.214285714285714,
-0.2,-0.185714285714286,-0.171428571428571,-0.157142857142857,-0.142857142857143,
-0.128571428571429,-0.114285714285714,-0.1,-0.0857142857142857,-0.0714285714285714,
-0.0571428571428571,-0.0428571428571429,-0.0285714285714286,-0.0142857142857143,
0.),.UNSPECIFIED.)
CURVE()
GEOMETRIC_REPRESENTATION_ITEM()
RATIONAL_B_SPLINE_CURVE((1.,1.,1.,1.,1.,1.,1.,1.,1.,1.,1.,1.,1.,1.,1.,1.,
1.,1.,1.,1.,1.,1.,1.,1.,1.,1.,1.,1.,1.,1.,1.,1.,1.,1.,1.,1.,1.,1.,1.,1.,
1.,1.,1.,1.,1.,1.,1.,1.,1.,1.,1.,1.,1.,1.,1.,1.,1.,1.,1.,1.,1.,1.,1.,1.,
1.,1.,1.,1.,1.,1.,1.,1.,1.,1.,1.))
REPRESENTATION_ITEM('')
);
#78=(
BOUNDED_CURVE()
B_SPLINE_CURVE(5,(#3888,#3889,#3890,#3891,#3892,#3893,#3894,#3895,#3896,
#3897,#3898,#3899,#3900,#3901,#3902,#3903,#3904,#3905,#3906,#3907,#3908,
#3909,#3910,#3911,#3912,#3913,#3914,#3915,#3916,#3917,#3918,#3919,#3920,
#3921,#3922,#3923,#3924,#3925,#3926,#3927,#3928,#3929,#3930,#3931,#3932,
#3933,#3934,#3935,#3936,#3937,#3938,#3939,#3940,#3941,#3942,#3943,#3944,
#3945,#3946,#3947,#3948,#3949,#3950,#3951,#3952,#3953,#3954,#3955,#3956,
#3957,#3958,#3959,#3960,#3961,#3962),.UNSPECIFIED.,.F.,.F.)
B_SPLINE_CURVE_WITH_KNOTS((6,1,1,1,1,1,1,1,1,1,1,1,1,1,1,1,1,1,1,1,1,1,
1,1,1,1,1,1,1,1,1,1,1,1,1,1,1,1,1,1,1,1,1,1,1,1,1,1,1,1,1,1,1,1,1,1,1,1,
1,1,1,1,1,1,1,1,1,1,1,1,6),(0.,0.0142857142857143,0.0285714285714286,0.0428571428571429,
0.0571428571428571,0.0714285714285714,0.0857142857142857,0.1,0.114285714285714,
0.128571428571429,0.142857142857143,0.157142857142857,0.171428571428571,
0.185714285714286,0.2,0.214285714285714,0.228571428571429,0.242857142857143,
0.257142857142857,0.271428571428571,0.285714285714286,0.3,0.314285714285714,
0.328571428571429,0.342857142857143,0.357142857142857,0.371428571428571,
0.385714285714286,0.4,0.414285714285714,0.428571428571429,0.442857142857143,
0.457142857142857,0.471428571428572,0.485714285714286,0.5,0.514285714285714,
0.528571428571429,0.542857142857143,0.557142857142857,0.571428571428571,
0.585714285714286,0.6,0.614285714285714,0.628571428571428,0.642857142857142,
0.657142857142857,0.671428571428571,0.685714285714285,0.699999999999999,
0.714285714285714,0.728571428571428,0.742857142857142,0.757142857142856,
0.771428571428571,0.785714285714285,0.799999999999999,0.814285714285713,
0.828571428571428,0.842857142857142,0.857142857142856,0.87142857142857,
0.885714285714284,0.899999999999999,0.914285714285713,0.928571428571427,
0.942857142857141,0.957142857142856,0.97142857142857,0.985714285714284,
1.),.UNSPECIFIED.)
CURVE()
GEOMETRIC_REPRESENTATION_ITEM()
RATIONAL_B_SPLINE_CURVE((1.,1.,1.,1.,1.,1.,1.,1.,1.,1.,1.,1.,1.,1.,1.,1.,
1.,1.,1.,1.,1.,1.,1.,1.,1.,1.,1.,1.,1.,1.,1.,1.,1.,1.,1.,1.,1.,1.,1.,1.,
1.,1.,1.,1.,1.,1.,1.,1.,1.,1.,1.,1.,1.,1.,1.,1.,1.,1.,1.,1.,1.,1.,1.,1.,
1.,1.,1.,1.,1.,1.,1.,1.,1.,1.,1.))
REPRESENTATION_ITEM('')
);
#79=(
BOUNDED_CURVE()
B_SPLINE_CURVE(5,(#3974,#3975,#3976,#3977,#3978,#3979,#3980,#3981,#3982,
#3983,#3984,#3985,#3986,#3987,#3988,#3989,#3990,#3991,#3992,#3993,#3994,
#3995,#3996,#3997,#3998,#3999,#4000,#4001,#4002,#4003,#4004,#4005,#4006,
#4007,#4008,#4009,#4010,#4011,#4012,#4013,#4014,#4015,#4016,#4017,#4018,
#4019,#4020,#4021,#4022,#4023,#4024,#4025,#4026,#4027,#4028,#4029,#4030,
#4031,#4032,#4033,#4034,#4035,#4036,#4037,#4038,#4039,#4040,#4041,#4042,
#4043,#4044,#4045,#4046,#4047,#4048),.UNSPECIFIED.,.F.,.F.)
B_SPLINE_CURVE_WITH_KNOTS((6,1,1,1,1,1,1,1,1,1,1,1,1,1,1,1,1,1,1,1,1,1,
1,1,1,1,1,1,1,1,1,1,1,1,1,1,1,1,1,1,1,1,1,1,1,1,1,1,1,1,1,1,1,1,1,1,1,1,
1,1,1,1,1,1,1,1,1,1,1,1,6),(-1.,-0.985714285714284,-0.97142857142857,-0.957142857142856,
-0.942857142857141,-0.928571428571427,-0.914285714285713,-0.899999999999999,
-0.885714285714284,-0.87142857142857,-0.857142857142856,-0.842857142857142,
-0.828571428571428,-0.814285714285713,-0.799999999999999,-0.785714285714285,
-0.771428571428571,-0.757142857142856,-0.742857142857142,-0.728571428571428,
-0.714285714285714,-0.699999999999999,-0.685714285714285,-0.671428571428571,
-0.657142857142857,-0.642857142857142,-0.628571428571428,-0.614285714285714,
-0.6,-0.585714285714286,-0.571428571428571,-0.557142857142857,-0.542857142857143,
-0.528571428571429,-0.514285714285714,-0.5,-0.485714285714286,-0.471428571428572,
-0.457142857142857,-0.442857142857143,-0.428571428571429,-0.414285714285714,
-0.4,-0.385714285714286,-0.371428571428571,-0.357142857142857,-0.342857142857143,
-0.328571428571429,-0.314285714285714,-0.3,-0.285714285714286,-0.271428571428571,
-0.257142857142857,-0.242857142857143,-0.228571428571429,-0.214285714285714,
-0.2,-0.185714285714286,-0.171428571428571,-0.157142857142857,-0.142857142857143,
-0.128571428571429,-0.114285714285714,-0.1,-0.0857142857142857,-0.0714285714285714,
-0.0571428571428571,-0.0428571428571429,-0.0285714285714286,-0.0142857142857143,
0.),.UNSPECIFIED.)
CURVE()
GEOMETRIC_REPRESENTATION_ITEM()
RATIONAL_B_SPLINE_CURVE((1.,1.,1.,1.,1.,1.,1.,1.,1.,1.,1.,1.,1.,1.,1.,1.,
1.,1.,1.,1.,1.,1.,1.,1.,1.,1.,1.,1.,1.,1.,1.,1.,1.,1.,1.,1.,1.,1.,1.,1.,
1.,1.,1.,1.,1.,1.,1.,1.,1.,1.,1.,1.,1.,1.,1.,1.,1.,1.,1.,1.,1.,1.,1.,1.,
1.,1.,1.,1.,1.,1.,1.,1.,1.,1.,1.))
REPRESENTATION_ITEM('')
);
#80=(
BOUNDED_CURVE()
B_SPLINE_CURVE(5,(#4053,#4054,#4055,#4056,#4057,#4058,#4059,#4060,#4061,
#4062,#4063,#4064,#4065,#4066,#4067,#4068,#4069,#4070,#4071,#4072,#4073,
#4074,#4075,#4076,#4077,#4078,#4079,#4080,#4081,#4082,#4083,#4084,#4085,
#4086,#4087,#4088,#4089,#4090,#4091,#4092,#4093,#4094,#4095,#4096,#4097,
#4098,#4099,#4100,#4101,#4102,#4103,#4104,#4105,#4106,#4107,#4108,#4109,
#4110,#4111,#4112,#4113,#4114,#4115,#4116,#4117,#4118,#4119,#4120,#4121,
#4122,#4123,#4124,#4125,#4126,#4127),.UNSPECIFIED.,.F.,.F.)
B_SPLINE_CURVE_WITH_KNOTS((6,1,1,1,1,1,1,1,1,1,1,1,1,1,1,1,1,1,1,1,1,1,
1,1,1,1,1,1,1,1,1,1,1,1,1,1,1,1,1,1,1,1,1,1,1,1,1,1,1,1,1,1,1,1,1,1,1,1,
1,1,1,1,1,1,1,1,1,1,1,1,6),(0.,0.0142857142857143,0.0285714285714286,0.0428571428571429,
0.0571428571428571,0.0714285714285714,0.0857142857142857,0.1,0.114285714285714,
0.128571428571429,0.142857142857143,0.157142857142857,0.171428571428571,
0.185714285714286,0.2,0.214285714285714,0.228571428571429,0.242857142857143,
0.257142857142857,0.271428571428571,0.285714285714286,0.3,0.314285714285714,
0.328571428571429,0.342857142857143,0.357142857142857,0.371428571428571,
0.385714285714286,0.4,0.414285714285714,0.428571428571429,0.442857142857143,
0.457142857142857,0.471428571428572,0.485714285714286,0.5,0.514285714285714,
0.528571428571429,0.542857142857143,0.557142857142857,0.571428571428571,
0.585714285714286,0.6,0.614285714285714,0.628571428571428,0.642857142857142,
0.657142857142857,0.671428571428571,0.685714285714285,0.699999999999999,
0.714285714285714,0.728571428571428,0.742857142857142,0.757142857142856,
0.771428571428571,0.785714285714285,0.799999999999999,0.814285714285713,
0.828571428571428,0.842857142857142,0.857142857142856,0.87142857142857,
0.885714285714284,0.899999999999999,0.914285714285713,0.928571428571427,
0.942857142857141,0.957142857142856,0.97142857142857,0.985714285714284,
1.),.UNSPECIFIED.)
CURVE()
GEOMETRIC_REPRESENTATION_ITEM()
RATIONAL_B_SPLINE_CURVE((1.,1.,1.,1.,1.,1.,1.,1.,1.,1.,1.,1.,1.,1.,1.,1.,
1.,1.,1.,1.,1.,1.,1.,1.,1.,1.,1.,1.,1.,1.,1.,1.,1.,1.,1.,1.,1.,1.,1.,1.,
1.,1.,1.,1.,1.,1.,1.,1.,1.,1.,1.,1.,1.,1.,1.,1.,1.,1.,1.,1.,1.,1.,1.,1.,
1.,1.,1.,1.,1.,1.,1.,1.,1.,1.,1.))
REPRESENTATION_ITEM('')
);
#81=(
BOUNDED_CURVE()
B_SPLINE_CURVE(5,(#4139,#4140,#4141,#4142,#4143,#4144,#4145,#4146,#4147,
#4148,#4149,#4150,#4151,#4152,#4153,#4154,#4155,#4156,#4157,#4158,#4159,
#4160,#4161,#4162,#4163,#4164,#4165,#4166,#4167,#4168,#4169,#4170,#4171,
#4172,#4173,#4174,#4175,#4176,#4177,#4178,#4179,#4180,#4181,#4182,#4183,
#4184,#4185,#4186,#4187,#4188,#4189,#4190,#4191,#4192,#4193,#4194,#4195,
#4196,#4197,#4198,#4199,#4200,#4201,#4202,#4203,#4204,#4205,#4206,#4207,
#4208,#4209,#4210,#4211,#4212,#4213),.UNSPECIFIED.,.F.,.F.)
B_SPLINE_CURVE_WITH_KNOTS((6,1,1,1,1,1,1,1,1,1,1,1,1,1,1,1,1,1,1,1,1,1,
1,1,1,1,1,1,1,1,1,1,1,1,1,1,1,1,1,1,1,1,1,1,1,1,1,1,1,1,1,1,1,1,1,1,1,1,
1,1,1,1,1,1,1,1,1,1,1,1,6),(-1.,-0.985714285714284,-0.97142857142857,-0.957142857142856,
-0.942857142857141,-0.928571428571427,-0.914285714285713,-0.899999999999999,
-0.885714285714284,-0.87142857142857,-0.857142857142856,-0.842857142857142,
-0.828571428571428,-0.814285714285713,-0.799999999999999,-0.785714285714285,
-0.771428571428571,-0.757142857142856,-0.742857142857142,-0.728571428571428,
-0.714285714285714,-0.699999999999999,-0.685714285714285,-0.671428571428571,
-0.657142857142857,-0.642857142857142,-0.628571428571428,-0.614285714285714,
-0.6,-0.585714285714286,-0.571428571428571,-0.557142857142857,-0.542857142857143,
-0.528571428571429,-0.514285714285714,-0.5,-0.485714285714286,-0.471428571428572,
-0.457142857142857,-0.442857142857143,-0.428571428571429,-0.414285714285714,
-0.4,-0.385714285714286,-0.371428571428571,-0.357142857142857,-0.342857142857143,
-0.328571428571429,-0.314285714285714,-0.3,-0.285714285714286,-0.271428571428571,
-0.257142857142857,-0.242857142857143,-0.228571428571429,-0.214285714285714,
-0.2,-0.185714285714286,-0.171428571428571,-0.157142857142857,-0.142857142857143,
-0.128571428571429,-0.114285714285714,-0.1,-0.0857142857142857,-0.0714285714285714,
-0.0571428571428571,-0.0428571428571429,-0.0285714285714286,-0.0142857142857143,
0.),.UNSPECIFIED.)
CURVE()
GEOMETRIC_REPRESENTATION_ITEM()
RATIONAL_B_SPLINE_CURVE((1.,1.,1.,1.,1.,1.,1.,1.,1.,1.,1.,1.,1.,1.,1.,1.,
1.,1.,1.,1.,1.,1.,1.,1.,1.,1.,1.,1.,1.,1.,1.,1.,1.,1.,1.,1.,1.,1.,1.,1.,
1.,1.,1.,1.,1.,1.,1.,1.,1.,1.,1.,1.,1.,1.,1.,1.,1.,1.,1.,1.,1.,1.,1.,1.,
1.,1.,1.,1.,1.,1.,1.,1.,1.,1.,1.))
REPRESENTATION_ITEM('')
);
#82=(
BOUNDED_CURVE()
B_SPLINE_CURVE(5,(#4218,#4219,#4220,#4221,#4222,#4223,#4224,#4225,#4226,
#4227,#4228,#4229,#4230,#4231,#4232,#4233,#4234,#4235,#4236,#4237,#4238,
#4239,#4240,#4241,#4242,#4243,#4244,#4245,#4246,#4247,#4248,#4249,#4250,
#4251,#4252,#4253,#4254,#4255,#4256,#4257,#4258,#4259,#4260,#4261,#4262,
#4263,#4264,#4265,#4266,#4267,#4268,#4269,#4270,#4271,#4272,#4273,#4274,
#4275,#4276,#4277,#4278,#4279,#4280,#4281,#4282,#4283,#4284,#4285,#4286,
#4287,#4288,#4289,#4290,#4291,#4292),.UNSPECIFIED.,.F.,.F.)
B_SPLINE_CURVE_WITH_KNOTS((6,1,1,1,1,1,1,1,1,1,1,1,1,1,1,1,1,1,1,1,1,1,
1,1,1,1,1,1,1,1,1,1,1,1,1,1,1,1,1,1,1,1,1,1,1,1,1,1,1,1,1,1,1,1,1,1,1,1,
1,1,1,1,1,1,1,1,1,1,1,1,6),(0.,0.0142857142857143,0.0285714285714286,0.0428571428571429,
0.0571428571428571,0.0714285714285714,0.0857142857142857,0.1,0.114285714285714,
0.128571428571429,0.142857142857143,0.157142857142857,0.171428571428571,
0.185714285714286,0.2,0.214285714285714,0.228571428571429,0.242857142857143,
0.257142857142857,0.271428571428571,0.285714285714286,0.3,0.314285714285714,
0.328571428571429,0.342857142857143,0.357142857142857,0.371428571428571,
0.385714285714286,0.4,0.414285714285714,0.428571428571429,0.442857142857143,
0.457142857142857,0.471428571428572,0.485714285714286,0.5,0.514285714285714,
0.528571428571429,0.542857142857143,0.557142857142857,0.571428571428571,
0.585714285714286,0.6,0.614285714285714,0.628571428571428,0.642857142857142,
0.657142857142857,0.671428571428571,0.685714285714285,0.699999999999999,
0.714285714285714,0.728571428571428,0.742857142857142,0.757142857142856,
0.771428571428571,0.785714285714285,0.799999999999999,0.814285714285713,
0.828571428571428,0.842857142857142,0.857142857142856,0.87142857142857,
0.885714285714284,0.899999999999999,0.914285714285713,0.928571428571427,
0.942857142857141,0.957142857142856,0.97142857142857,0.985714285714284,
1.),.UNSPECIFIED.)
CURVE()
GEOMETRIC_REPRESENTATION_ITEM()
RATIONAL_B_SPLINE_CURVE((1.,1.,1.,1.,1.,1.,1.,1.,1.,1.,1.,1.,1.,1.,1.,1.,
1.,1.,1.,1.,1.,1.,1.,1.,1.,1.,1.,1.,1.,1.,1.,1.,1.,1.,1.,1.,1.,1.,1.,1.,
1.,1.,1.,1.,1.,1.,1.,1.,1.,1.,1.,1.,1.,1.,1.,1.,1.,1.,1.,1.,1.,1.,1.,1.,
1.,1.,1.,1.,1.,1.,1.,1.,1.,1.,1.))
REPRESENTATION_ITEM('')
);
#83=(
BOUNDED_CURVE()
B_SPLINE_CURVE(5,(#4304,#4305,#4306,#4307,#4308,#4309,#4310,#4311,#4312,
#4313,#4314,#4315,#4316,#4317,#4318,#4319,#4320,#4321,#4322,#4323,#4324,
#4325,#4326,#4327,#4328,#4329,#4330,#4331,#4332,#4333,#4334,#4335,#4336,
#4337,#4338,#4339,#4340,#4341,#4342,#4343,#4344,#4345,#4346,#4347,#4348,
#4349,#4350,#4351,#4352,#4353,#4354,#4355,#4356,#4357,#4358,#4359,#4360,
#4361,#4362,#4363,#4364,#4365,#4366,#4367,#4368,#4369,#4370,#4371,#4372,
#4373,#4374,#4375,#4376,#4377,#4378),.UNSPECIFIED.,.F.,.F.)
B_SPLINE_CURVE_WITH_KNOTS((6,1,1,1,1,1,1,1,1,1,1,1,1,1,1,1,1,1,1,1,1,1,
1,1,1,1,1,1,1,1,1,1,1,1,1,1,1,1,1,1,1,1,1,1,1,1,1,1,1,1,1,1,1,1,1,1,1,1,
1,1,1,1,1,1,1,1,1,1,1,1,6),(-1.,-0.985714285714284,-0.97142857142857,-0.957142857142856,
-0.942857142857141,-0.928571428571427,-0.914285714285713,-0.899999999999999,
-0.885714285714284,-0.87142857142857,-0.857142857142856,-0.842857142857142,
-0.828571428571428,-0.814285714285713,-0.799999999999999,-0.785714285714285,
-0.771428571428571,-0.757142857142856,-0.742857142857142,-0.728571428571428,
-0.714285714285714,-0.699999999999999,-0.685714285714285,-0.671428571428571,
-0.657142857142857,-0.642857142857142,-0.628571428571428,-0.614285714285714,
-0.6,-0.585714285714286,-0.571428571428571,-0.557142857142857,-0.542857142857143,
-0.528571428571429,-0.514285714285714,-0.5,-0.485714285714286,-0.471428571428572,
-0.457142857142857,-0.442857142857143,-0.428571428571429,-0.414285714285714,
-0.4,-0.385714285714286,-0.371428571428571,-0.357142857142857,-0.342857142857143,
-0.328571428571429,-0.314285714285714,-0.3,-0.285714285714286,-0.271428571428571,
-0.257142857142857,-0.242857142857143,-0.228571428571429,-0.214285714285714,
-0.2,-0.185714285714286,-0.171428571428571,-0.157142857142857,-0.142857142857143,
-0.128571428571429,-0.114285714285714,-0.1,-0.0857142857142857,-0.0714285714285714,
-0.0571428571428571,-0.0428571428571429,-0.0285714285714286,-0.0142857142857143,
0.),.UNSPECIFIED.)
CURVE()
GEOMETRIC_REPRESENTATION_ITEM()
RATIONAL_B_SPLINE_CURVE((1.,1.,1.,1.,1.,1.,1.,1.,1.,1.,1.,1.,1.,1.,1.,1.,
1.,1.,1.,1.,1.,1.,1.,1.,1.,1.,1.,1.,1.,1.,1.,1.,1.,1.,1.,1.,1.,1.,1.,1.,
1.,1.,1.,1.,1.,1.,1.,1.,1.,1.,1.,1.,1.,1.,1.,1.,1.,1.,1.,1.,1.,1.,1.,1.,
1.,1.,1.,1.,1.,1.,1.,1.,1.,1.,1.))
REPRESENTATION_ITEM('')
);
#84=(
BOUNDED_CURVE()
B_SPLINE_CURVE(5,(#4383,#4384,#4385,#4386,#4387,#4388,#4389,#4390,#4391,
#4392,#4393,#4394,#4395,#4396,#4397,#4398,#4399,#4400,#4401,#4402,#4403,
#4404,#4405,#4406,#4407,#4408,#4409,#4410,#4411,#4412,#4413,#4414,#4415,
#4416,#4417,#4418,#4419,#4420,#4421,#4422,#4423,#4424,#4425,#4426,#4427,
#4428,#4429,#4430,#4431,#4432,#4433,#4434,#4435,#4436,#4437,#4438,#4439,
#4440,#4441,#4442,#4443,#4444,#4445,#4446,#4447,#4448,#4449,#4450,#4451,
#4452,#4453,#4454,#4455,#4456,#4457),.UNSPECIFIED.,.F.,.F.)
B_SPLINE_CURVE_WITH_KNOTS((6,1,1,1,1,1,1,1,1,1,1,1,1,1,1,1,1,1,1,1,1,1,
1,1,1,1,1,1,1,1,1,1,1,1,1,1,1,1,1,1,1,1,1,1,1,1,1,1,1,1,1,1,1,1,1,1,1,1,
1,1,1,1,1,1,1,1,1,1,1,1,6),(-1.,-0.985714285714284,-0.97142857142857,-0.957142857142856,
-0.942857142857141,-0.928571428571427,-0.914285714285713,-0.899999999999999,
-0.885714285714284,-0.87142857142857,-0.857142857142856,-0.842857142857142,
-0.828571428571428,-0.814285714285713,-0.799999999999999,-0.785714285714285,
-0.771428571428571,-0.757142857142856,-0.742857142857142,-0.728571428571428,
-0.714285714285714,-0.699999999999999,-0.685714285714285,-0.671428571428571,
-0.657142857142857,-0.642857142857142,-0.628571428571428,-0.614285714285714,
-0.6,-0.585714285714286,-0.571428571428571,-0.557142857142857,-0.542857142857143,
-0.528571428571429,-0.514285714285714,-0.5,-0.485714285714286,-0.471428571428572,
-0.457142857142857,-0.442857142857143,-0.428571428571429,-0.414285714285714,
-0.4,-0.385714285714286,-0.371428571428571,-0.357142857142857,-0.342857142857143,
-0.328571428571429,-0.314285714285714,-0.3,-0.285714285714286,-0.271428571428571,
-0.257142857142857,-0.242857142857143,-0.228571428571429,-0.214285714285714,
-0.2,-0.185714285714286,-0.171428571428571,-0.157142857142857,-0.142857142857143,
-0.128571428571429,-0.114285714285714,-0.1,-0.0857142857142857,-0.0714285714285714,
-0.0571428571428571,-0.0428571428571429,-0.0285714285714286,-0.0142857142857143,
0.),.UNSPECIFIED.)
CURVE()
GEOMETRIC_REPRESENTATION_ITEM()
RATIONAL_B_SPLINE_CURVE((1.,1.,1.,1.,1.,1.,1.,1.,1.,1.,1.,1.,1.,1.,1.,1.,
1.,1.,1.,1.,1.,1.,1.,1.,1.,1.,1.,1.,1.,1.,1.,1.,1.,1.,1.,1.,1.,1.,1.,1.,
1.,1.,1.,1.,1.,1.,1.,1.,1.,1.,1.,1.,1.,1.,1.,1.,1.,1.,1.,1.,1.,1.,1.,1.,
1.,1.,1.,1.,1.,1.,1.,1.,1.,1.,1.))
REPRESENTATION_ITEM('')
);
#85=(
BOUNDED_CURVE()
B_SPLINE_CURVE(5,(#4461,#4462,#4463,#4464,#4465,#4466,#4467,#4468,#4469,
#4470,#4471,#4472,#4473,#4474,#4475,#4476,#4477,#4478,#4479,#4480,#4481,
#4482,#4483,#4484,#4485,#4486,#4487,#4488,#4489,#4490,#4491,#4492,#4493,
#4494,#4495,#4496,#4497,#4498,#4499,#4500,#4501,#4502,#4503,#4504,#4505,
#4506,#4507,#4508,#4509,#4510,#4511,#4512,#4513,#4514,#4515,#4516,#4517,
#4518,#4519,#4520,#4521,#4522,#4523,#4524,#4525,#4526,#4527,#4528,#4529,
#4530,#4531,#4532,#4533,#4534,#4535),.UNSPECIFIED.,.F.,.F.)
B_SPLINE_CURVE_WITH_KNOTS((6,1,1,1,1,1,1,1,1,1,1,1,1,1,1,1,1,1,1,1,1,1,
1,1,1,1,1,1,1,1,1,1,1,1,1,1,1,1,1,1,1,1,1,1,1,1,1,1,1,1,1,1,1,1,1,1,1,1,
1,1,1,1,1,1,1,1,1,1,1,1,6),(0.,0.0142857142857143,0.0285714285714286,0.0428571428571429,
0.0571428571428571,0.0714285714285714,0.0857142857142857,0.1,0.114285714285714,
0.128571428571429,0.142857142857143,0.157142857142857,0.171428571428571,
0.185714285714286,0.2,0.214285714285714,0.228571428571429,0.242857142857143,
0.257142857142857,0.271428571428571,0.285714285714286,0.3,0.314285714285714,
0.328571428571429,0.342857142857143,0.357142857142857,0.371428571428571,
0.385714285714286,0.4,0.414285714285714,0.428571428571429,0.442857142857143,
0.457142857142857,0.471428571428572,0.485714285714286,0.5,0.514285714285714,
0.528571428571429,0.542857142857143,0.557142857142857,0.571428571428571,
0.585714285714286,0.6,0.614285714285714,0.628571428571428,0.642857142857142,
0.657142857142857,0.671428571428571,0.685714285714285,0.699999999999999,
0.714285714285714,0.728571428571428,0.742857142857142,0.757142857142856,
0.771428571428571,0.785714285714285,0.799999999999999,0.814285714285713,
0.828571428571428,0.842857142857142,0.857142857142856,0.87142857142857,
0.885714285714284,0.899999999999999,0.914285714285713,0.928571428571427,
0.942857142857141,0.957142857142856,0.97142857142857,0.985714285714284,
1.),.UNSPECIFIED.)
CURVE()
GEOMETRIC_REPRESENTATION_ITEM()
RATIONAL_B_SPLINE_CURVE((1.,1.,1.,1.,1.,1.,1.,1.,1.,1.,1.,1.,1.,1.,1.,1.,
1.,1.,1.,1.,1.,1.,1.,1.,1.,1.,1.,1.,1.,1.,1.,1.,1.,1.,1.,1.,1.,1.,1.,1.,
1.,1.,1.,1.,1.,1.,1.,1.,1.,1.,1.,1.,1.,1.,1.,1.,1.,1.,1.,1.,1.,1.,1.,1.,
1.,1.,1.,1.,1.,1.,1.,1.,1.,1.,1.))
REPRESENTATION_ITEM('')
);
#86=(
BOUNDED_CURVE()
B_SPLINE_CURVE(5,(#4548,#4549,#4550,#4551,#4552,#4553,#4554,#4555,#4556,
#4557,#4558,#4559,#4560,#4561,#4562,#4563,#4564,#4565,#4566,#4567,#4568,
#4569,#4570,#4571,#4572,#4573,#4574,#4575,#4576,#4577,#4578,#4579,#4580,
#4581,#4582,#4583,#4584,#4585,#4586,#4587,#4588,#4589,#4590,#4591,#4592,
#4593,#4594,#4595,#4596,#4597,#4598,#4599,#4600,#4601,#4602,#4603,#4604,
#4605,#4606,#4607,#4608,#4609,#4610,#4611,#4612,#4613,#4614,#4615,#4616,
#4617,#4618,#4619,#4620,#4621,#4622),.UNSPECIFIED.,.F.,.F.)
B_SPLINE_CURVE_WITH_KNOTS((6,1,1,1,1,1,1,1,1,1,1,1,1,1,1,1,1,1,1,1,1,1,
1,1,1,1,1,1,1,1,1,1,1,1,1,1,1,1,1,1,1,1,1,1,1,1,1,1,1,1,1,1,1,1,1,1,1,1,
1,1,1,1,1,1,1,1,1,1,1,1,6),(-1.,-0.985714285714284,-0.97142857142857,-0.957142857142856,
-0.942857142857141,-0.928571428571427,-0.914285714285713,-0.899999999999999,
-0.885714285714284,-0.87142857142857,-0.857142857142856,-0.842857142857142,
-0.828571428571428,-0.814285714285713,-0.799999999999999,-0.785714285714285,
-0.771428571428571,-0.757142857142856,-0.742857142857142,-0.728571428571428,
-0.714285714285714,-0.699999999999999,-0.685714285714285,-0.671428571428571,
-0.657142857142857,-0.642857142857142,-0.628571428571428,-0.614285714285714,
-0.6,-0.585714285714286,-0.571428571428571,-0.557142857142857,-0.542857142857143,
-0.528571428571429,-0.514285714285714,-0.5,-0.485714285714286,-0.471428571428572,
-0.457142857142857,-0.442857142857143,-0.428571428571429,-0.414285714285714,
-0.4,-0.385714285714286,-0.371428571428571,-0.357142857142857,-0.342857142857143,
-0.328571428571429,-0.314285714285714,-0.3,-0.285714285714286,-0.271428571428571,
-0.257142857142857,-0.242857142857143,-0.228571428571429,-0.214285714285714,
-0.2,-0.185714285714286,-0.171428571428571,-0.157142857142857,-0.142857142857143,
-0.128571428571429,-0.114285714285714,-0.1,-0.0857142857142857,-0.0714285714285714,
-0.0571428571428571,-0.0428571428571429,-0.0285714285714286,-0.0142857142857143,
0.),.UNSPECIFIED.)
CURVE()
GEOMETRIC_REPRESENTATION_ITEM()
RATIONAL_B_SPLINE_CURVE((1.,1.,1.,1.,1.,1.,1.,1.,1.,1.,1.,1.,1.,1.,1.,1.,
1.,1.,1.,1.,1.,1.,1.,1.,1.,1.,1.,1.,1.,1.,1.,1.,1.,1.,1.,1.,1.,1.,1.,1.,
1.,1.,1.,1.,1.,1.,1.,1.,1.,1.,1.,1.,1.,1.,1.,1.,1.,1.,1.,1.,1.,1.,1.,1.,
1.,1.,1.,1.,1.,1.,1.,1.,1.,1.,1.))
REPRESENTATION_ITEM('')
);
#87=(
BOUNDED_CURVE()
B_SPLINE_CURVE(5,(#4626,#4627,#4628,#4629,#4630,#4631,#4632,#4633,#4634,
#4635,#4636,#4637,#4638,#4639,#4640,#4641,#4642,#4643,#4644,#4645,#4646,
#4647,#4648,#4649,#4650,#4651,#4652,#4653,#4654,#4655,#4656,#4657,#4658,
#4659,#4660,#4661,#4662,#4663,#4664,#4665,#4666,#4667,#4668,#4669,#4670,
#4671,#4672,#4673,#4674,#4675,#4676,#4677,#4678,#4679,#4680,#4681,#4682,
#4683,#4684,#4685,#4686,#4687,#4688,#4689,#4690,#4691,#4692,#4693,#4694,
#4695,#4696,#4697,#4698,#4699,#4700),.UNSPECIFIED.,.F.,.F.)
B_SPLINE_CURVE_WITH_KNOTS((6,1,1,1,1,1,1,1,1,1,1,1,1,1,1,1,1,1,1,1,1,1,
1,1,1,1,1,1,1,1,1,1,1,1,1,1,1,1,1,1,1,1,1,1,1,1,1,1,1,1,1,1,1,1,1,1,1,1,
1,1,1,1,1,1,1,1,1,1,1,1,6),(0.,0.0142857142857143,0.0285714285714286,0.0428571428571429,
0.0571428571428571,0.0714285714285714,0.0857142857142857,0.1,0.114285714285714,
0.128571428571429,0.142857142857143,0.157142857142857,0.171428571428571,
0.185714285714286,0.2,0.214285714285714,0.228571428571429,0.242857142857143,
0.257142857142857,0.271428571428571,0.285714285714286,0.3,0.314285714285714,
0.328571428571429,0.342857142857143,0.357142857142857,0.371428571428571,
0.385714285714286,0.4,0.414285714285714,0.428571428571429,0.442857142857143,
0.457142857142857,0.471428571428572,0.485714285714286,0.5,0.514285714285714,
0.528571428571429,0.542857142857143,0.557142857142857,0.571428571428571,
0.585714285714286,0.6,0.614285714285714,0.628571428571428,0.642857142857142,
0.657142857142857,0.671428571428571,0.685714285714285,0.699999999999999,
0.714285714285714,0.728571428571428,0.742857142857142,0.757142857142856,
0.771428571428571,0.785714285714285,0.799999999999999,0.814285714285713,
0.828571428571428,0.842857142857142,0.857142857142856,0.87142857142857,
0.885714285714284,0.899999999999999,0.914285714285713,0.928571428571427,
0.942857142857141,0.957142857142856,0.97142857142857,0.985714285714284,
1.),.UNSPECIFIED.)
CURVE()
GEOMETRIC_REPRESENTATION_ITEM()
RATIONAL_B_SPLINE_CURVE((1.,1.,1.,1.,1.,1.,1.,1.,1.,1.,1.,1.,1.,1.,1.,1.,
1.,1.,1.,1.,1.,1.,1.,1.,1.,1.,1.,1.,1.,1.,1.,1.,1.,1.,1.,1.,1.,1.,1.,1.,
1.,1.,1.,1.,1.,1.,1.,1.,1.,1.,1.,1.,1.,1.,1.,1.,1.,1.,1.,1.,1.,1.,1.,1.,
1.,1.,1.,1.,1.,1.,1.,1.,1.,1.,1.))
REPRESENTATION_ITEM('')
);
#88=(
BOUNDED_CURVE()
B_SPLINE_CURVE(5,(#4713,#4714,#4715,#4716,#4717,#4718,#4719,#4720,#4721,
#4722,#4723,#4724,#4725,#4726,#4727,#4728,#4729,#4730,#4731,#4732,#4733,
#4734,#4735,#4736,#4737,#4738,#4739,#4740,#4741,#4742,#4743,#4744,#4745,
#4746,#4747,#4748,#4749,#4750,#4751,#4752,#4753,#4754,#4755,#4756,#4757,
#4758,#4759,#4760,#4761,#4762,#4763,#4764,#4765,#4766,#4767,#4768,#4769,
#4770,#4771,#4772,#4773,#4774,#4775,#4776,#4777,#4778,#4779,#4780,#4781,
#4782,#4783,#4784,#4785,#4786,#4787),.UNSPECIFIED.,.F.,.F.)
B_SPLINE_CURVE_WITH_KNOTS((6,1,1,1,1,1,1,1,1,1,1,1,1,1,1,1,1,1,1,1,1,1,
1,1,1,1,1,1,1,1,1,1,1,1,1,1,1,1,1,1,1,1,1,1,1,1,1,1,1,1,1,1,1,1,1,1,1,1,
1,1,1,1,1,1,1,1,1,1,1,1,6),(-1.,-0.985714285714284,-0.97142857142857,-0.957142857142856,
-0.942857142857141,-0.928571428571427,-0.914285714285713,-0.899999999999999,
-0.885714285714284,-0.87142857142857,-0.857142857142856,-0.842857142857142,
-0.828571428571428,-0.814285714285713,-0.799999999999999,-0.785714285714285,
-0.771428571428571,-0.757142857142856,-0.742857142857142,-0.728571428571428,
-0.714285714285714,-0.699999999999999,-0.685714285714285,-0.671428571428571,
-0.657142857142857,-0.642857142857142,-0.628571428571428,-0.614285714285714,
-0.6,-0.585714285714286,-0.571428571428571,-0.557142857142857,-0.542857142857143,
-0.528571428571429,-0.514285714285714,-0.5,-0.485714285714286,-0.471428571428572,
-0.457142857142857,-0.442857142857143,-0.428571428571429,-0.414285714285714,
-0.4,-0.385714285714286,-0.371428571428571,-0.357142857142857,-0.342857142857143,
-0.328571428571429,-0.314285714285714,-0.3,-0.285714285714286,-0.271428571428571,
-0.257142857142857,-0.242857142857143,-0.228571428571429,-0.214285714285714,
-0.2,-0.185714285714286,-0.171428571428571,-0.157142857142857,-0.142857142857143,
-0.128571428571429,-0.114285714285714,-0.1,-0.0857142857142857,-0.0714285714285714,
-0.0571428571428571,-0.0428571428571429,-0.0285714285714286,-0.0142857142857143,
0.),.UNSPECIFIED.)
CURVE()
GEOMETRIC_REPRESENTATION_ITEM()
RATIONAL_B_SPLINE_CURVE((1.,1.,1.,1.,1.,1.,1.,1.,1.,1.,1.,1.,1.,1.,1.,1.,
1.,1.,1.,1.,1.,1.,1.,1.,1.,1.,1.,1.,1.,1.,1.,1.,1.,1.,1.,1.,1.,1.,1.,1.,
1.,1.,1.,1.,1.,1.,1.,1.,1.,1.,1.,1.,1.,1.,1.,1.,1.,1.,1.,1.,1.,1.,1.,1.,
1.,1.,1.,1.,1.,1.,1.,1.,1.,1.,1.))
REPRESENTATION_ITEM('')
);
#89=(
BOUNDED_CURVE()
B_SPLINE_CURVE(5,(#4791,#4792,#4793,#4794,#4795,#4796,#4797,#4798,#4799,
#4800,#4801,#4802,#4803,#4804,#4805,#4806,#4807,#4808,#4809,#4810,#4811,
#4812,#4813,#4814,#4815,#4816,#4817,#4818,#4819,#4820,#4821,#4822,#4823,
#4824,#4825,#4826,#4827,#4828,#4829,#4830,#4831,#4832,#4833,#4834,#4835,
#4836,#4837,#4838,#4839,#4840,#4841,#4842,#4843,#4844,#4845,#4846,#4847,
#4848,#4849,#4850,#4851,#4852,#4853,#4854,#4855,#4856,#4857,#4858,#4859,
#4860,#4861,#4862,#4863,#4864,#4865),.UNSPECIFIED.,.F.,.F.)
B_SPLINE_CURVE_WITH_KNOTS((6,1,1,1,1,1,1,1,1,1,1,1,1,1,1,1,1,1,1,1,1,1,
1,1,1,1,1,1,1,1,1,1,1,1,1,1,1,1,1,1,1,1,1,1,1,1,1,1,1,1,1,1,1,1,1,1,1,1,
1,1,1,1,1,1,1,1,1,1,1,1,6),(0.,0.0142857142857143,0.0285714285714286,0.0428571428571429,
0.0571428571428571,0.0714285714285714,0.0857142857142857,0.1,0.114285714285714,
0.128571428571429,0.142857142857143,0.157142857142857,0.171428571428571,
0.185714285714286,0.2,0.214285714285714,0.228571428571429,0.242857142857143,
0.257142857142857,0.271428571428571,0.285714285714286,0.3,0.314285714285714,
0.328571428571429,0.342857142857143,0.357142857142857,0.371428571428571,
0.385714285714286,0.4,0.414285714285714,0.428571428571429,0.442857142857143,
0.457142857142857,0.471428571428572,0.485714285714286,0.5,0.514285714285714,
0.528571428571429,0.542857142857143,0.557142857142857,0.571428571428571,
0.585714285714286,0.6,0.614285714285714,0.628571428571428,0.642857142857142,
0.657142857142857,0.671428571428571,0.685714285714285,0.699999999999999,
0.714285714285714,0.728571428571428,0.742857142857142,0.757142857142856,
0.771428571428571,0.785714285714285,0.799999999999999,0.814285714285713,
0.828571428571428,0.842857142857142,0.857142857142856,0.87142857142857,
0.885714285714284,0.899999999999999,0.914285714285713,0.928571428571427,
0.942857142857141,0.957142857142856,0.97142857142857,0.985714285714284,
1.),.UNSPECIFIED.)
CURVE()
GEOMETRIC_REPRESENTATION_ITEM()
RATIONAL_B_SPLINE_CURVE((1.,1.,1.,1.,1.,1.,1.,1.,1.,1.,1.,1.,1.,1.,1.,1.,
1.,1.,1.,1.,1.,1.,1.,1.,1.,1.,1.,1.,1.,1.,1.,1.,1.,1.,1.,1.,1.,1.,1.,1.,
1.,1.,1.,1.,1.,1.,1.,1.,1.,1.,1.,1.,1.,1.,1.,1.,1.,1.,1.,1.,1.,1.,1.,1.,
1.,1.,1.,1.,1.,1.,1.,1.,1.,1.,1.))
REPRESENTATION_ITEM('')
);
#90=CYLINDRICAL_SURFACE('',#2109,2.1);
#91=CYLINDRICAL_SURFACE('',#2121,2.08999999999998);
#92=CYLINDRICAL_SURFACE('',#2237,0.6);
#93=CYLINDRICAL_SURFACE('',#2238,5.56945);
#94=CYLINDRICAL_SURFACE('',#2239,0.6);
#95=CYLINDRICAL_SURFACE('',#2242,0.6);
#96=CYLINDRICAL_SURFACE('',#2243,5.56945);
#97=CYLINDRICAL_SURFACE('',#2244,0.6);
#98=CYLINDRICAL_SURFACE('',#2247,0.6);
#99=CYLINDRICAL_SURFACE('',#2248,5.56945);
#100=CYLINDRICAL_SURFACE('',#2249,0.6);
#101=CYLINDRICAL_SURFACE('',#2252,0.6);
#102=CYLINDRICAL_SURFACE('',#2253,5.56945);
#103=CYLINDRICAL_SURFACE('',#2254,0.6);
#104=CYLINDRICAL_SURFACE('',#2257,0.6);
#105=CYLINDRICAL_SURFACE('',#2258,5.56945);
#106=CYLINDRICAL_SURFACE('',#2259,0.6);
#107=CYLINDRICAL_SURFACE('',#2262,8.04999999999951);
#108=CYLINDRICAL_SURFACE('',#2264,0.6);
#109=CYLINDRICAL_SURFACE('',#2265,5.56945);
#110=CYLINDRICAL_SURFACE('',#2266,0.6);
#111=CYLINDRICAL_SURFACE('',#2272,0.6);
#112=CYLINDRICAL_SURFACE('',#2274,0.6);
#113=CYLINDRICAL_SURFACE('',#2276,0.6);
#114=CYLINDRICAL_SURFACE('',#2278,0.6);
#115=CYLINDRICAL_SURFACE('',#2280,0.6);
#116=CYLINDRICAL_SURFACE('',#2282,0.6);
#117=CYLINDRICAL_SURFACE('',#2284,0.6);
#118=CYLINDRICAL_SURFACE('',#2286,0.6);
#119=CYLINDRICAL_SURFACE('',#2288,0.6);
#120=CYLINDRICAL_SURFACE('',#2290,0.6);
#121=CYLINDRICAL_SURFACE('',#2292,0.6);
#122=CYLINDRICAL_SURFACE('',#2294,0.6);
#123=CYLINDRICAL_SURFACE('',#2295,5.56945);
#124=CYLINDRICAL_SURFACE('',#2296,5.56945);
#125=CYLINDRICAL_SURFACE('',#2297,5.56945);
#126=CYLINDRICAL_SURFACE('',#2298,5.56945);
#127=CYLINDRICAL_SURFACE('',#2299,5.56945);
#128=CYLINDRICAL_SURFACE('',#2300,5.56945);
#129=CYLINDRICAL_SURFACE('',#2301,2.);
#130=FACE_OUTER_BOUND('',#240,.T.);
#131=FACE_OUTER_BOUND('',#241,.T.);
#132=FACE_OUTER_BOUND('',#242,.T.);
#133=FACE_OUTER_BOUND('',#243,.T.);
#134=FACE_OUTER_BOUND('',#244,.T.);
#135=FACE_OUTER_BOUND('',#245,.T.);
#136=FACE_OUTER_BOUND('',#246,.T.);
#137=FACE_OUTER_BOUND('',#247,.T.);
#138=FACE_OUTER_BOUND('',#248,.T.);
#139=FACE_OUTER_BOUND('',#249,.T.);
#140=FACE_OUTER_BOUND('',#250,.T.);
#141=FACE_OUTER_BOUND('',#251,.T.);
#142=FACE_OUTER_BOUND('',#252,.T.);
#143=FACE_OUTER_BOUND('',#253,.T.);
#144=FACE_OUTER_BOUND('',#254,.T.);
#145=FACE_OUTER_BOUND('',#255,.T.);
#146=FACE_OUTER_BOUND('',#256,.T.);
#147=FACE_OUTER_BOUND('',#257,.T.);
#148=FACE_OUTER_BOUND('',#258,.T.);
#149=FACE_OUTER_BOUND('',#259,.T.);
#150=FACE_OUTER_BOUND('',#260,.T.);
#151=FACE_OUTER_BOUND('',#262,.T.);
#152=FACE_OUTER_BOUND('',#263,.T.);
#153=FACE_OUTER_BOUND('',#264,.T.);
#154=FACE_OUTER_BOUND('',#265,.T.);
#155=FACE_OUTER_BOUND('',#266,.T.);
#156=FACE_OUTER_BOUND('',#267,.T.);
#157=FACE_OUTER_BOUND('',#268,.T.);
#158=FACE_OUTER_BOUND('',#269,.T.);
#159=FACE_OUTER_BOUND('',#270,.T.);
#160=FACE_OUTER_BOUND('',#271,.T.);
#161=FACE_OUTER_BOUND('',#272,.T.);
#162=FACE_OUTER_BOUND('',#273,.T.);
#163=FACE_OUTER_BOUND('',#274,.T.);
#164=FACE_OUTER_BOUND('',#275,.T.);
#165=FACE_OUTER_BOUND('',#276,.T.);
#166=FACE_OUTER_BOUND('',#277,.T.);
#167=FACE_OUTER_BOUND('',#278,.T.);
#168=FACE_OUTER_BOUND('',#279,.T.);
#169=FACE_OUTER_BOUND('',#280,.T.);
#170=FACE_OUTER_BOUND('',#281,.T.);
#171=FACE_OUTER_BOUND('',#282,.T.);
#172=FACE_OUTER_BOUND('',#283,.T.);
#173=FACE_OUTER_BOUND('',#284,.T.);
#174=FACE_OUTER_BOUND('',#285,.T.);
#175=FACE_OUTER_BOUND('',#286,.T.);
#176=FACE_OUTER_BOUND('',#287,.T.);
#177=FACE_OUTER_BOUND('',#288,.T.);
#178=FACE_OUTER_BOUND('',#289,.T.);
#179=FACE_OUTER_BOUND('',#290,.T.);
#180=FACE_OUTER_BOUND('',#291,.T.);
#181=FACE_OUTER_BOUND('',#292,.T.);
#182=FACE_OUTER_BOUND('',#293,.T.);
#183=FACE_OUTER_BOUND('',#294,.T.);
#184=FACE_OUTER_BOUND('',#295,.T.);
#185=FACE_OUTER_BOUND('',#296,.T.);
#186=FACE_OUTER_BOUND('',#297,.T.);
#187=FACE_OUTER_BOUND('',#298,.T.);
#188=FACE_OUTER_BOUND('',#299,.T.);
#189=FACE_OUTER_BOUND('',#300,.T.);
#190=FACE_OUTER_BOUND('',#301,.T.);
#191=FACE_OUTER_BOUND('',#302,.T.);
#192=FACE_OUTER_BOUND('',#303,.T.);
#193=FACE_OUTER_BOUND('',#304,.T.);
#194=FACE_OUTER_BOUND('',#305,.T.);
#195=FACE_OUTER_BOUND('',#307,.T.);
#196=FACE_OUTER_BOUND('',#309,.T.);
#197=FACE_OUTER_BOUND('',#310,.T.);
#198=FACE_OUTER_BOUND('',#311,.T.);
#199=FACE_OUTER_BOUND('',#312,.T.);
#200=FACE_OUTER_BOUND('',#313,.T.);
#201=FACE_OUTER_BOUND('',#314,.T.);
#202=FACE_OUTER_BOUND('',#315,.T.);
#203=FACE_OUTER_BOUND('',#316,.T.);
#204=FACE_OUTER_BOUND('',#317,.T.);
#205=FACE_OUTER_BOUND('',#318,.T.);
#206=FACE_OUTER_BOUND('',#319,.T.);
#207=FACE_OUTER_BOUND('',#320,.T.);
#208=FACE_OUTER_BOUND('',#321,.T.);
#209=FACE_OUTER_BOUND('',#322,.T.);
#210=FACE_OUTER_BOUND('',#323,.T.);
#211=FACE_OUTER_BOUND('',#324,.T.);
#212=FACE_OUTER_BOUND('',#325,.T.);
#213=FACE_OUTER_BOUND('',#326,.T.);
#214=FACE_OUTER_BOUND('',#327,.T.);
#215=FACE_OUTER_BOUND('',#328,.T.);
#216=FACE_OUTER_BOUND('',#329,.T.);
#217=FACE_OUTER_BOUND('',#330,.T.);
#218=FACE_OUTER_BOUND('',#331,.T.);
#219=FACE_OUTER_BOUND('',#332,.T.);
#220=FACE_OUTER_BOUND('',#333,.T.);
#221=FACE_OUTER_BOUND('',#334,.T.);
#222=FACE_OUTER_BOUND('',#335,.T.);
#223=FACE_OUTER_BOUND('',#336,.T.);
#224=FACE_OUTER_BOUND('',#337,.T.);
#225=FACE_OUTER_BOUND('',#338,.T.);
#226=FACE_OUTER_BOUND('',#339,.T.);
#227=FACE_OUTER_BOUND('',#340,.T.);
#228=FACE_OUTER_BOUND('',#341,.T.);
#229=FACE_OUTER_BOUND('',#342,.T.);
#230=FACE_OUTER_BOUND('',#343,.T.);
#231=FACE_OUTER_BOUND('',#344,.T.);
#232=FACE_OUTER_BOUND('',#345,.T.);
#233=FACE_OUTER_BOUND('',#346,.T.);
#234=FACE_OUTER_BOUND('',#347,.T.);
#235=FACE_OUTER_BOUND('',#348,.T.);
#236=FACE_OUTER_BOUND('',#349,.T.);
#237=FACE_OUTER_BOUND('',#350,.T.);
#238=FACE_OUTER_BOUND('',#351,.T.);
#239=FACE_OUTER_BOUND('',#352,.T.);
#240=EDGE_LOOP('',(#1305,#1306));
#241=EDGE_LOOP('',(#1307,#1308,#1309,#1310,#1311,#1312,#1313,#1314));
#242=EDGE_LOOP('',(#1315,#1316,#1317));
#243=EDGE_LOOP('',(#1318,#1319,#1320,#1321));
#244=EDGE_LOOP('',(#1322,#1323,#1324,#1325));
#245=EDGE_LOOP('',(#1326,#1327,#1328));
#246=EDGE_LOOP('',(#1329,#1330,#1331,#1332,#1333,#1334,#1335,#1336));
#247=EDGE_LOOP('',(#1337,#1338));
#248=EDGE_LOOP('',(#1339,#1340,#1341,#1342,#1343,#1344,#1345,#1346));
#249=EDGE_LOOP('',(#1347,#1348,#1349,#1350,#1351,#1352,#1353,#1354));
#250=EDGE_LOOP('',(#1355,#1356,#1357,#1358,#1359,#1360,#1361,#1362));
#251=EDGE_LOOP('',(#1363,#1364,#1365,#1366,#1367,#1368,#1369,#1370));
#252=EDGE_LOOP('',(#1371,#1372,#1373,#1374,#1375,#1376,#1377,#1378));
#253=EDGE_LOOP('',(#1379,#1380,#1381,#1382,#1383,#1384,#1385,#1386));
#254=EDGE_LOOP('',(#1387,#1388,#1389,#1390,#1391,#1392,#1393,#1394));
#255=EDGE_LOOP('',(#1395,#1396,#1397,#1398,#1399,#1400,#1401,#1402));
#256=EDGE_LOOP('',(#1403,#1404,#1405,#1406,#1407,#1408,#1409,#1410));
#257=EDGE_LOOP('',(#1411,#1412,#1413,#1414,#1415,#1416,#1417,#1418));
#258=EDGE_LOOP('',(#1419,#1420,#1421,#1422,#1423,#1424,#1425,#1426));
#259=EDGE_LOOP('',(#1427,#1428,#1429,#1430,#1431,#1432,#1433,#1434));
#260=EDGE_LOOP('',(#1435,#1436,#1437,#1438,#1439,#1440,#1441,#1442,#1443,
#1444,#1445,#1446,#1447,#1448,#1449,#1450,#1451,#1452,#1453,#1454,#1455,
#1456,#1457,#1458,#1459,#1460,#1461,#1462,#1463,#1464,#1465,#1466,#1467,
#1468,#1469,#1470,#1471,#1472,#1473,#1474,#1475,#1476,#1477,#1478,#1479,
#1480,#1481,#1482,#1483,#1484,#1485,#1486,#1487,#1488,#1489,#1490,#1491,
#1492,#1493,#1494,#1495,#1496,#1497,#1498,#1499,#1500,#1501,#1502,#1503,
#1504,#1505,#1506,#1507,#1508,#1509,#1510,#1511,#1512,#1513,#1514,#1515,
#1516,#1517,#1518,#1519,#1520,#1521,#1522,#1523,#1524,#1525,#1526,#1527,
#1528,#1529,#1530));
#261=EDGE_LOOP('',(#1531));
#262=EDGE_LOOP('',(#1532,#1533,#1534,#1535));
#263=EDGE_LOOP('',(#1536,#1537,#1538,#1539));
#264=EDGE_LOOP('',(#1540,#1541,#1542,#1543));
#265=EDGE_LOOP('',(#1544,#1545,#1546,#1547));
#266=EDGE_LOOP('',(#1548,#1549,#1550,#1551));
#267=EDGE_LOOP('',(#1552,#1553,#1554,#1555));
#268=EDGE_LOOP('',(#1556,#1557,#1558,#1559));
#269=EDGE_LOOP('',(#1560,#1561,#1562,#1563));
#270=EDGE_LOOP('',(#1564,#1565,#1566,#1567));
#271=EDGE_LOOP('',(#1568,#1569,#1570,#1571));
#272=EDGE_LOOP('',(#1572,#1573,#1574,#1575));
#273=EDGE_LOOP('',(#1576,#1577,#1578,#1579));
#274=EDGE_LOOP('',(#1580,#1581,#1582,#1583));
#275=EDGE_LOOP('',(#1584,#1585,#1586,#1587));
#276=EDGE_LOOP('',(#1588,#1589,#1590,#1591));
#277=EDGE_LOOP('',(#1592,#1593,#1594,#1595));
#278=EDGE_LOOP('',(#1596,#1597,#1598,#1599));
#279=EDGE_LOOP('',(#1600,#1601,#1602,#1603));
#280=EDGE_LOOP('',(#1604,#1605,#1606,#1607));
#281=EDGE_LOOP('',(#1608,#1609,#1610,#1611));
#282=EDGE_LOOP('',(#1612,#1613,#1614,#1615));
#283=EDGE_LOOP('',(#1616,#1617,#1618,#1619));
#284=EDGE_LOOP('',(#1620,#1621,#1622,#1623));
#285=EDGE_LOOP('',(#1624,#1625,#1626,#1627));
#286=EDGE_LOOP('',(#1628,#1629,#1630,#1631));
#287=EDGE_LOOP('',(#1632,#1633,#1634,#1635));
#288=EDGE_LOOP('',(#1636,#1637,#1638,#1639));
#289=EDGE_LOOP('',(#1640,#1641,#1642,#1643));
#290=EDGE_LOOP('',(#1644,#1645,#1646,#1647));
#291=EDGE_LOOP('',(#1648,#1649,#1650,#1651));
#292=EDGE_LOOP('',(#1652,#1653,#1654,#1655));
#293=EDGE_LOOP('',(#1656,#1657,#1658,#1659));
#294=EDGE_LOOP('',(#1660,#1661,#1662,#1663));
#295=EDGE_LOOP('',(#1664,#1665,#1666,#1667));
#296=EDGE_LOOP('',(#1668,#1669,#1670,#1671));
#297=EDGE_LOOP('',(#1672,#1673,#1674,#1675));
#298=EDGE_LOOP('',(#1676,#1677,#1678,#1679));
#299=EDGE_LOOP('',(#1680,#1681,#1682,#1683));
#300=EDGE_LOOP('',(#1684,#1685,#1686,#1687));
#301=EDGE_LOOP('',(#1688,#1689,#1690,#1691,#1692,#1693,#1694,#1695,#1696,
#1697,#1698,#1699,#1700,#1701,#1702,#1703,#1704,#1705,#1706,#1707,#1708,
#1709,#1710,#1711,#1712,#1713,#1714,#1715,#1716,#1717,#1718,#1719,#1720,
#1721,#1722,#1723,#1724,#1725,#1726,#1727,#1728,#1729,#1730,#1731,#1732,
#1733,#1734,#1735,#1736,#1737,#1738,#1739,#1740,#1741,#1742));
#302=EDGE_LOOP('',(#1743,#1744,#1745,#1746));
#303=EDGE_LOOP('',(#1747,#1748,#1749,#1750));
#304=EDGE_LOOP('',(#1751,#1752,#1753,#1754));
#305=EDGE_LOOP('',(#1755,#1756));
#306=EDGE_LOOP('',(#1757,#1758));
#307=EDGE_LOOP('',(#1759,#1760,#1761,#1762));
#308=EDGE_LOOP('',(#1763));
#309=EDGE_LOOP('',(#1764));
#310=EDGE_LOOP('',(#1765,#1766,#1767,#1768));
#311=EDGE_LOOP('',(#1769,#1770,#1771,#1772));
#312=EDGE_LOOP('',(#1773,#1774,#1775,#1776));
#313=EDGE_LOOP('',(#1777,#1778,#1779,#1780));
#314=EDGE_LOOP('',(#1781,#1782,#1783,#1784));
#315=EDGE_LOOP('',(#1785,#1786,#1787,#1788));
#316=EDGE_LOOP('',(#1789,#1790,#1791,#1792));
#317=EDGE_LOOP('',(#1793,#1794,#1795,#1796));
#318=EDGE_LOOP('',(#1797,#1798,#1799,#1800));
#319=EDGE_LOOP('',(#1801,#1802,#1803,#1804));
#320=EDGE_LOOP('',(#1805,#1806,#1807,#1808));
#321=EDGE_LOOP('',(#1809,#1810,#1811,#1812));
#322=EDGE_LOOP('',(#1813,#1814,#1815,#1816));
#323=EDGE_LOOP('',(#1817,#1818,#1819,#1820));
#324=EDGE_LOOP('',(#1821,#1822,#1823,#1824));
#325=EDGE_LOOP('',(#1825,#1826,#1827,#1828));
#326=EDGE_LOOP('',(#1829,#1830,#1831,#1832));
#327=EDGE_LOOP('',(#1833,#1834,#1835,#1836));
#328=EDGE_LOOP('',(#1837,#1838,#1839,#1840));
#329=EDGE_LOOP('',(#1841,#1842,#1843,#1844));
#330=EDGE_LOOP('',(#1845,#1846,#1847,#1848));
#331=EDGE_LOOP('',(#1849,#1850,#1851,#1852));
#332=EDGE_LOOP('',(#1853,#1854,#1855,#1856));
#333=EDGE_LOOP('',(#1857,#1858,#1859,#1860));
#334=EDGE_LOOP('',(#1861,#1862,#1863,#1864));
#335=EDGE_LOOP('',(#1865,#1866,#1867,#1868));
#336=EDGE_LOOP('',(#1869,#1870,#1871,#1872));
#337=EDGE_LOOP('',(#1873,#1874,#1875,#1876));
#338=EDGE_LOOP('',(#1877,#1878,#1879,#1880));
#339=EDGE_LOOP('',(#1881,#1882,#1883,#1884));
#340=EDGE_LOOP('',(#1885,#1886,#1887,#1888));
#341=EDGE_LOOP('',(#1889,#1890,#1891,#1892));
#342=EDGE_LOOP('',(#1893,#1894,#1895,#1896));
#343=EDGE_LOOP('',(#1897,#1898,#1899,#1900));
#344=EDGE_LOOP('',(#1901,#1902,#1903,#1904));
#345=EDGE_LOOP('',(#1905,#1906,#1907,#1908));
#346=EDGE_LOOP('',(#1909,#1910,#1911,#1912));
#347=EDGE_LOOP('',(#1913,#1914,#1915,#1916));
#348=EDGE_LOOP('',(#1917,#1918,#1919,#1920));
#349=EDGE_LOOP('',(#1921,#1922,#1923,#1924));
#350=EDGE_LOOP('',(#1925,#1926,#1927,#1928));
#351=EDGE_LOOP('',(#1929,#1930,#1931,#1932));
#352=EDGE_LOOP('',(#1933,#1934,#1935,#1936));
#353=CIRCLE('',#2108,2.1);
#354=CIRCLE('',#2110,2.1);
#355=CIRCLE('',#2111,2.1);
#356=CIRCLE('',#2112,2.1);
#357=CIRCLE('',#2113,2.1);
#358=CIRCLE('',#2114,2.1);
#359=CIRCLE('',#2119,8.04999999999951);
#360=CIRCLE('',#2120,8.04999999999951);
#361=CIRCLE('',#2122,2.08999999999998);
#362=CIRCLE('',#2123,2.08999999999998);
#363=CIRCLE('',#2126,8.04999999999951);
#364=CIRCLE('',#2127,0.6);
#365=CIRCLE('',#2128,5.56945);
#366=CIRCLE('',#2129,0.6);
#367=CIRCLE('',#2131,8.04999999999951);
#368=CIRCLE('',#2132,0.6);
#369=CIRCLE('',#2133,5.56945);
#370=CIRCLE('',#2134,0.6);
#371=CIRCLE('',#2136,0.6);
#372=CIRCLE('',#2137,5.56945);
#373=CIRCLE('',#2138,0.6);
#374=CIRCLE('',#2139,8.04999999999951);
#375=CIRCLE('',#2141,8.04999999999951);
#376=CIRCLE('',#2142,0.6);
#377=CIRCLE('',#2143,5.56945);
#378=CIRCLE('',#2144,0.6);
#379=CIRCLE('',#2146,0.6);
#380=CIRCLE('',#2147,5.56945);
#381=CIRCLE('',#2148,0.6);
#382=CIRCLE('',#2149,8.04999999999951);
#383=CIRCLE('',#2151,0.6);
#384=CIRCLE('',#2152,5.56945);
#385=CIRCLE('',#2153,0.6);
#386=CIRCLE('',#2154,8.04999999999951);
#387=CIRCLE('',#2156,0.6);
#388=CIRCLE('',#2157,5.56945);
#389=CIRCLE('',#2158,0.6);
#390=CIRCLE('',#2159,8.04999999999951);
#391=CIRCLE('',#2161,0.6);
#392=CIRCLE('',#2162,5.56945);
#393=CIRCLE('',#2163,0.6);
#394=CIRCLE('',#2164,8.04999999999951);
#395=CIRCLE('',#2166,0.6);
#396=CIRCLE('',#2167,5.56945);
#397=CIRCLE('',#2168,0.6);
#398=CIRCLE('',#2169,8.04999999999951);
#399=CIRCLE('',#2171,8.04999999999951);
#400=CIRCLE('',#2172,0.6);
#401=CIRCLE('',#2173,5.56945);
#402=CIRCLE('',#2174,0.6);
#403=CIRCLE('',#2176,8.04999999999951);
#404=CIRCLE('',#2177,0.6);
#405=CIRCLE('',#2178,5.56945);
#406=CIRCLE('',#2179,0.6);
#407=CIRCLE('',#2181,8.04999999999951);
#408=CIRCLE('',#2182,0.6);
#409=CIRCLE('',#2183,5.56945);
#410=CIRCLE('',#2184,0.6);
#411=CIRCLE('',#2186,5.56945);
#412=CIRCLE('',#2187,0.6);
#413=CIRCLE('',#2188,8.04999999999951);
#414=CIRCLE('',#2189,0.6);
#415=CIRCLE('',#2190,5.56945);
#416=CIRCLE('',#2191,0.6);
#417=CIRCLE('',#2192,8.04999999999951);
#418=CIRCLE('',#2193,0.6);
#419=CIRCLE('',#2194,5.56945);
#420=CIRCLE('',#2195,0.6);
#421=CIRCLE('',#2196,8.04999999999951);
#422=CIRCLE('',#2197,0.6);
#423=CIRCLE('',#2198,5.56945);
#424=CIRCLE('',#2199,0.6);
#425=CIRCLE('',#2200,8.04999999999951);
#426=CIRCLE('',#2201,0.6);
#427=CIRCLE('',#2202,5.56945);
#428=CIRCLE('',#2203,0.6);
#429=CIRCLE('',#2204,8.04999999999951);
#430=CIRCLE('',#2205,0.6);
#431=CIRCLE('',#2206,5.56945);
#432=CIRCLE('',#2207,0.6);
#433=CIRCLE('',#2208,8.04999999999951);
#434=CIRCLE('',#2209,0.6);
#435=CIRCLE('',#2210,5.56945);
#436=CIRCLE('',#2211,0.6);
#437=CIRCLE('',#2212,8.04999999999951);
#438=CIRCLE('',#2213,0.6);
#439=CIRCLE('',#2214,5.56945);
#440=CIRCLE('',#2215,0.6);
#441=CIRCLE('',#2216,8.04999999999951);
#442=CIRCLE('',#2217,0.6);
#443=CIRCLE('',#2218,5.56945);
#444=CIRCLE('',#2219,0.6);
#445=CIRCLE('',#2220,8.04999999999951);
#446=CIRCLE('',#2221,0.6);
#447=CIRCLE('',#2222,5.56945);
#448=CIRCLE('',#2223,0.6);
#449=CIRCLE('',#2224,8.04999999999951);
#450=CIRCLE('',#2225,0.6);
#451=CIRCLE('',#2226,5.56945);
#452=CIRCLE('',#2227,0.6);
#453=CIRCLE('',#2228,8.04999999999951);
#454=CIRCLE('',#2229,0.6);
#455=CIRCLE('',#2230,5.56945);
#456=CIRCLE('',#2231,0.6);
#457=CIRCLE('',#2232,8.04999999999951);
#458=CIRCLE('',#2233,0.6);
#459=CIRCLE('',#2234,2.);
#460=CIRCLE('',#2263,8.04999999999951);
#461=CIRCLE('',#2270,2.);
#462=LINE('',#2857,#621);
#463=LINE('',#2863,#622);
#464=LINE('',#2871,#623);
#465=LINE('',#2874,#624);
#466=LINE('',#2876,#625);
#467=LINE('',#2877,#626);
#468=LINE('',#2880,#627);
#469=LINE('',#2882,#628);
#470=LINE('',#2883,#629);
#471=LINE('',#2887,#630);
#472=LINE('',#3052,#631);
#473=LINE('',#3059,#632);
#474=LINE('',#3217,#633);
#475=LINE('',#3224,#634);
#476=LINE('',#3304,#635);
#477=LINE('',#3312,#636);
#478=LINE('',#3547,#637);
#479=LINE('',#3554,#638);
#480=LINE('',#3634,#639);
#481=LINE('',#3642,#640);
#482=LINE('',#3799,#641);
#483=LINE('',#3807,#642);
#484=LINE('',#3964,#643);
#485=LINE('',#3972,#644);
#486=LINE('',#4129,#645);
#487=LINE('',#4137,#646);
#488=LINE('',#4294,#647);
#489=LINE('',#4302,#648);
#490=LINE('',#4537,#649);
#491=LINE('',#4544,#650);
#492=LINE('',#4702,#651);
#493=LINE('',#4709,#652);
#494=LINE('',#4867,#653);
#495=LINE('',#4874,#654);
#496=LINE('',#4882,#655);
#497=LINE('',#5010,#656);
#498=LINE('',#5018,#657);
#499=LINE('',#5146,#658);
#500=LINE('',#5154,#659);
#501=LINE('',#5282,#660);
#502=LINE('',#5290,#661);
#503=LINE('',#5418,#662);
#504=LINE('',#5426,#663);
#505=LINE('',#5554,#664);
#506=LINE('',#5562,#665);
#507=LINE('',#5690,#666);
#508=LINE('',#5698,#667);
#509=LINE('',#5826,#668);
#510=LINE('',#5834,#669);
#511=LINE('',#5962,#670);
#512=LINE('',#5970,#671);
#513=LINE('',#6098,#672);
#514=LINE('',#6106,#673);
#515=LINE('',#6234,#674);
#516=LINE('',#6242,#675);
#517=LINE('',#6370,#676);
#518=LINE('',#6378,#677);
#519=LINE('',#6506,#678);
#520=LINE('',#6511,#679);
#521=LINE('',#6512,#680);
#522=LINE('',#6663,#681);
#523=LINE('',#6814,#682);
#524=LINE('',#6815,#683);
#525=LINE('',#6817,#684);
#526=LINE('',#6819,#685);
#527=LINE('',#6821,#686);
#528=LINE('',#6823,#687);
#529=LINE('',#6825,#688);
#530=LINE('',#6976,#689);
#531=LINE('',#7127,#690);
#532=LINE('',#7128,#691);
#533=LINE('',#7130,#692);
#534=LINE('',#7132,#693);
#535=LINE('',#7134,#694);
#536=LINE('',#7136,#695);
#537=LINE('',#7138,#696);
#538=LINE('',#7289,#697);
#539=LINE('',#7440,#698);
#540=LINE('',#7441,#699);
#541=LINE('',#7443,#700);
#542=LINE('',#7445,#701);
#543=LINE('',#7447,#702);
#544=LINE('',#7449,#703);
#545=LINE('',#7451,#704);
#546=LINE('',#7602,#705);
#547=LINE('',#7753,#706);
#548=LINE('',#7754,#707);
#549=LINE('',#7756,#708);
#550=LINE('',#7758,#709);
#551=LINE('',#7760,#710);
#552=LINE('',#7762,#711);
#553=LINE('',#7764,#712);
#554=LINE('',#7915,#713);
#555=LINE('',#8066,#714);
#556=LINE('',#8067,#715);
#557=LINE('',#8069,#716);
#558=LINE('',#8071,#717);
#559=LINE('',#8073,#718);
#560=LINE('',#8075,#719);
#561=LINE('',#8077,#720);
#562=LINE('',#8228,#721);
#563=LINE('',#8379,#722);
#564=LINE('',#8380,#723);
#565=LINE('',#8382,#724);
#566=LINE('',#8384,#725);
#567=LINE('',#8385,#726);
#568=LINE('',#8386,#727);
#569=LINE('',#8387,#728);
#570=LINE('',#8388,#729);
#571=LINE('',#8389,#730);
#572=LINE('',#8390,#731);
#573=LINE('',#8391,#732);
#574=LINE('',#8392,#733);
#575=LINE('',#8394,#734);
#576=LINE('',#8397,#735);
#577=LINE('',#8398,#736);
#578=LINE('',#8399,#737);
#579=LINE('',#8400,#738);
#580=LINE('',#8401,#739);
#581=LINE('',#8403,#740);
#582=LINE('',#8405,#741);
#583=LINE('',#8407,#742);
#584=LINE('',#8409,#743);
#585=LINE('',#8415,#744);
#586=LINE('',#8417,#745);
#587=LINE('',#8418,#746);
#588=LINE('',#8420,#747);
#589=LINE('',#8422,#748);
#590=LINE('',#8423,#749);
#591=LINE('',#8425,#750);
#592=LINE('',#8427,#751);
#593=LINE('',#8428,#752);
#594=LINE('',#8430,#753);
#595=LINE('',#8432,#754);
#596=LINE('',#8433,#755);
#597=LINE('',#8435,#756);
#598=LINE('',#8437,#757);
#599=LINE('',#8438,#758);
#600=LINE('',#8440,#759);
#601=LINE('',#8442,#760);
#602=LINE('',#8443,#761);
#603=LINE('',#8445,#762);
#604=LINE('',#8447,#763);
#605=LINE('',#8448,#764);
#606=LINE('',#8450,#765);
#607=LINE('',#8452,#766);
#608=LINE('',#8453,#767);
#609=LINE('',#8455,#768);
#610=LINE('',#8457,#769);
#611=LINE('',#8458,#770);
#612=LINE('',#8460,#771);
#613=LINE('',#8462,#772);
#614=LINE('',#8463,#773);
#615=LINE('',#8465,#774);
#616=LINE('',#8467,#775);
#617=LINE('',#8468,#776);
#618=LINE('',#8470,#777);
#619=LINE('',#8472,#778);
#620=LINE('',#10280,#779);
#621=VECTOR('',#2306,10.);
#622=VECTOR('',#2313,2.1);
#623=VECTOR('',#2324,10.);
#624=VECTOR('',#2327,10.);
#625=VECTOR('',#2328,10.);
#626=VECTOR('',#2329,10.);
#627=VECTOR('',#2332,10.);
#628=VECTOR('',#2333,10.);
#629=VECTOR('',#2334,10.);
#630=VECTOR('',#2337,10.);
#631=VECTOR('',#2354,10.);
#632=VECTOR('',#2361,10.);
#633=VECTOR('',#2366,10.);
#634=VECTOR('',#2373,10.);
#635=VECTOR('',#2376,10.);
#636=VECTOR('',#2383,10.);
#637=VECTOR('',#2390,10.);
#638=VECTOR('',#2397,10.);
#639=VECTOR('',#2400,10.);
#640=VECTOR('',#2407,10.);
#641=VECTOR('',#2412,10.);
#642=VECTOR('',#2419,10.);
#643=VECTOR('',#2424,10.);
#644=VECTOR('',#2431,10.);
#645=VECTOR('',#2436,10.);
#646=VECTOR('',#2443,10.);
#647=VECTOR('',#2448,10.);
#648=VECTOR('',#2455,10.);
#649=VECTOR('',#2462,10.);
#650=VECTOR('',#2469,10.);
#651=VECTOR('',#2474,10.);
#652=VECTOR('',#2481,10.);
#653=VECTOR('',#2486,10.);
#654=VECTOR('',#2493,10.);
#655=VECTOR('',#2500,10.);
#656=VECTOR('',#2503,10.);
#657=VECTOR('',#2510,10.);
#658=VECTOR('',#2513,10.);
#659=VECTOR('',#2520,10.);
#660=VECTOR('',#2523,10.);
#661=VECTOR('',#2530,10.);
#662=VECTOR('',#2533,10.);
#663=VECTOR('',#2540,10.);
#664=VECTOR('',#2543,10.);
#665=VECTOR('',#2550,10.);
#666=VECTOR('',#2553,10.);
#667=VECTOR('',#2560,10.);
#668=VECTOR('',#2563,10.);
#669=VECTOR('',#2570,10.);
#670=VECTOR('',#2573,10.);
#671=VECTOR('',#2580,10.);
#672=VECTOR('',#2583,10.);
#673=VECTOR('',#2590,10.);
#674=VECTOR('',#2593,10.);
#675=VECTOR('',#2600,10.);
#676=VECTOR('',#2603,10.);
#677=VECTOR('',#2610,10.);
#678=VECTOR('',#2613,10.);
#679=VECTOR('',#2620,10.);
#680=VECTOR('',#2621,10.);
#681=VECTOR('',#2622,10.);
#682=VECTOR('',#2623,10.);
#683=VECTOR('',#2624,10.);
#684=VECTOR('',#2627,10.);
#685=VECTOR('',#2630,10.);
#686=VECTOR('',#2633,10.);
#687=VECTOR('',#2636,10.);
#688=VECTOR('',#2639,10.);
#689=VECTOR('',#2640,10.);
#690=VECTOR('',#2641,10.);
#691=VECTOR('',#2642,10.);
#692=VECTOR('',#2645,10.);
#693=VECTOR('',#2648,10.);
#694=VECTOR('',#2651,10.);
#695=VECTOR('',#2654,10.);
#696=VECTOR('',#2657,10.);
#697=VECTOR('',#2658,10.);
#698=VECTOR('',#2659,10.);
#699=VECTOR('',#2660,10.);
#700=VECTOR('',#2663,10.);
#701=VECTOR('',#2666,10.);
#702=VECTOR('',#2669,10.);
#703=VECTOR('',#2672,10.);
#704=VECTOR('',#2675,10.);
#705=VECTOR('',#2676,10.);
#706=VECTOR('',#2677,10.);
#707=VECTOR('',#2678,10.);
#708=VECTOR('',#2681,10.);
#709=VECTOR('',#2684,10.);
#710=VECTOR('',#2687,10.);
#711=VECTOR('',#2690,10.);
#712=VECTOR('',#2693,10.);
#713=VECTOR('',#2694,10.);
#714=VECTOR('',#2695,10.);
#715=VECTOR('',#2696,10.);
#716=VECTOR('',#2699,10.);
#717=VECTOR('',#2702,10.);
#718=VECTOR('',#2705,10.);
#719=VECTOR('',#2708,10.);
#720=VECTOR('',#2711,10.);
#721=VECTOR('',#2712,10.);
#722=VECTOR('',#2713,10.);
#723=VECTOR('',#2714,10.);
#724=VECTOR('',#2717,10.);
#725=VECTOR('',#2720,10.);
#726=VECTOR('',#2721,10.);
#727=VECTOR('',#2722,10.);
#728=VECTOR('',#2723,10.);
#729=VECTOR('',#2724,10.);
#730=VECTOR('',#2725,10.);
#731=VECTOR('',#2726,10.);
#732=VECTOR('',#2727,10.);
#733=VECTOR('',#2728,8.04999999999951);
#734=VECTOR('',#2729,10.);
#735=VECTOR('',#2732,10.);
#736=VECTOR('',#2733,10.);
#737=VECTOR('',#2734,10.);
#738=VECTOR('',#2735,10.);
#739=VECTOR('',#2736,10.);
#740=VECTOR('',#2739,10.);
#741=VECTOR('',#2742,10.);
#742=VECTOR('',#2745,10.);
#743=VECTOR('',#2748,10.);
#744=VECTOR('',#2757,10.);
#745=VECTOR('',#2760,10.);
#746=VECTOR('',#2761,10.);
#747=VECTOR('',#2764,10.);
#748=VECTOR('',#2767,10.);
#749=VECTOR('',#2768,10.);
#750=VECTOR('',#2771,10.);
#751=VECTOR('',#2774,10.);
#752=VECTOR('',#2775,10.);
#753=VECTOR('',#2778,10.);
#754=VECTOR('',#2781,10.);
#755=VECTOR('',#2782,10.);
#756=VECTOR('',#2785,10.);
#757=VECTOR('',#2788,10.);
#758=VECTOR('',#2789,10.);
#759=VECTOR('',#2792,10.);
#760=VECTOR('',#2795,10.);
#761=VECTOR('',#2796,10.);
#762=VECTOR('',#2799,10.);
#763=VECTOR('',#2802,10.);
#764=VECTOR('',#2803,10.);
#765=VECTOR('',#2806,10.);
#766=VECTOR('',#2809,10.);
#767=VECTOR('',#2810,10.);
#768=VECTOR('',#2813,10.);
#769=VECTOR('',#2816,10.);
#770=VECTOR('',#2817,10.);
#771=VECTOR('',#2820,10.);
#772=VECTOR('',#2823,10.);
#773=VECTOR('',#2824,10.);
#774=VECTOR('',#2827,10.);
#775=VECTOR('',#2830,10.);
#776=VECTOR('',#2831,10.);
#777=VECTOR('',#2834,10.);
#778=VECTOR('',#2837,10.);
#779=VECTOR('',#2852,2.);
#780=VERTEX_POINT('',#2855);
#781=VERTEX_POINT('',#2856);
#782=VERTEX_POINT('',#2860);
#783=VERTEX_POINT('',#2862);
#784=VERTEX_POINT('',#2864);
#785=VERTEX_POINT('',#2867);
#786=VERTEX_POINT('',#2873);
#787=VERTEX_POINT('',#2875);
#788=VERTEX_POINT('',#2879);
#789=VERTEX_POINT('',#2881);
#790=VERTEX_POINT('',#2885);
#791=VERTEX_POINT('',#2886);
#792=VERTEX_POINT('',#2888);
#793=VERTEX_POINT('',#2896);
#794=VERTEX_POINT('',#2897);
#795=VERTEX_POINT('',#2973);
#796=VERTEX_POINT('',#2975);
#797=VERTEX_POINT('',#3051);
#798=VERTEX_POINT('',#3053);
#799=VERTEX_POINT('',#3055);
#800=VERTEX_POINT('',#3057);
#801=VERTEX_POINT('',#3061);
#802=VERTEX_POINT('',#3062);
#803=VERTEX_POINT('',#3138);
#804=VERTEX_POINT('',#3140);
#805=VERTEX_POINT('',#3216);
#806=VERTEX_POINT('',#3218);
#807=VERTEX_POINT('',#3220);
#808=VERTEX_POINT('',#3222);
#809=VERTEX_POINT('',#3226);
#810=VERTEX_POINT('',#3227);
#811=VERTEX_POINT('',#3303);
#812=VERTEX_POINT('',#3305);
#813=VERTEX_POINT('',#3307);
#814=VERTEX_POINT('',#3309);
#815=VERTEX_POINT('',#3311);
#816=VERTEX_POINT('',#3313);
#817=VERTEX_POINT('',#3391);
#818=VERTEX_POINT('',#3392);
#819=VERTEX_POINT('',#3468);
#820=VERTEX_POINT('',#3470);
#821=VERTEX_POINT('',#3546);
#822=VERTEX_POINT('',#3548);
#823=VERTEX_POINT('',#3550);
#824=VERTEX_POINT('',#3552);
#825=VERTEX_POINT('',#3556);
#826=VERTEX_POINT('',#3557);
#827=VERTEX_POINT('',#3633);
#828=VERTEX_POINT('',#3635);
#829=VERTEX_POINT('',#3637);
#830=VERTEX_POINT('',#3639);
#831=VERTEX_POINT('',#3641);
#832=VERTEX_POINT('',#3643);
#833=VERTEX_POINT('',#3721);
#834=VERTEX_POINT('',#3722);
#835=VERTEX_POINT('',#3798);
#836=VERTEX_POINT('',#3800);
#837=VERTEX_POINT('',#3802);
#838=VERTEX_POINT('',#3804);
#839=VERTEX_POINT('',#3806);
#840=VERTEX_POINT('',#3808);
#841=VERTEX_POINT('',#3886);
#842=VERTEX_POINT('',#3887);
#843=VERTEX_POINT('',#3963);
#844=VERTEX_POINT('',#3965);
#845=VERTEX_POINT('',#3967);
#846=VERTEX_POINT('',#3969);
#847=VERTEX_POINT('',#3971);
#848=VERTEX_POINT('',#3973);
#849=VERTEX_POINT('',#4051);
#850=VERTEX_POINT('',#4052);
#851=VERTEX_POINT('',#4128);
#852=VERTEX_POINT('',#4130);
#853=VERTEX_POINT('',#4132);
#854=VERTEX_POINT('',#4134);
#855=VERTEX_POINT('',#4136);
#856=VERTEX_POINT('',#4138);
#857=VERTEX_POINT('',#4216);
#858=VERTEX_POINT('',#4217);
#859=VERTEX_POINT('',#4293);
#860=VERTEX_POINT('',#4295);
#861=VERTEX_POINT('',#4297);
#862=VERTEX_POINT('',#4299);
#863=VERTEX_POINT('',#4301);
#864=VERTEX_POINT('',#4303);
#865=VERTEX_POINT('',#4381);
#866=VERTEX_POINT('',#4382);
#867=VERTEX_POINT('',#4458);
#868=VERTEX_POINT('',#4460);
#869=VERTEX_POINT('',#4536);
#870=VERTEX_POINT('',#4538);
#871=VERTEX_POINT('',#4540);
#872=VERTEX_POINT('',#4542);
#873=VERTEX_POINT('',#4546);
#874=VERTEX_POINT('',#4547);
#875=VERTEX_POINT('',#4623);
#876=VERTEX_POINT('',#4625);
#877=VERTEX_POINT('',#4701);
#878=VERTEX_POINT('',#4703);
#879=VERTEX_POINT('',#4705);
#880=VERTEX_POINT('',#4707);
#881=VERTEX_POINT('',#4711);
#882=VERTEX_POINT('',#4712);
#883=VERTEX_POINT('',#4788);
#884=VERTEX_POINT('',#4790);
#885=VERTEX_POINT('',#4866);
#886=VERTEX_POINT('',#4868);
#887=VERTEX_POINT('',#4870);
#888=VERTEX_POINT('',#4872);
#889=VERTEX_POINT('',#4876);
#890=VERTEX_POINT('',#4877);
#891=VERTEX_POINT('',#4879);
#892=VERTEX_POINT('',#4881);
#893=VERTEX_POINT('',#4883);
#894=VERTEX_POINT('',#4945);
#895=VERTEX_POINT('',#4947);
#896=VERTEX_POINT('',#5009);
#897=VERTEX_POINT('',#5011);
#898=VERTEX_POINT('',#5013);
#899=VERTEX_POINT('',#5015);
#900=VERTEX_POINT('',#5017);
#901=VERTEX_POINT('',#5019);
#902=VERTEX_POINT('',#5081);
#903=VERTEX_POINT('',#5083);
#904=VERTEX_POINT('',#5145);
#905=VERTEX_POINT('',#5147);
#906=VERTEX_POINT('',#5149);
#907=VERTEX_POINT('',#5151);
#908=VERTEX_POINT('',#5153);
#909=VERTEX_POINT('',#5155);
#910=VERTEX_POINT('',#5217);
#911=VERTEX_POINT('',#5219);
#912=VERTEX_POINT('',#5281);
#913=VERTEX_POINT('',#5283);
#914=VERTEX_POINT('',#5285);
#915=VERTEX_POINT('',#5287);
#916=VERTEX_POINT('',#5289);
#917=VERTEX_POINT('',#5291);
#918=VERTEX_POINT('',#5353);
#919=VERTEX_POINT('',#5355);
#920=VERTEX_POINT('',#5417);
#921=VERTEX_POINT('',#5419);
#922=VERTEX_POINT('',#5421);
#923=VERTEX_POINT('',#5423);
#924=VERTEX_POINT('',#5425);
#925=VERTEX_POINT('',#5427);
#926=VERTEX_POINT('',#5489);
#927=VERTEX_POINT('',#5491);
#928=VERTEX_POINT('',#5553);
#929=VERTEX_POINT('',#5555);
#930=VERTEX_POINT('',#5557);
#931=VERTEX_POINT('',#5559);
#932=VERTEX_POINT('',#5561);
#933=VERTEX_POINT('',#5563);
#934=VERTEX_POINT('',#5625);
#935=VERTEX_POINT('',#5627);
#936=VERTEX_POINT('',#5689);
#937=VERTEX_POINT('',#5691);
#938=VERTEX_POINT('',#5693);
#939=VERTEX_POINT('',#5695);
#940=VERTEX_POINT('',#5697);
#941=VERTEX_POINT('',#5699);
#942=VERTEX_POINT('',#5761);
#943=VERTEX_POINT('',#5763);
#944=VERTEX_POINT('',#5825);
#945=VERTEX_POINT('',#5827);
#946=VERTEX_POINT('',#5829);
#947=VERTEX_POINT('',#5831);
#948=VERTEX_POINT('',#5833);
#949=VERTEX_POINT('',#5835);
#950=VERTEX_POINT('',#5897);
#951=VERTEX_POINT('',#5899);
#952=VERTEX_POINT('',#5961);
#953=VERTEX_POINT('',#5963);
#954=VERTEX_POINT('',#5965);
#955=VERTEX_POINT('',#5967);
#956=VERTEX_POINT('',#5969);
#957=VERTEX_POINT('',#5971);
#958=VERTEX_POINT('',#6033);
#959=VERTEX_POINT('',#6035);
#960=VERTEX_POINT('',#6097);
#961=VERTEX_POINT('',#6099);
#962=VERTEX_POINT('',#6101);
#963=VERTEX_POINT('',#6103);
#964=VERTEX_POINT('',#6105);
#965=VERTEX_POINT('',#6107);
#966=VERTEX_POINT('',#6169);
#967=VERTEX_POINT('',#6171);
#968=VERTEX_POINT('',#6233);
#969=VERTEX_POINT('',#6235);
#970=VERTEX_POINT('',#6237);
#971=VERTEX_POINT('',#6239);
#972=VERTEX_POINT('',#6241);
#973=VERTEX_POINT('',#6243);
#974=VERTEX_POINT('',#6305);
#975=VERTEX_POINT('',#6307);
#976=VERTEX_POINT('',#6369);
#977=VERTEX_POINT('',#6371);
#978=VERTEX_POINT('',#6373);
#979=VERTEX_POINT('',#6375);
#980=VERTEX_POINT('',#6377);
#981=VERTEX_POINT('',#6379);
#982=VERTEX_POINT('',#6441);
#983=VERTEX_POINT('',#6443);
#984=VERTEX_POINT('',#6505);
#985=VERTEX_POINT('',#6508);
#986=VERTEX_POINT('',#8393);
#987=VERTEX_POINT('',#8395);
#988=VERTEX_POINT('',#8412);
#989=EDGE_CURVE('',#780,#781,#462,.T.);
#990=EDGE_CURVE('',#780,#781,#353,.T.);
#991=EDGE_CURVE('',#782,#782,#354,.T.);
#992=EDGE_CURVE('',#782,#783,#463,.T.);
#993=EDGE_CURVE('',#783,#784,#355,.T.);
#994=EDGE_CURVE('',#780,#784,#356,.T.);
#995=EDGE_CURVE('',#785,#781,#357,.T.);
#996=EDGE_CURVE('',#785,#783,#358,.T.);
#997=EDGE_CURVE('',#784,#785,#464,.T.);
#998=EDGE_CURVE('',#786,#784,#465,.T.);
#999=EDGE_CURVE('',#786,#787,#466,.T.);
#1000=EDGE_CURVE('',#787,#780,#467,.T.);
#1001=EDGE_CURVE('',#781,#788,#468,.T.);
#1002=EDGE_CURVE('',#789,#788,#469,.T.);
#1003=EDGE_CURVE('',#785,#789,#470,.T.);
#1004=EDGE_CURVE('',#790,#791,#471,.T.);
#1005=EDGE_CURVE('',#792,#790,#359,.T.);
#1006=EDGE_CURVE('',#791,#792,#360,.T.);
#1007=EDGE_CURVE('',#787,#786,#361,.T.);
#1008=EDGE_CURVE('',#788,#789,#362,.T.);
#1009=EDGE_CURVE('',#793,#794,#66,.T.);
#1010=EDGE_CURVE('',#795,#793,#363,.T.);
#1011=EDGE_CURVE('',#796,#795,#67,.T.);
#1012=EDGE_CURVE('',#797,#796,#472,.T.);
#1013=EDGE_CURVE('',#798,#797,#364,.T.);
#1014=EDGE_CURVE('',#799,#798,#365,.T.);
#1015=EDGE_CURVE('',#800,#799,#366,.T.);
#1016=EDGE_CURVE('',#794,#800,#473,.T.);
#1017=EDGE_CURVE('',#801,#802,#68,.T.);
#1018=EDGE_CURVE('',#803,#801,#367,.T.);
#1019=EDGE_CURVE('',#804,#803,#69,.T.);
#1020=EDGE_CURVE('',#805,#804,#474,.T.);
#1021=EDGE_CURVE('',#806,#805,#368,.T.);
#1022=EDGE_CURVE('',#807,#806,#369,.T.);
#1023=EDGE_CURVE('',#808,#807,#370,.T.);
#1024=EDGE_CURVE('',#802,#808,#475,.T.);
#1025=EDGE_CURVE('',#809,#810,#70,.T.);
#1026=EDGE_CURVE('',#811,#809,#476,.T.);
#1027=EDGE_CURVE('',#812,#811,#371,.T.);
#1028=EDGE_CURVE('',#813,#812,#372,.T.);
#1029=EDGE_CURVE('',#814,#813,#373,.T.);
#1030=EDGE_CURVE('',#815,#814,#477,.T.);
#1031=EDGE_CURVE('',#816,#815,#71,.T.);
#1032=EDGE_CURVE('',#810,#816,#374,.T.);
#1033=EDGE_CURVE('',#817,#818,#72,.T.);
#1034=EDGE_CURVE('',#819,#817,#375,.T.);
#1035=EDGE_CURVE('',#820,#819,#73,.T.);
#1036=EDGE_CURVE('',#821,#820,#478,.T.);
#1037=EDGE_CURVE('',#822,#821,#376,.T.);
#1038=EDGE_CURVE('',#823,#822,#377,.T.);
#1039=EDGE_CURVE('',#824,#823,#378,.T.);
#1040=EDGE_CURVE('',#818,#824,#479,.T.);
#1041=EDGE_CURVE('',#825,#826,#74,.T.);
#1042=EDGE_CURVE('',#827,#825,#480,.T.);
#1043=EDGE_CURVE('',#828,#827,#379,.T.);
#1044=EDGE_CURVE('',#829,#828,#380,.T.);
#1045=EDGE_CURVE('',#830,#829,#381,.T.);
#1046=EDGE_CURVE('',#831,#830,#481,.T.);
#1047=EDGE_CURVE('',#832,#831,#75,.T.);
#1048=EDGE_CURVE('',#826,#832,#382,.T.);
#1049=EDGE_CURVE('',#833,#834,#76,.T.);
#1050=EDGE_CURVE('',#835,#833,#482,.T.);
#1051=EDGE_CURVE('',#836,#835,#383,.T.);
#1052=EDGE_CURVE('',#837,#836,#384,.T.);
#1053=EDGE_CURVE('',#838,#837,#385,.T.);
#1054=EDGE_CURVE('',#839,#838,#483,.T.);
#1055=EDGE_CURVE('',#840,#839,#77,.T.);
#1056=EDGE_CURVE('',#834,#840,#386,.T.);
#1057=EDGE_CURVE('',#841,#842,#78,.T.);
#1058=EDGE_CURVE('',#843,#841,#484,.T.);
#1059=EDGE_CURVE('',#844,#843,#387,.T.);
#1060=EDGE_CURVE('',#845,#844,#388,.T.);
#1061=EDGE_CURVE('',#846,#845,#389,.T.);
#1062=EDGE_CURVE('',#847,#846,#485,.T.);
#1063=EDGE_CURVE('',#848,#847,#79,.T.);
#1064=EDGE_CURVE('',#842,#848,#390,.T.);
#1065=EDGE_CURVE('',#849,#850,#80,.T.);
#1066=EDGE_CURVE('',#851,#849,#486,.T.);
#1067=EDGE_CURVE('',#852,#851,#391,.T.);
#1068=EDGE_CURVE('',#853,#852,#392,.T.);
#1069=EDGE_CURVE('',#854,#853,#393,.T.);
#1070=EDGE_CURVE('',#855,#854,#487,.T.);
#1071=EDGE_CURVE('',#856,#855,#81,.T.);
#1072=EDGE_CURVE('',#850,#856,#394,.T.);
#1073=EDGE_CURVE('',#857,#858,#82,.T.);
#1074=EDGE_CURVE('',#859,#857,#488,.T.);
#1075=EDGE_CURVE('',#860,#859,#395,.T.);
#1076=EDGE_CURVE('',#861,#860,#396,.T.);
#1077=EDGE_CURVE('',#862,#861,#397,.T.);
#1078=EDGE_CURVE('',#863,#862,#489,.T.);
#1079=EDGE_CURVE('',#864,#863,#83,.T.);
#1080=EDGE_CURVE('',#858,#864,#398,.T.);
#1081=EDGE_CURVE('',#865,#866,#84,.T.);
#1082=EDGE_CURVE('',#867,#865,#399,.T.);
#1083=EDGE_CURVE('',#868,#867,#85,.T.);
#1084=EDGE_CURVE('',#869,#868,#490,.T.);
#1085=EDGE_CURVE('',#870,#869,#400,.T.);
#1086=EDGE_CURVE('',#871,#870,#401,.T.);
#1087=EDGE_CURVE('',#872,#871,#402,.T.);
#1088=EDGE_CURVE('',#866,#872,#491,.T.);
#1089=EDGE_CURVE('',#873,#874,#86,.T.);
#1090=EDGE_CURVE('',#875,#873,#403,.T.);
#1091=EDGE_CURVE('',#876,#875,#87,.T.);
#1092=EDGE_CURVE('',#877,#876,#492,.T.);
#1093=EDGE_CURVE('',#878,#877,#404,.T.);
#1094=EDGE_CURVE('',#879,#878,#405,.T.);
#1095=EDGE_CURVE('',#880,#879,#406,.T.);
#1096=EDGE_CURVE('',#874,#880,#493,.T.);
#1097=EDGE_CURVE('',#881,#882,#88,.T.);
#1098=EDGE_CURVE('',#883,#881,#407,.T.);
#1099=EDGE_CURVE('',#884,#883,#89,.T.);
#1100=EDGE_CURVE('',#885,#884,#494,.T.);
#1101=EDGE_CURVE('',#886,#885,#408,.T.);
#1102=EDGE_CURVE('',#887,#886,#409,.T.);
#1103=EDGE_CURVE('',#888,#887,#410,.T.);
#1104=EDGE_CURVE('',#882,#888,#495,.T.);
#1105=EDGE_CURVE('',#889,#890,#411,.T.);
#1106=EDGE_CURVE('',#891,#889,#412,.T.);
#1107=EDGE_CURVE('',#892,#891,#496,.T.);
#1108=EDGE_CURVE('',#893,#892,#42,.T.);
#1109=EDGE_CURVE('',#894,#893,#413,.T.);
#1110=EDGE_CURVE('',#895,#894,#43,.T.);
#1111=EDGE_CURVE('',#896,#895,#497,.T.);
#1112=EDGE_CURVE('',#897,#896,#414,.T.);
#1113=EDGE_CURVE('',#898,#897,#415,.T.);
#1114=EDGE_CURVE('',#899,#898,#416,.T.);
#1115=EDGE_CURVE('',#900,#899,#498,.T.);
#1116=EDGE_CURVE('',#901,#900,#44,.T.);
#1117=EDGE_CURVE('',#902,#901,#417,.T.);
#1118=EDGE_CURVE('',#903,#902,#45,.T.);
#1119=EDGE_CURVE('',#904,#903,#499,.T.);
#1120=EDGE_CURVE('',#905,#904,#418,.T.);
#1121=EDGE_CURVE('',#906,#905,#419,.T.);
#1122=EDGE_CURVE('',#907,#906,#420,.T.);
#1123=EDGE_CURVE('',#908,#907,#500,.T.);
#1124=EDGE_CURVE('',#909,#908,#46,.T.);
#1125=EDGE_CURVE('',#910,#909,#421,.T.);
#1126=EDGE_CURVE('',#911,#910,#47,.T.);
#1127=EDGE_CURVE('',#912,#911,#501,.T.);
#1128=EDGE_CURVE('',#913,#912,#422,.T.);
#1129=EDGE_CURVE('',#914,#913,#423,.T.);
#1130=EDGE_CURVE('',#915,#914,#424,.T.);
#1131=EDGE_CURVE('',#916,#915,#502,.T.);
#1132=EDGE_CURVE('',#917,#916,#48,.T.);
#1133=EDGE_CURVE('',#918,#917,#425,.T.);
#1134=EDGE_CURVE('',#919,#918,#49,.T.);
#1135=EDGE_CURVE('',#920,#919,#503,.T.);
#1136=EDGE_CURVE('',#921,#920,#426,.T.);
#1137=EDGE_CURVE('',#922,#921,#427,.T.);
#1138=EDGE_CURVE('',#923,#922,#428,.T.);
#1139=EDGE_CURVE('',#924,#923,#504,.T.);
#1140=EDGE_CURVE('',#925,#924,#50,.T.);
#1141=EDGE_CURVE('',#926,#925,#429,.T.);
#1142=EDGE_CURVE('',#927,#926,#51,.T.);
#1143=EDGE_CURVE('',#928,#927,#505,.T.);
#1144=EDGE_CURVE('',#929,#928,#430,.T.);
#1145=EDGE_CURVE('',#930,#929,#431,.T.);
#1146=EDGE_CURVE('',#931,#930,#432,.T.);
#1147=EDGE_CURVE('',#932,#931,#506,.T.);
#1148=EDGE_CURVE('',#933,#932,#52,.T.);
#1149=EDGE_CURVE('',#934,#933,#433,.T.);
#1150=EDGE_CURVE('',#935,#934,#53,.T.);
#1151=EDGE_CURVE('',#936,#935,#507,.T.);
#1152=EDGE_CURVE('',#937,#936,#434,.T.);
#1153=EDGE_CURVE('',#938,#937,#435,.T.);
#1154=EDGE_CURVE('',#939,#938,#436,.T.);
#1155=EDGE_CURVE('',#940,#939,#508,.T.);
#1156=EDGE_CURVE('',#941,#940,#54,.T.);
#1157=EDGE_CURVE('',#942,#941,#437,.T.);
#1158=EDGE_CURVE('',#943,#942,#55,.T.);
#1159=EDGE_CURVE('',#944,#943,#509,.T.);
#1160=EDGE_CURVE('',#945,#944,#438,.T.);
#1161=EDGE_CURVE('',#946,#945,#439,.T.);
#1162=EDGE_CURVE('',#947,#946,#440,.T.);
#1163=EDGE_CURVE('',#948,#947,#510,.T.);
#1164=EDGE_CURVE('',#949,#948,#56,.T.);
#1165=EDGE_CURVE('',#950,#949,#441,.T.);
#1166=EDGE_CURVE('',#951,#950,#57,.T.);
#1167=EDGE_CURVE('',#952,#951,#511,.T.);
#1168=EDGE_CURVE('',#953,#952,#442,.T.);
#1169=EDGE_CURVE('',#954,#953,#443,.T.);
#1170=EDGE_CURVE('',#955,#954,#444,.T.);
#1171=EDGE_CURVE('',#956,#955,#512,.T.);
#1172=EDGE_CURVE('',#957,#956,#58,.T.);
#1173=EDGE_CURVE('',#958,#957,#445,.T.);
#1174=EDGE_CURVE('',#959,#958,#59,.T.);
#1175=EDGE_CURVE('',#960,#959,#513,.T.);
#1176=EDGE_CURVE('',#961,#960,#446,.T.);
#1177=EDGE_CURVE('',#962,#961,#447,.T.);
#1178=EDGE_CURVE('',#963,#962,#448,.T.);
#1179=EDGE_CURVE('',#964,#963,#514,.T.);
#1180=EDGE_CURVE('',#965,#964,#60,.T.);
#1181=EDGE_CURVE('',#966,#965,#449,.T.);
#1182=EDGE_CURVE('',#967,#966,#61,.T.);
#1183=EDGE_CURVE('',#968,#967,#515,.T.);
#1184=EDGE_CURVE('',#969,#968,#450,.T.);
#1185=EDGE_CURVE('',#970,#969,#451,.T.);
#1186=EDGE_CURVE('',#971,#970,#452,.T.);
#1187=EDGE_CURVE('',#972,#971,#516,.T.);
#1188=EDGE_CURVE('',#973,#972,#62,.T.);
#1189=EDGE_CURVE('',#974,#973,#453,.T.);
#1190=EDGE_CURVE('',#975,#974,#63,.T.);
#1191=EDGE_CURVE('',#976,#975,#517,.T.);
#1192=EDGE_CURVE('',#977,#976,#454,.T.);
#1193=EDGE_CURVE('',#978,#977,#455,.T.);
#1194=EDGE_CURVE('',#979,#978,#456,.T.);
#1195=EDGE_CURVE('',#980,#979,#518,.T.);
#1196=EDGE_CURVE('',#981,#980,#64,.T.);
#1197=EDGE_CURVE('',#982,#981,#457,.T.);
#1198=EDGE_CURVE('',#983,#982,#65,.T.);
#1199=EDGE_CURVE('',#984,#983,#519,.T.);
#1200=EDGE_CURVE('',#890,#984,#458,.T.);
#1201=EDGE_CURVE('',#985,#985,#459,.T.);
#1202=EDGE_CURVE('',#815,#935,#520,.T.);
#1203=EDGE_CURVE('',#936,#814,#521,.T.);
#1204=EDGE_CURVE('',#816,#934,#522,.T.);
#1205=EDGE_CURVE('',#932,#857,#523,.T.);
#1206=EDGE_CURVE('',#858,#933,#524,.T.);
#1207=EDGE_CURVE('',#931,#859,#525,.T.);
#1208=EDGE_CURVE('',#930,#860,#526,.T.);
#1209=EDGE_CURVE('',#929,#861,#527,.T.);
#1210=EDGE_CURVE('',#928,#862,#528,.T.);
#1211=EDGE_CURVE('',#863,#927,#529,.T.);
#1212=EDGE_CURVE('',#864,#926,#530,.T.);
#1213=EDGE_CURVE('',#924,#833,#531,.T.);
#1214=EDGE_CURVE('',#834,#925,#532,.T.);
#1215=EDGE_CURVE('',#923,#835,#533,.T.);
#1216=EDGE_CURVE('',#922,#836,#534,.T.);
#1217=EDGE_CURVE('',#921,#837,#535,.T.);
#1218=EDGE_CURVE('',#920,#838,#536,.T.);
#1219=EDGE_CURVE('',#839,#919,#537,.T.);
#1220=EDGE_CURVE('',#840,#918,#538,.T.);
#1221=EDGE_CURVE('',#916,#841,#539,.T.);
#1222=EDGE_CURVE('',#842,#917,#540,.T.);
#1223=EDGE_CURVE('',#915,#843,#541,.T.);
#1224=EDGE_CURVE('',#914,#844,#542,.T.);
#1225=EDGE_CURVE('',#913,#845,#543,.T.);
#1226=EDGE_CURVE('',#912,#846,#544,.T.);
#1227=EDGE_CURVE('',#847,#911,#545,.T.);
#1228=EDGE_CURVE('',#848,#910,#546,.T.);
#1229=EDGE_CURVE('',#908,#825,#547,.T.);
#1230=EDGE_CURVE('',#826,#909,#548,.T.);
#1231=EDGE_CURVE('',#907,#827,#549,.T.);
#1232=EDGE_CURVE('',#906,#828,#550,.T.);
#1233=EDGE_CURVE('',#905,#829,#551,.T.);
#1234=EDGE_CURVE('',#904,#830,#552,.T.);
#1235=EDGE_CURVE('',#831,#903,#553,.T.);
#1236=EDGE_CURVE('',#832,#902,#554,.T.);
#1237=EDGE_CURVE('',#900,#849,#555,.T.);
#1238=EDGE_CURVE('',#850,#901,#556,.T.);
#1239=EDGE_CURVE('',#899,#851,#557,.T.);
#1240=EDGE_CURVE('',#898,#852,#558,.T.);
#1241=EDGE_CURVE('',#897,#853,#559,.T.);
#1242=EDGE_CURVE('',#896,#854,#560,.T.);
#1243=EDGE_CURVE('',#855,#895,#561,.T.);
#1244=EDGE_CURVE('',#856,#894,#562,.T.);
#1245=EDGE_CURVE('',#892,#820,#563,.T.);
#1246=EDGE_CURVE('',#819,#893,#564,.T.);
#1247=EDGE_CURVE('',#891,#821,#565,.T.);
#1248=EDGE_CURVE('',#793,#966,#566,.T.);
#1249=EDGE_CURVE('',#875,#965,#567,.T.);
#1250=EDGE_CURVE('',#873,#958,#568,.T.);
#1251=EDGE_CURVE('',#803,#957,#569,.T.);
#1252=EDGE_CURVE('',#801,#950,#570,.T.);
#1253=EDGE_CURVE('',#867,#949,#571,.T.);
#1254=EDGE_CURVE('',#865,#942,#572,.T.);
#1255=EDGE_CURVE('',#810,#941,#573,.T.);
#1256=EDGE_CURVE('',#819,#792,#574,.T.);
#1257=EDGE_CURVE('',#790,#986,#575,.T.);
#1258=EDGE_CURVE('',#986,#987,#460,.T.);
#1259=EDGE_CURVE('',#987,#791,#576,.T.);
#1260=EDGE_CURVE('',#817,#982,#577,.T.);
#1261=EDGE_CURVE('',#883,#981,#578,.T.);
#1262=EDGE_CURVE('',#881,#974,#579,.T.);
#1263=EDGE_CURVE('',#795,#973,#580,.T.);
#1264=EDGE_CURVE('',#889,#822,#581,.T.);
#1265=EDGE_CURVE('',#890,#823,#582,.T.);
#1266=EDGE_CURVE('',#984,#824,#583,.T.);
#1267=EDGE_CURVE('',#987,#986,#584,.T.);
#1268=EDGE_CURVE('',#988,#988,#461,.T.);
#1269=EDGE_CURVE('',#818,#983,#585,.T.);
#1270=EDGE_CURVE('',#978,#886,#586,.T.);
#1271=EDGE_CURVE('',#979,#885,#587,.T.);
#1272=EDGE_CURVE('',#980,#884,#588,.T.);
#1273=EDGE_CURVE('',#976,#888,#589,.T.);
#1274=EDGE_CURVE('',#977,#887,#590,.T.);
#1275=EDGE_CURVE('',#882,#975,#591,.T.);
#1276=EDGE_CURVE('',#970,#798,#592,.T.);
#1277=EDGE_CURVE('',#971,#797,#593,.T.);
#1278=EDGE_CURVE('',#972,#796,#594,.T.);
#1279=EDGE_CURVE('',#968,#800,#595,.T.);
#1280=EDGE_CURVE('',#969,#799,#596,.T.);
#1281=EDGE_CURVE('',#794,#967,#597,.T.);
#1282=EDGE_CURVE('',#962,#878,#598,.T.);
#1283=EDGE_CURVE('',#963,#877,#599,.T.);
#1284=EDGE_CURVE('',#964,#876,#600,.T.);
#1285=EDGE_CURVE('',#960,#880,#601,.T.);
#1286=EDGE_CURVE('',#961,#879,#602,.T.);
#1287=EDGE_CURVE('',#874,#959,#603,.T.);
#1288=EDGE_CURVE('',#954,#806,#604,.T.);
#1289=EDGE_CURVE('',#955,#805,#605,.T.);
#1290=EDGE_CURVE('',#956,#804,#606,.T.);
#1291=EDGE_CURVE('',#952,#808,#607,.T.);
#1292=EDGE_CURVE('',#953,#807,#608,.T.);
#1293=EDGE_CURVE('',#802,#951,#609,.T.);
#1294=EDGE_CURVE('',#946,#870,#610,.T.);
#1295=EDGE_CURVE('',#947,#869,#611,.T.);
#1296=EDGE_CURVE('',#948,#868,#612,.T.);
#1297=EDGE_CURVE('',#944,#872,#613,.T.);
#1298=EDGE_CURVE('',#945,#871,#614,.T.);
#1299=EDGE_CURVE('',#866,#943,#615,.T.);
#1300=EDGE_CURVE('',#938,#812,#616,.T.);
#1301=EDGE_CURVE('',#939,#811,#617,.T.);
#1302=EDGE_CURVE('',#940,#809,#618,.T.);
#1303=EDGE_CURVE('',#937,#813,#619,.T.);
#1304=EDGE_CURVE('',#985,#988,#620,.T.);
#1305=ORIENTED_EDGE('',*,*,#989,.T.);
#1306=ORIENTED_EDGE('',*,*,#990,.F.);
#1307=ORIENTED_EDGE('',*,*,#991,.F.);
#1308=ORIENTED_EDGE('',*,*,#992,.T.);
#1309=ORIENTED_EDGE('',*,*,#993,.T.);
#1310=ORIENTED_EDGE('',*,*,#994,.F.);
#1311=ORIENTED_EDGE('',*,*,#990,.T.);
#1312=ORIENTED_EDGE('',*,*,#995,.F.);
#1313=ORIENTED_EDGE('',*,*,#996,.T.);
#1314=ORIENTED_EDGE('',*,*,#992,.F.);
#1315=ORIENTED_EDGE('',*,*,#997,.F.);
#1316=ORIENTED_EDGE('',*,*,#993,.F.);
#1317=ORIENTED_EDGE('',*,*,#996,.F.);
#1318=ORIENTED_EDGE('',*,*,#994,.T.);
#1319=ORIENTED_EDGE('',*,*,#998,.F.);
#1320=ORIENTED_EDGE('',*,*,#999,.T.);
#1321=ORIENTED_EDGE('',*,*,#1000,.T.);
#1322=ORIENTED_EDGE('',*,*,#995,.T.);
#1323=ORIENTED_EDGE('',*,*,#1001,.T.);
#1324=ORIENTED_EDGE('',*,*,#1002,.F.);
#1325=ORIENTED_EDGE('',*,*,#1003,.F.);
#1326=ORIENTED_EDGE('',*,*,#1004,.F.);
#1327=ORIENTED_EDGE('',*,*,#1005,.F.);
#1328=ORIENTED_EDGE('',*,*,#1006,.F.);
#1329=ORIENTED_EDGE('',*,*,#1007,.T.);
#1330=ORIENTED_EDGE('',*,*,#998,.T.);
#1331=ORIENTED_EDGE('',*,*,#997,.T.);
#1332=ORIENTED_EDGE('',*,*,#1003,.T.);
#1333=ORIENTED_EDGE('',*,*,#1008,.F.);
#1334=ORIENTED_EDGE('',*,*,#1001,.F.);
#1335=ORIENTED_EDGE('',*,*,#989,.F.);
#1336=ORIENTED_EDGE('',*,*,#1000,.F.);
#1337=ORIENTED_EDGE('',*,*,#999,.F.);
#1338=ORIENTED_EDGE('',*,*,#1007,.F.);
#1339=ORIENTED_EDGE('',*,*,#1009,.F.);
#1340=ORIENTED_EDGE('',*,*,#1010,.F.);
#1341=ORIENTED_EDGE('',*,*,#1011,.F.);
#1342=ORIENTED_EDGE('',*,*,#1012,.F.);
#1343=ORIENTED_EDGE('',*,*,#1013,.F.);
#1344=ORIENTED_EDGE('',*,*,#1014,.F.);
#1345=ORIENTED_EDGE('',*,*,#1015,.F.);
#1346=ORIENTED_EDGE('',*,*,#1016,.F.);
#1347=ORIENTED_EDGE('',*,*,#1017,.F.);
#1348=ORIENTED_EDGE('',*,*,#1018,.F.);
#1349=ORIENTED_EDGE('',*,*,#1019,.F.);
#1350=ORIENTED_EDGE('',*,*,#1020,.F.);
#1351=ORIENTED_EDGE('',*,*,#1021,.F.);
#1352=ORIENTED_EDGE('',*,*,#1022,.F.);
#1353=ORIENTED_EDGE('',*,*,#1023,.F.);
#1354=ORIENTED_EDGE('',*,*,#1024,.F.);
#1355=ORIENTED_EDGE('',*,*,#1025,.F.);
#1356=ORIENTED_EDGE('',*,*,#1026,.F.);
#1357=ORIENTED_EDGE('',*,*,#1027,.F.);
#1358=ORIENTED_EDGE('',*,*,#1028,.F.);
#1359=ORIENTED_EDGE('',*,*,#1029,.F.);
#1360=ORIENTED_EDGE('',*,*,#1030,.F.);
#1361=ORIENTED_EDGE('',*,*,#1031,.F.);
#1362=ORIENTED_EDGE('',*,*,#1032,.F.);
#1363=ORIENTED_EDGE('',*,*,#1033,.F.);
#1364=ORIENTED_EDGE('',*,*,#1034,.F.);
#1365=ORIENTED_EDGE('',*,*,#1035,.F.);
#1366=ORIENTED_EDGE('',*,*,#1036,.F.);
#1367=ORIENTED_EDGE('',*,*,#1037,.F.);
#1368=ORIENTED_EDGE('',*,*,#1038,.F.);
#1369=ORIENTED_EDGE('',*,*,#1039,.F.);
#1370=ORIENTED_EDGE('',*,*,#1040,.F.);
#1371=ORIENTED_EDGE('',*,*,#1041,.F.);
#1372=ORIENTED_EDGE('',*,*,#1042,.F.);
#1373=ORIENTED_EDGE('',*,*,#1043,.F.);
#1374=ORIENTED_EDGE('',*,*,#1044,.F.);
#1375=ORIENTED_EDGE('',*,*,#1045,.F.);
#1376=ORIENTED_EDGE('',*,*,#1046,.F.);
#1377=ORIENTED_EDGE('',*,*,#1047,.F.);
#1378=ORIENTED_EDGE('',*,*,#1048,.F.);
#1379=ORIENTED_EDGE('',*,*,#1049,.F.);
#1380=ORIENTED_EDGE('',*,*,#1050,.F.);
#1381=ORIENTED_EDGE('',*,*,#1051,.F.);
#1382=ORIENTED_EDGE('',*,*,#1052,.F.);
#1383=ORIENTED_EDGE('',*,*,#1053,.F.);
#1384=ORIENTED_EDGE('',*,*,#1054,.F.);
#1385=ORIENTED_EDGE('',*,*,#1055,.F.);
#1386=ORIENTED_EDGE('',*,*,#1056,.F.);
#1387=ORIENTED_EDGE('',*,*,#1057,.F.);
#1388=ORIENTED_EDGE('',*,*,#1058,.F.);
#1389=ORIENTED_EDGE('',*,*,#1059,.F.);
#1390=ORIENTED_EDGE('',*,*,#1060,.F.);
#1391=ORIENTED_EDGE('',*,*,#1061,.F.);
#1392=ORIENTED_EDGE('',*,*,#1062,.F.);
#1393=ORIENTED_EDGE('',*,*,#1063,.F.);
#1394=ORIENTED_EDGE('',*,*,#1064,.F.);
#1395=ORIENTED_EDGE('',*,*,#1065,.F.);
#1396=ORIENTED_EDGE('',*,*,#1066,.F.);
#1397=ORIENTED_EDGE('',*,*,#1067,.F.);
#1398=ORIENTED_EDGE('',*,*,#1068,.F.);
#1399=ORIENTED_EDGE('',*,*,#1069,.F.);
#1400=ORIENTED_EDGE('',*,*,#1070,.F.);
#1401=ORIENTED_EDGE('',*,*,#1071,.F.);
#1402=ORIENTED_EDGE('',*,*,#1072,.F.);
#1403=ORIENTED_EDGE('',*,*,#1073,.F.);
#1404=ORIENTED_EDGE('',*,*,#1074,.F.);
#1405=ORIENTED_EDGE('',*,*,#1075,.F.);
#1406=ORIENTED_EDGE('',*,*,#1076,.F.);
#1407=ORIENTED_EDGE('',*,*,#1077,.F.);
#1408=ORIENTED_EDGE('',*,*,#1078,.F.);
#1409=ORIENTED_EDGE('',*,*,#1079,.F.);
#1410=ORIENTED_EDGE('',*,*,#1080,.F.);
#1411=ORIENTED_EDGE('',*,*,#1081,.F.);
#1412=ORIENTED_EDGE('',*,*,#1082,.F.);
#1413=ORIENTED_EDGE('',*,*,#1083,.F.);
#1414=ORIENTED_EDGE('',*,*,#1084,.F.);
#1415=ORIENTED_EDGE('',*,*,#1085,.F.);
#1416=ORIENTED_EDGE('',*,*,#1086,.F.);
#1417=ORIENTED_EDGE('',*,*,#1087,.F.);
#1418=ORIENTED_EDGE('',*,*,#1088,.F.);
#1419=ORIENTED_EDGE('',*,*,#1089,.F.);
#1420=ORIENTED_EDGE('',*,*,#1090,.F.);
#1421=ORIENTED_EDGE('',*,*,#1091,.F.);
#1422=ORIENTED_EDGE('',*,*,#1092,.F.);
#1423=ORIENTED_EDGE('',*,*,#1093,.F.);
#1424=ORIENTED_EDGE('',*,*,#1094,.F.);
#1425=ORIENTED_EDGE('',*,*,#1095,.F.);
#1426=ORIENTED_EDGE('',*,*,#1096,.F.);
#1427=ORIENTED_EDGE('',*,*,#1097,.F.);
#1428=ORIENTED_EDGE('',*,*,#1098,.F.);
#1429=ORIENTED_EDGE('',*,*,#1099,.F.);
#1430=ORIENTED_EDGE('',*,*,#1100,.F.);
#1431=ORIENTED_EDGE('',*,*,#1101,.F.);
#1432=ORIENTED_EDGE('',*,*,#1102,.F.);
#1433=ORIENTED_EDGE('',*,*,#1103,.F.);
#1434=ORIENTED_EDGE('',*,*,#1104,.F.);
#1435=ORIENTED_EDGE('',*,*,#1105,.F.);
#1436=ORIENTED_EDGE('',*,*,#1106,.F.);
#1437=ORIENTED_EDGE('',*,*,#1107,.F.);
#1438=ORIENTED_EDGE('',*,*,#1108,.F.);
#1439=ORIENTED_EDGE('',*,*,#1109,.F.);
#1440=ORIENTED_EDGE('',*,*,#1110,.F.);
#1441=ORIENTED_EDGE('',*,*,#1111,.F.);
#1442=ORIENTED_EDGE('',*,*,#1112,.F.);
#1443=ORIENTED_EDGE('',*,*,#1113,.F.);
#1444=ORIENTED_EDGE('',*,*,#1114,.F.);
#1445=ORIENTED_EDGE('',*,*,#1115,.F.);
#1446=ORIENTED_EDGE('',*,*,#1116,.F.);
#1447=ORIENTED_EDGE('',*,*,#1117,.F.);
#1448=ORIENTED_EDGE('',*,*,#1118,.F.);
#1449=ORIENTED_EDGE('',*,*,#1119,.F.);
#1450=ORIENTED_EDGE('',*,*,#1120,.F.);
#1451=ORIENTED_EDGE('',*,*,#1121,.F.);
#1452=ORIENTED_EDGE('',*,*,#1122,.F.);
#1453=ORIENTED_EDGE('',*,*,#1123,.F.);
#1454=ORIENTED_EDGE('',*,*,#1124,.F.);
#1455=ORIENTED_EDGE('',*,*,#1125,.F.);
#1456=ORIENTED_EDGE('',*,*,#1126,.F.);
#1457=ORIENTED_EDGE('',*,*,#1127,.F.);
#1458=ORIENTED_EDGE('',*,*,#1128,.F.);
#1459=ORIENTED_EDGE('',*,*,#1129,.F.);
#1460=ORIENTED_EDGE('',*,*,#1130,.F.);
#1461=ORIENTED_EDGE('',*,*,#1131,.F.);
#1462=ORIENTED_EDGE('',*,*,#1132,.F.);
#1463=ORIENTED_EDGE('',*,*,#1133,.F.);
#1464=ORIENTED_EDGE('',*,*,#1134,.F.);
#1465=ORIENTED_EDGE('',*,*,#1135,.F.);
#1466=ORIENTED_EDGE('',*,*,#1136,.F.);
#1467=ORIENTED_EDGE('',*,*,#1137,.F.);
#1468=ORIENTED_EDGE('',*,*,#1138,.F.);
#1469=ORIENTED_EDGE('',*,*,#1139,.F.);
#1470=ORIENTED_EDGE('',*,*,#1140,.F.);
#1471=ORIENTED_EDGE('',*,*,#1141,.F.);
#1472=ORIENTED_EDGE('',*,*,#1142,.F.);
#1473=ORIENTED_EDGE('',*,*,#1143,.F.);
#1474=ORIENTED_EDGE('',*,*,#1144,.F.);
#1475=ORIENTED_EDGE('',*,*,#1145,.F.);
#1476=ORIENTED_EDGE('',*,*,#1146,.F.);
#1477=ORIENTED_EDGE('',*,*,#1147,.F.);
#1478=ORIENTED_EDGE('',*,*,#1148,.F.);
#1479=ORIENTED_EDGE('',*,*,#1149,.F.);
#1480=ORIENTED_EDGE('',*,*,#1150,.F.);
#1481=ORIENTED_EDGE('',*,*,#1151,.F.);
#1482=ORIENTED_EDGE('',*,*,#1152,.F.);
#1483=ORIENTED_EDGE('',*,*,#1153,.F.);
#1484=ORIENTED_EDGE('',*,*,#1154,.F.);
#1485=ORIENTED_EDGE('',*,*,#1155,.F.);
#1486=ORIENTED_EDGE('',*,*,#1156,.F.);
#1487=ORIENTED_EDGE('',*,*,#1157,.F.);
#1488=ORIENTED_EDGE('',*,*,#1158,.F.);
#1489=ORIENTED_EDGE('',*,*,#1159,.F.);
#1490=ORIENTED_EDGE('',*,*,#1160,.F.);
#1491=ORIENTED_EDGE('',*,*,#1161,.F.);
#1492=ORIENTED_EDGE('',*,*,#1162,.F.);
#1493=ORIENTED_EDGE('',*,*,#1163,.F.);
#1494=ORIENTED_EDGE('',*,*,#1164,.F.);
#1495=ORIENTED_EDGE('',*,*,#1165,.F.);
#1496=ORIENTED_EDGE('',*,*,#1166,.F.);
#1497=ORIENTED_EDGE('',*,*,#1167,.F.);
#1498=ORIENTED_EDGE('',*,*,#1168,.F.);
#1499=ORIENTED_EDGE('',*,*,#1169,.F.);
#1500=ORIENTED_EDGE('',*,*,#1170,.F.);
#1501=ORIENTED_EDGE('',*,*,#1171,.F.);
#1502=ORIENTED_EDGE('',*,*,#1172,.F.);
#1503=ORIENTED_EDGE('',*,*,#1173,.F.);
#1504=ORIENTED_EDGE('',*,*,#1174,.F.);
#1505=ORIENTED_EDGE('',*,*,#1175,.F.);
#1506=ORIENTED_EDGE('',*,*,#1176,.F.);
#1507=ORIENTED_EDGE('',*,*,#1177,.F.);
#1508=ORIENTED_EDGE('',*,*,#1178,.F.);
#1509=ORIENTED_EDGE('',*,*,#1179,.F.);
#1510=ORIENTED_EDGE('',*,*,#1180,.F.);
#1511=ORIENTED_EDGE('',*,*,#1181,.F.);
#1512=ORIENTED_EDGE('',*,*,#1182,.F.);
#1513=ORIENTED_EDGE('',*,*,#1183,.F.);
#1514=ORIENTED_EDGE('',*,*,#1184,.F.);
#1515=ORIENTED_EDGE('',*,*,#1185,.F.);
#1516=ORIENTED_EDGE('',*,*,#1186,.F.);
#1517=ORIENTED_EDGE('',*,*,#1187,.F.);
#1518=ORIENTED_EDGE('',*,*,#1188,.F.);
#1519=ORIENTED_EDGE('',*,*,#1189,.F.);
#1520=ORIENTED_EDGE('',*,*,#1190,.F.);
#1521=ORIENTED_EDGE('',*,*,#1191,.F.);
#1522=ORIENTED_EDGE('',*,*,#1192,.F.);
#1523=ORIENTED_EDGE('',*,*,#1193,.F.);
#1524=ORIENTED_EDGE('',*,*,#1194,.F.);
#1525=ORIENTED_EDGE('',*,*,#1195,.F.);
#1526=ORIENTED_EDGE('',*,*,#1196,.F.);
#1527=ORIENTED_EDGE('',*,*,#1197,.F.);
#1528=ORIENTED_EDGE('',*,*,#1198,.F.);
#1529=ORIENTED_EDGE('',*,*,#1199,.F.);
#1530=ORIENTED_EDGE('',*,*,#1200,.F.);
#1531=ORIENTED_EDGE('',*,*,#1201,.F.);
#1532=ORIENTED_EDGE('',*,*,#1151,.T.);
#1533=ORIENTED_EDGE('',*,*,#1202,.F.);
#1534=ORIENTED_EDGE('',*,*,#1030,.T.);
#1535=ORIENTED_EDGE('',*,*,#1203,.F.);
#1536=ORIENTED_EDGE('',*,*,#1150,.T.);
#1537=ORIENTED_EDGE('',*,*,#1204,.F.);
#1538=ORIENTED_EDGE('',*,*,#1031,.T.);
#1539=ORIENTED_EDGE('',*,*,#1202,.T.);
#1540=ORIENTED_EDGE('',*,*,#1148,.T.);
#1541=ORIENTED_EDGE('',*,*,#1205,.T.);
#1542=ORIENTED_EDGE('',*,*,#1073,.T.);
#1543=ORIENTED_EDGE('',*,*,#1206,.T.);
#1544=ORIENTED_EDGE('',*,*,#1147,.T.);
#1545=ORIENTED_EDGE('',*,*,#1207,.T.);
#1546=ORIENTED_EDGE('',*,*,#1074,.T.);
#1547=ORIENTED_EDGE('',*,*,#1205,.F.);
#1548=ORIENTED_EDGE('',*,*,#1146,.T.);
#1549=ORIENTED_EDGE('',*,*,#1208,.T.);
#1550=ORIENTED_EDGE('',*,*,#1075,.T.);
#1551=ORIENTED_EDGE('',*,*,#1207,.F.);
#1552=ORIENTED_EDGE('',*,*,#1145,.T.);
#1553=ORIENTED_EDGE('',*,*,#1209,.T.);
#1554=ORIENTED_EDGE('',*,*,#1076,.T.);
#1555=ORIENTED_EDGE('',*,*,#1208,.F.);
#1556=ORIENTED_EDGE('',*,*,#1144,.T.);
#1557=ORIENTED_EDGE('',*,*,#1210,.T.);
#1558=ORIENTED_EDGE('',*,*,#1077,.T.);
#1559=ORIENTED_EDGE('',*,*,#1209,.F.);
#1560=ORIENTED_EDGE('',*,*,#1143,.T.);
#1561=ORIENTED_EDGE('',*,*,#1211,.F.);
#1562=ORIENTED_EDGE('',*,*,#1078,.T.);
#1563=ORIENTED_EDGE('',*,*,#1210,.F.);
#1564=ORIENTED_EDGE('',*,*,#1142,.T.);
#1565=ORIENTED_EDGE('',*,*,#1212,.F.);
#1566=ORIENTED_EDGE('',*,*,#1079,.T.);
#1567=ORIENTED_EDGE('',*,*,#1211,.T.);
#1568=ORIENTED_EDGE('',*,*,#1140,.T.);
#1569=ORIENTED_EDGE('',*,*,#1213,.T.);
#1570=ORIENTED_EDGE('',*,*,#1049,.T.);
#1571=ORIENTED_EDGE('',*,*,#1214,.T.);
#1572=ORIENTED_EDGE('',*,*,#1139,.T.);
#1573=ORIENTED_EDGE('',*,*,#1215,.T.);
#1574=ORIENTED_EDGE('',*,*,#1050,.T.);
#1575=ORIENTED_EDGE('',*,*,#1213,.F.);
#1576=ORIENTED_EDGE('',*,*,#1138,.T.);
#1577=ORIENTED_EDGE('',*,*,#1216,.T.);
#1578=ORIENTED_EDGE('',*,*,#1051,.T.);
#1579=ORIENTED_EDGE('',*,*,#1215,.F.);
#1580=ORIENTED_EDGE('',*,*,#1137,.T.);
#1581=ORIENTED_EDGE('',*,*,#1217,.T.);
#1582=ORIENTED_EDGE('',*,*,#1052,.T.);
#1583=ORIENTED_EDGE('',*,*,#1216,.F.);
#1584=ORIENTED_EDGE('',*,*,#1136,.T.);
#1585=ORIENTED_EDGE('',*,*,#1218,.T.);
#1586=ORIENTED_EDGE('',*,*,#1053,.T.);
#1587=ORIENTED_EDGE('',*,*,#1217,.F.);
#1588=ORIENTED_EDGE('',*,*,#1135,.T.);
#1589=ORIENTED_EDGE('',*,*,#1219,.F.);
#1590=ORIENTED_EDGE('',*,*,#1054,.T.);
#1591=ORIENTED_EDGE('',*,*,#1218,.F.);
#1592=ORIENTED_EDGE('',*,*,#1134,.T.);
#1593=ORIENTED_EDGE('',*,*,#1220,.F.);
#1594=ORIENTED_EDGE('',*,*,#1055,.T.);
#1595=ORIENTED_EDGE('',*,*,#1219,.T.);
#1596=ORIENTED_EDGE('',*,*,#1132,.T.);
#1597=ORIENTED_EDGE('',*,*,#1221,.T.);
#1598=ORIENTED_EDGE('',*,*,#1057,.T.);
#1599=ORIENTED_EDGE('',*,*,#1222,.T.);
#1600=ORIENTED_EDGE('',*,*,#1131,.T.);
#1601=ORIENTED_EDGE('',*,*,#1223,.T.);
#1602=ORIENTED_EDGE('',*,*,#1058,.T.);
#1603=ORIENTED_EDGE('',*,*,#1221,.F.);
#1604=ORIENTED_EDGE('',*,*,#1130,.T.);
#1605=ORIENTED_EDGE('',*,*,#1224,.T.);
#1606=ORIENTED_EDGE('',*,*,#1059,.T.);
#1607=ORIENTED_EDGE('',*,*,#1223,.F.);
#1608=ORIENTED_EDGE('',*,*,#1129,.T.);
#1609=ORIENTED_EDGE('',*,*,#1225,.T.);
#1610=ORIENTED_EDGE('',*,*,#1060,.T.);
#1611=ORIENTED_EDGE('',*,*,#1224,.F.);
#1612=ORIENTED_EDGE('',*,*,#1128,.T.);
#1613=ORIENTED_EDGE('',*,*,#1226,.T.);
#1614=ORIENTED_EDGE('',*,*,#1061,.T.);
#1615=ORIENTED_EDGE('',*,*,#1225,.F.);
#1616=ORIENTED_EDGE('',*,*,#1127,.T.);
#1617=ORIENTED_EDGE('',*,*,#1227,.F.);
#1618=ORIENTED_EDGE('',*,*,#1062,.T.);
#1619=ORIENTED_EDGE('',*,*,#1226,.F.);
#1620=ORIENTED_EDGE('',*,*,#1126,.T.);
#1621=ORIENTED_EDGE('',*,*,#1228,.F.);
#1622=ORIENTED_EDGE('',*,*,#1063,.T.);
#1623=ORIENTED_EDGE('',*,*,#1227,.T.);
#1624=ORIENTED_EDGE('',*,*,#1124,.T.);
#1625=ORIENTED_EDGE('',*,*,#1229,.T.);
#1626=ORIENTED_EDGE('',*,*,#1041,.T.);
#1627=ORIENTED_EDGE('',*,*,#1230,.T.);
#1628=ORIENTED_EDGE('',*,*,#1123,.T.);
#1629=ORIENTED_EDGE('',*,*,#1231,.T.);
#1630=ORIENTED_EDGE('',*,*,#1042,.T.);
#1631=ORIENTED_EDGE('',*,*,#1229,.F.);
#1632=ORIENTED_EDGE('',*,*,#1122,.T.);
#1633=ORIENTED_EDGE('',*,*,#1232,.T.);
#1634=ORIENTED_EDGE('',*,*,#1043,.T.);
#1635=ORIENTED_EDGE('',*,*,#1231,.F.);
#1636=ORIENTED_EDGE('',*,*,#1121,.T.);
#1637=ORIENTED_EDGE('',*,*,#1233,.T.);
#1638=ORIENTED_EDGE('',*,*,#1044,.T.);
#1639=ORIENTED_EDGE('',*,*,#1232,.F.);
#1640=ORIENTED_EDGE('',*,*,#1120,.T.);
#1641=ORIENTED_EDGE('',*,*,#1234,.T.);
#1642=ORIENTED_EDGE('',*,*,#1045,.T.);
#1643=ORIENTED_EDGE('',*,*,#1233,.F.);
#1644=ORIENTED_EDGE('',*,*,#1119,.T.);
#1645=ORIENTED_EDGE('',*,*,#1235,.F.);
#1646=ORIENTED_EDGE('',*,*,#1046,.T.);
#1647=ORIENTED_EDGE('',*,*,#1234,.F.);
#1648=ORIENTED_EDGE('',*,*,#1118,.T.);
#1649=ORIENTED_EDGE('',*,*,#1236,.F.);
#1650=ORIENTED_EDGE('',*,*,#1047,.T.);
#1651=ORIENTED_EDGE('',*,*,#1235,.T.);
#1652=ORIENTED_EDGE('',*,*,#1116,.T.);
#1653=ORIENTED_EDGE('',*,*,#1237,.T.);
#1654=ORIENTED_EDGE('',*,*,#1065,.T.);
#1655=ORIENTED_EDGE('',*,*,#1238,.T.);
#1656=ORIENTED_EDGE('',*,*,#1115,.T.);
#1657=ORIENTED_EDGE('',*,*,#1239,.T.);
#1658=ORIENTED_EDGE('',*,*,#1066,.T.);
#1659=ORIENTED_EDGE('',*,*,#1237,.F.);
#1660=ORIENTED_EDGE('',*,*,#1114,.T.);
#1661=ORIENTED_EDGE('',*,*,#1240,.T.);
#1662=ORIENTED_EDGE('',*,*,#1067,.T.);
#1663=ORIENTED_EDGE('',*,*,#1239,.F.);
#1664=ORIENTED_EDGE('',*,*,#1113,.T.);
#1665=ORIENTED_EDGE('',*,*,#1241,.T.);
#1666=ORIENTED_EDGE('',*,*,#1068,.T.);
#1667=ORIENTED_EDGE('',*,*,#1240,.F.);
#1668=ORIENTED_EDGE('',*,*,#1112,.T.);
#1669=ORIENTED_EDGE('',*,*,#1242,.T.);
#1670=ORIENTED_EDGE('',*,*,#1069,.T.);
#1671=ORIENTED_EDGE('',*,*,#1241,.F.);
#1672=ORIENTED_EDGE('',*,*,#1111,.T.);
#1673=ORIENTED_EDGE('',*,*,#1243,.F.);
#1674=ORIENTED_EDGE('',*,*,#1070,.T.);
#1675=ORIENTED_EDGE('',*,*,#1242,.F.);
#1676=ORIENTED_EDGE('',*,*,#1110,.T.);
#1677=ORIENTED_EDGE('',*,*,#1244,.F.);
#1678=ORIENTED_EDGE('',*,*,#1071,.T.);
#1679=ORIENTED_EDGE('',*,*,#1243,.T.);
#1680=ORIENTED_EDGE('',*,*,#1108,.T.);
#1681=ORIENTED_EDGE('',*,*,#1245,.T.);
#1682=ORIENTED_EDGE('',*,*,#1035,.T.);
#1683=ORIENTED_EDGE('',*,*,#1246,.T.);
#1684=ORIENTED_EDGE('',*,*,#1107,.T.);
#1685=ORIENTED_EDGE('',*,*,#1247,.T.);
#1686=ORIENTED_EDGE('',*,*,#1036,.T.);
#1687=ORIENTED_EDGE('',*,*,#1245,.F.);
#1688=ORIENTED_EDGE('',*,*,#1248,.T.);
#1689=ORIENTED_EDGE('',*,*,#1181,.T.);
#1690=ORIENTED_EDGE('',*,*,#1249,.F.);
#1691=ORIENTED_EDGE('',*,*,#1090,.T.);
#1692=ORIENTED_EDGE('',*,*,#1250,.T.);
#1693=ORIENTED_EDGE('',*,*,#1173,.T.);
#1694=ORIENTED_EDGE('',*,*,#1251,.F.);
#1695=ORIENTED_EDGE('',*,*,#1018,.T.);
#1696=ORIENTED_EDGE('',*,*,#1252,.T.);
#1697=ORIENTED_EDGE('',*,*,#1165,.T.);
#1698=ORIENTED_EDGE('',*,*,#1253,.F.);
#1699=ORIENTED_EDGE('',*,*,#1082,.T.);
#1700=ORIENTED_EDGE('',*,*,#1254,.T.);
#1701=ORIENTED_EDGE('',*,*,#1157,.T.);
#1702=ORIENTED_EDGE('',*,*,#1255,.F.);
#1703=ORIENTED_EDGE('',*,*,#1032,.T.);
#1704=ORIENTED_EDGE('',*,*,#1204,.T.);
#1705=ORIENTED_EDGE('',*,*,#1149,.T.);
#1706=ORIENTED_EDGE('',*,*,#1206,.F.);
#1707=ORIENTED_EDGE('',*,*,#1080,.T.);
#1708=ORIENTED_EDGE('',*,*,#1212,.T.);
#1709=ORIENTED_EDGE('',*,*,#1141,.T.);
#1710=ORIENTED_EDGE('',*,*,#1214,.F.);
#1711=ORIENTED_EDGE('',*,*,#1056,.T.);
#1712=ORIENTED_EDGE('',*,*,#1220,.T.);
#1713=ORIENTED_EDGE('',*,*,#1133,.T.);
#1714=ORIENTED_EDGE('',*,*,#1222,.F.);
#1715=ORIENTED_EDGE('',*,*,#1064,.T.);
#1716=ORIENTED_EDGE('',*,*,#1228,.T.);
#1717=ORIENTED_EDGE('',*,*,#1125,.T.);
#1718=ORIENTED_EDGE('',*,*,#1230,.F.);
#1719=ORIENTED_EDGE('',*,*,#1048,.T.);
#1720=ORIENTED_EDGE('',*,*,#1236,.T.);
#1721=ORIENTED_EDGE('',*,*,#1117,.T.);
#1722=ORIENTED_EDGE('',*,*,#1238,.F.);
#1723=ORIENTED_EDGE('',*,*,#1072,.T.);
#1724=ORIENTED_EDGE('',*,*,#1244,.T.);
#1725=ORIENTED_EDGE('',*,*,#1109,.T.);
#1726=ORIENTED_EDGE('',*,*,#1246,.F.);
#1727=ORIENTED_EDGE('',*,*,#1256,.T.);
#1728=ORIENTED_EDGE('',*,*,#1005,.T.);
#1729=ORIENTED_EDGE('',*,*,#1257,.T.);
#1730=ORIENTED_EDGE('',*,*,#1258,.T.);
#1731=ORIENTED_EDGE('',*,*,#1259,.T.);
#1732=ORIENTED_EDGE('',*,*,#1006,.T.);
#1733=ORIENTED_EDGE('',*,*,#1256,.F.);
#1734=ORIENTED_EDGE('',*,*,#1034,.T.);
#1735=ORIENTED_EDGE('',*,*,#1260,.T.);
#1736=ORIENTED_EDGE('',*,*,#1197,.T.);
#1737=ORIENTED_EDGE('',*,*,#1261,.F.);
#1738=ORIENTED_EDGE('',*,*,#1098,.T.);
#1739=ORIENTED_EDGE('',*,*,#1262,.T.);
#1740=ORIENTED_EDGE('',*,*,#1189,.T.);
#1741=ORIENTED_EDGE('',*,*,#1263,.F.);
#1742=ORIENTED_EDGE('',*,*,#1010,.T.);
#1743=ORIENTED_EDGE('',*,*,#1106,.T.);
#1744=ORIENTED_EDGE('',*,*,#1264,.T.);
#1745=ORIENTED_EDGE('',*,*,#1037,.T.);
#1746=ORIENTED_EDGE('',*,*,#1247,.F.);
#1747=ORIENTED_EDGE('',*,*,#1105,.T.);
#1748=ORIENTED_EDGE('',*,*,#1265,.T.);
#1749=ORIENTED_EDGE('',*,*,#1038,.T.);
#1750=ORIENTED_EDGE('',*,*,#1264,.F.);
#1751=ORIENTED_EDGE('',*,*,#1200,.T.);
#1752=ORIENTED_EDGE('',*,*,#1266,.T.);
#1753=ORIENTED_EDGE('',*,*,#1039,.T.);
#1754=ORIENTED_EDGE('',*,*,#1265,.F.);
#1755=ORIENTED_EDGE('',*,*,#1267,.F.);
#1756=ORIENTED_EDGE('',*,*,#1258,.F.);
#1757=ORIENTED_EDGE('',*,*,#1008,.T.);
#1758=ORIENTED_EDGE('',*,*,#1002,.T.);
#1759=ORIENTED_EDGE('',*,*,#1267,.T.);
#1760=ORIENTED_EDGE('',*,*,#1257,.F.);
#1761=ORIENTED_EDGE('',*,*,#1004,.T.);
#1762=ORIENTED_EDGE('',*,*,#1259,.F.);
#1763=ORIENTED_EDGE('',*,*,#991,.T.);
#1764=ORIENTED_EDGE('',*,*,#1268,.F.);
#1765=ORIENTED_EDGE('',*,*,#1199,.T.);
#1766=ORIENTED_EDGE('',*,*,#1269,.F.);
#1767=ORIENTED_EDGE('',*,*,#1040,.T.);
#1768=ORIENTED_EDGE('',*,*,#1266,.F.);
#1769=ORIENTED_EDGE('',*,*,#1194,.T.);
#1770=ORIENTED_EDGE('',*,*,#1270,.T.);
#1771=ORIENTED_EDGE('',*,*,#1101,.T.);
#1772=ORIENTED_EDGE('',*,*,#1271,.F.);
#1773=ORIENTED_EDGE('',*,*,#1195,.T.);
#1774=ORIENTED_EDGE('',*,*,#1271,.T.);
#1775=ORIENTED_EDGE('',*,*,#1100,.T.);
#1776=ORIENTED_EDGE('',*,*,#1272,.F.);
#1777=ORIENTED_EDGE('',*,*,#1192,.T.);
#1778=ORIENTED_EDGE('',*,*,#1273,.T.);
#1779=ORIENTED_EDGE('',*,*,#1103,.T.);
#1780=ORIENTED_EDGE('',*,*,#1274,.F.);
#1781=ORIENTED_EDGE('',*,*,#1191,.T.);
#1782=ORIENTED_EDGE('',*,*,#1275,.F.);
#1783=ORIENTED_EDGE('',*,*,#1104,.T.);
#1784=ORIENTED_EDGE('',*,*,#1273,.F.);
#1785=ORIENTED_EDGE('',*,*,#1186,.T.);
#1786=ORIENTED_EDGE('',*,*,#1276,.T.);
#1787=ORIENTED_EDGE('',*,*,#1013,.T.);
#1788=ORIENTED_EDGE('',*,*,#1277,.F.);
#1789=ORIENTED_EDGE('',*,*,#1187,.T.);
#1790=ORIENTED_EDGE('',*,*,#1277,.T.);
#1791=ORIENTED_EDGE('',*,*,#1012,.T.);
#1792=ORIENTED_EDGE('',*,*,#1278,.F.);
#1793=ORIENTED_EDGE('',*,*,#1184,.T.);
#1794=ORIENTED_EDGE('',*,*,#1279,.T.);
#1795=ORIENTED_EDGE('',*,*,#1015,.T.);
#1796=ORIENTED_EDGE('',*,*,#1280,.F.);
#1797=ORIENTED_EDGE('',*,*,#1183,.T.);
#1798=ORIENTED_EDGE('',*,*,#1281,.F.);
#1799=ORIENTED_EDGE('',*,*,#1016,.T.);
#1800=ORIENTED_EDGE('',*,*,#1279,.F.);
#1801=ORIENTED_EDGE('',*,*,#1178,.T.);
#1802=ORIENTED_EDGE('',*,*,#1282,.T.);
#1803=ORIENTED_EDGE('',*,*,#1093,.T.);
#1804=ORIENTED_EDGE('',*,*,#1283,.F.);
#1805=ORIENTED_EDGE('',*,*,#1179,.T.);
#1806=ORIENTED_EDGE('',*,*,#1283,.T.);
#1807=ORIENTED_EDGE('',*,*,#1092,.T.);
#1808=ORIENTED_EDGE('',*,*,#1284,.F.);
#1809=ORIENTED_EDGE('',*,*,#1176,.T.);
#1810=ORIENTED_EDGE('',*,*,#1285,.T.);
#1811=ORIENTED_EDGE('',*,*,#1095,.T.);
#1812=ORIENTED_EDGE('',*,*,#1286,.F.);
#1813=ORIENTED_EDGE('',*,*,#1175,.T.);
#1814=ORIENTED_EDGE('',*,*,#1287,.F.);
#1815=ORIENTED_EDGE('',*,*,#1096,.T.);
#1816=ORIENTED_EDGE('',*,*,#1285,.F.);
#1817=ORIENTED_EDGE('',*,*,#1170,.T.);
#1818=ORIENTED_EDGE('',*,*,#1288,.T.);
#1819=ORIENTED_EDGE('',*,*,#1021,.T.);
#1820=ORIENTED_EDGE('',*,*,#1289,.F.);
#1821=ORIENTED_EDGE('',*,*,#1171,.T.);
#1822=ORIENTED_EDGE('',*,*,#1289,.T.);
#1823=ORIENTED_EDGE('',*,*,#1020,.T.);
#1824=ORIENTED_EDGE('',*,*,#1290,.F.);
#1825=ORIENTED_EDGE('',*,*,#1168,.T.);
#1826=ORIENTED_EDGE('',*,*,#1291,.T.);
#1827=ORIENTED_EDGE('',*,*,#1023,.T.);
#1828=ORIENTED_EDGE('',*,*,#1292,.F.);
#1829=ORIENTED_EDGE('',*,*,#1167,.T.);
#1830=ORIENTED_EDGE('',*,*,#1293,.F.);
#1831=ORIENTED_EDGE('',*,*,#1024,.T.);
#1832=ORIENTED_EDGE('',*,*,#1291,.F.);
#1833=ORIENTED_EDGE('',*,*,#1162,.T.);
#1834=ORIENTED_EDGE('',*,*,#1294,.T.);
#1835=ORIENTED_EDGE('',*,*,#1085,.T.);
#1836=ORIENTED_EDGE('',*,*,#1295,.F.);
#1837=ORIENTED_EDGE('',*,*,#1163,.T.);
#1838=ORIENTED_EDGE('',*,*,#1295,.T.);
#1839=ORIENTED_EDGE('',*,*,#1084,.T.);
#1840=ORIENTED_EDGE('',*,*,#1296,.F.);
#1841=ORIENTED_EDGE('',*,*,#1160,.T.);
#1842=ORIENTED_EDGE('',*,*,#1297,.T.);
#1843=ORIENTED_EDGE('',*,*,#1087,.T.);
#1844=ORIENTED_EDGE('',*,*,#1298,.F.);
#1845=ORIENTED_EDGE('',*,*,#1159,.T.);
#1846=ORIENTED_EDGE('',*,*,#1299,.F.);
#1847=ORIENTED_EDGE('',*,*,#1088,.T.);
#1848=ORIENTED_EDGE('',*,*,#1297,.F.);
#1849=ORIENTED_EDGE('',*,*,#1154,.T.);
#1850=ORIENTED_EDGE('',*,*,#1300,.T.);
#1851=ORIENTED_EDGE('',*,*,#1027,.T.);
#1852=ORIENTED_EDGE('',*,*,#1301,.F.);
#1853=ORIENTED_EDGE('',*,*,#1155,.T.);
#1854=ORIENTED_EDGE('',*,*,#1301,.T.);
#1855=ORIENTED_EDGE('',*,*,#1026,.T.);
#1856=ORIENTED_EDGE('',*,*,#1302,.F.);
#1857=ORIENTED_EDGE('',*,*,#1152,.T.);
#1858=ORIENTED_EDGE('',*,*,#1203,.T.);
#1859=ORIENTED_EDGE('',*,*,#1029,.T.);
#1860=ORIENTED_EDGE('',*,*,#1303,.F.);
#1861=ORIENTED_EDGE('',*,*,#1198,.T.);
#1862=ORIENTED_EDGE('',*,*,#1260,.F.);
#1863=ORIENTED_EDGE('',*,*,#1033,.T.);
#1864=ORIENTED_EDGE('',*,*,#1269,.T.);
#1865=ORIENTED_EDGE('',*,*,#1196,.T.);
#1866=ORIENTED_EDGE('',*,*,#1272,.T.);
#1867=ORIENTED_EDGE('',*,*,#1099,.T.);
#1868=ORIENTED_EDGE('',*,*,#1261,.T.);
#1869=ORIENTED_EDGE('',*,*,#1190,.T.);
#1870=ORIENTED_EDGE('',*,*,#1262,.F.);
#1871=ORIENTED_EDGE('',*,*,#1097,.T.);
#1872=ORIENTED_EDGE('',*,*,#1275,.T.);
#1873=ORIENTED_EDGE('',*,*,#1188,.T.);
#1874=ORIENTED_EDGE('',*,*,#1278,.T.);
#1875=ORIENTED_EDGE('',*,*,#1011,.T.);
#1876=ORIENTED_EDGE('',*,*,#1263,.T.);
#1877=ORIENTED_EDGE('',*,*,#1182,.T.);
#1878=ORIENTED_EDGE('',*,*,#1248,.F.);
#1879=ORIENTED_EDGE('',*,*,#1009,.T.);
#1880=ORIENTED_EDGE('',*,*,#1281,.T.);
#1881=ORIENTED_EDGE('',*,*,#1180,.T.);
#1882=ORIENTED_EDGE('',*,*,#1284,.T.);
#1883=ORIENTED_EDGE('',*,*,#1091,.T.);
#1884=ORIENTED_EDGE('',*,*,#1249,.T.);
#1885=ORIENTED_EDGE('',*,*,#1174,.T.);
#1886=ORIENTED_EDGE('',*,*,#1250,.F.);
#1887=ORIENTED_EDGE('',*,*,#1089,.T.);
#1888=ORIENTED_EDGE('',*,*,#1287,.T.);
#1889=ORIENTED_EDGE('',*,*,#1172,.T.);
#1890=ORIENTED_EDGE('',*,*,#1290,.T.);
#1891=ORIENTED_EDGE('',*,*,#1019,.T.);
#1892=ORIENTED_EDGE('',*,*,#1251,.T.);
#1893=ORIENTED_EDGE('',*,*,#1166,.T.);
#1894=ORIENTED_EDGE('',*,*,#1252,.F.);
#1895=ORIENTED_EDGE('',*,*,#1017,.T.);
#1896=ORIENTED_EDGE('',*,*,#1293,.T.);
#1897=ORIENTED_EDGE('',*,*,#1164,.T.);
#1898=ORIENTED_EDGE('',*,*,#1296,.T.);
#1899=ORIENTED_EDGE('',*,*,#1083,.T.);
#1900=ORIENTED_EDGE('',*,*,#1253,.T.);
#1901=ORIENTED_EDGE('',*,*,#1158,.T.);
#1902=ORIENTED_EDGE('',*,*,#1254,.F.);
#1903=ORIENTED_EDGE('',*,*,#1081,.T.);
#1904=ORIENTED_EDGE('',*,*,#1299,.T.);
#1905=ORIENTED_EDGE('',*,*,#1156,.T.);
#1906=ORIENTED_EDGE('',*,*,#1302,.T.);
#1907=ORIENTED_EDGE('',*,*,#1025,.T.);
#1908=ORIENTED_EDGE('',*,*,#1255,.T.);
#1909=ORIENTED_EDGE('',*,*,#1153,.T.);
#1910=ORIENTED_EDGE('',*,*,#1303,.T.);
#1911=ORIENTED_EDGE('',*,*,#1028,.T.);
#1912=ORIENTED_EDGE('',*,*,#1300,.F.);
#1913=ORIENTED_EDGE('',*,*,#1161,.T.);
#1914=ORIENTED_EDGE('',*,*,#1298,.T.);
#1915=ORIENTED_EDGE('',*,*,#1086,.T.);
#1916=ORIENTED_EDGE('',*,*,#1294,.F.);
#1917=ORIENTED_EDGE('',*,*,#1169,.T.);
#1918=ORIENTED_EDGE('',*,*,#1292,.T.);
#1919=ORIENTED_EDGE('',*,*,#1022,.T.);
#1920=ORIENTED_EDGE('',*,*,#1288,.F.);
#1921=ORIENTED_EDGE('',*,*,#1177,.T.);
#1922=ORIENTED_EDGE('',*,*,#1286,.T.);
#1923=ORIENTED_EDGE('',*,*,#1094,.T.);
#1924=ORIENTED_EDGE('',*,*,#1282,.F.);
#1925=ORIENTED_EDGE('',*,*,#1185,.T.);
#1926=ORIENTED_EDGE('',*,*,#1280,.T.);
#1927=ORIENTED_EDGE('',*,*,#1014,.T.);
#1928=ORIENTED_EDGE('',*,*,#1276,.F.);
#1929=ORIENTED_EDGE('',*,*,#1193,.T.);
#1930=ORIENTED_EDGE('',*,*,#1274,.T.);
#1931=ORIENTED_EDGE('',*,*,#1102,.T.);
#1932=ORIENTED_EDGE('',*,*,#1270,.F.);
#1933=ORIENTED_EDGE('',*,*,#1201,.T.);
#1934=ORIENTED_EDGE('',*,*,#1304,.T.);
#1935=ORIENTED_EDGE('',*,*,#1268,.T.);
#1936=ORIENTED_EDGE('',*,*,#1304,.F.);
#1937=PLANE('',#2107);
#1938=PLANE('',#2115);
#1939=PLANE('',#2116);
#1940=PLANE('',#2117);
#1941=PLANE('',#2118);
#1942=PLANE('',#2124);
#1943=PLANE('',#2125);
#1944=PLANE('',#2130);
#1945=PLANE('',#2135);
#1946=PLANE('',#2140);
#1947=PLANE('',#2145);
#1948=PLANE('',#2150);
#1949=PLANE('',#2155);
#1950=PLANE('',#2160);
#1951=PLANE('',#2165);
#1952=PLANE('',#2170);
#1953=PLANE('',#2175);
#1954=PLANE('',#2180);
#1955=PLANE('',#2185);
#1956=PLANE('',#2235);
#1957=PLANE('',#2236);
#1958=PLANE('',#2240);
#1959=PLANE('',#2241);
#1960=PLANE('',#2245);
#1961=PLANE('',#2246);
#1962=PLANE('',#2250);
#1963=PLANE('',#2251);
#1964=PLANE('',#2255);
#1965=PLANE('',#2256);
#1966=PLANE('',#2260);
#1967=PLANE('',#2261);
#1968=PLANE('',#2267);
#1969=PLANE('',#2268);
#1970=PLANE('',#2269);
#1971=PLANE('',#2271);
#1972=PLANE('',#2273);
#1973=PLANE('',#2275);
#1974=PLANE('',#2277);
#1975=PLANE('',#2279);
#1976=PLANE('',#2281);
#1977=PLANE('',#2283);
#1978=PLANE('',#2285);
#1979=PLANE('',#2287);
#1980=PLANE('',#2289);
#1981=PLANE('',#2291);
#1982=PLANE('',#2293);
#1983=ADVANCED_FACE('',(#130),#1937,.T.);
#1984=ADVANCED_FACE('',(#131),#90,.F.);
#1985=ADVANCED_FACE('',(#132),#1938,.T.);
#1986=ADVANCED_FACE('',(#133),#1939,.F.);
#1987=ADVANCED_FACE('',(#134),#1940,.F.);
#1988=ADVANCED_FACE('',(#135),#1941,.T.);
#1989=ADVANCED_FACE('',(#136),#91,.F.);
#1990=ADVANCED_FACE('',(#137),#1942,.F.);
#1991=ADVANCED_FACE('',(#138),#1943,.F.);
#1992=ADVANCED_FACE('',(#139),#1944,.F.);
#1993=ADVANCED_FACE('',(#140),#1945,.F.);
#1994=ADVANCED_FACE('',(#141),#1946,.F.);
#1995=ADVANCED_FACE('',(#142),#1947,.F.);
#1996=ADVANCED_FACE('',(#143),#1948,.F.);
#1997=ADVANCED_FACE('',(#144),#1949,.F.);
#1998=ADVANCED_FACE('',(#145),#1950,.F.);
#1999=ADVANCED_FACE('',(#146),#1951,.F.);
#2000=ADVANCED_FACE('',(#147),#1952,.F.);
#2001=ADVANCED_FACE('',(#148),#1953,.F.);
#2002=ADVANCED_FACE('',(#149),#1954,.F.);
#2003=ADVANCED_FACE('',(#150,#39),#1955,.T.);
#2004=ADVANCED_FACE('',(#151),#1956,.T.);
#2005=ADVANCED_FACE('',(#152),#15,.T.);
#2006=ADVANCED_FACE('',(#153),#16,.T.);
#2007=ADVANCED_FACE('',(#154),#1957,.T.);
#2008=ADVANCED_FACE('',(#155),#92,.F.);
#2009=ADVANCED_FACE('',(#156),#93,.T.);
#2010=ADVANCED_FACE('',(#157),#94,.F.);
#2011=ADVANCED_FACE('',(#158),#1958,.T.);
#2012=ADVANCED_FACE('',(#159),#17,.T.);
#2013=ADVANCED_FACE('',(#160),#18,.T.);
#2014=ADVANCED_FACE('',(#161),#1959,.T.);
#2015=ADVANCED_FACE('',(#162),#95,.F.);
#2016=ADVANCED_FACE('',(#163),#96,.T.);
#2017=ADVANCED_FACE('',(#164),#97,.F.);
#2018=ADVANCED_FACE('',(#165),#1960,.T.);
#2019=ADVANCED_FACE('',(#166),#19,.T.);
#2020=ADVANCED_FACE('',(#167),#20,.T.);
#2021=ADVANCED_FACE('',(#168),#1961,.T.);
#2022=ADVANCED_FACE('',(#169),#98,.F.);
#2023=ADVANCED_FACE('',(#170),#99,.T.);
#2024=ADVANCED_FACE('',(#171),#100,.F.);
#2025=ADVANCED_FACE('',(#172),#1962,.T.);
#2026=ADVANCED_FACE('',(#173),#21,.T.);
#2027=ADVANCED_FACE('',(#174),#22,.T.);
#2028=ADVANCED_FACE('',(#175),#1963,.T.);
#2029=ADVANCED_FACE('',(#176),#101,.F.);
#2030=ADVANCED_FACE('',(#177),#102,.T.);
#2031=ADVANCED_FACE('',(#178),#103,.F.);
#2032=ADVANCED_FACE('',(#179),#1964,.T.);
#2033=ADVANCED_FACE('',(#180),#23,.T.);
#2034=ADVANCED_FACE('',(#181),#24,.T.);
#2035=ADVANCED_FACE('',(#182),#1965,.T.);
#2036=ADVANCED_FACE('',(#183),#104,.F.);
#2037=ADVANCED_FACE('',(#184),#105,.T.);
#2038=ADVANCED_FACE('',(#185),#106,.F.);
#2039=ADVANCED_FACE('',(#186),#1966,.T.);
#2040=ADVANCED_FACE('',(#187),#25,.T.);
#2041=ADVANCED_FACE('',(#188),#26,.T.);
#2042=ADVANCED_FACE('',(#189),#1967,.T.);
#2043=ADVANCED_FACE('',(#190),#107,.T.);
#2044=ADVANCED_FACE('',(#191),#108,.F.);
#2045=ADVANCED_FACE('',(#192),#109,.T.);
#2046=ADVANCED_FACE('',(#193),#110,.F.);
#2047=ADVANCED_FACE('',(#194,#40),#1968,.T.);
#2048=ADVANCED_FACE('',(#195,#41),#1969,.F.);
#2049=ADVANCED_FACE('',(#196),#1970,.F.);
#2050=ADVANCED_FACE('',(#197),#1971,.T.);
#2051=ADVANCED_FACE('',(#198),#111,.F.);
#2052=ADVANCED_FACE('',(#199),#1972,.T.);
#2053=ADVANCED_FACE('',(#200),#112,.F.);
#2054=ADVANCED_FACE('',(#201),#1973,.T.);
#2055=ADVANCED_FACE('',(#202),#113,.F.);
#2056=ADVANCED_FACE('',(#203),#1974,.T.);
#2057=ADVANCED_FACE('',(#204),#114,.F.);
#2058=ADVANCED_FACE('',(#205),#1975,.T.);
#2059=ADVANCED_FACE('',(#206),#115,.F.);
#2060=ADVANCED_FACE('',(#207),#1976,.T.);
#2061=ADVANCED_FACE('',(#208),#116,.F.);
#2062=ADVANCED_FACE('',(#209),#1977,.T.);
#2063=ADVANCED_FACE('',(#210),#117,.F.);
#2064=ADVANCED_FACE('',(#211),#1978,.T.);
#2065=ADVANCED_FACE('',(#212),#118,.F.);
#2066=ADVANCED_FACE('',(#213),#1979,.T.);
#2067=ADVANCED_FACE('',(#214),#119,.F.);
#2068=ADVANCED_FACE('',(#215),#1980,.T.);
#2069=ADVANCED_FACE('',(#216),#120,.F.);
#2070=ADVANCED_FACE('',(#217),#1981,.T.);
#2071=ADVANCED_FACE('',(#218),#121,.F.);
#2072=ADVANCED_FACE('',(#219),#1982,.T.);
#2073=ADVANCED_FACE('',(#220),#122,.F.);
#2074=ADVANCED_FACE('',(#221),#27,.T.);
#2075=ADVANCED_FACE('',(#222),#28,.T.);
#2076=ADVANCED_FACE('',(#223),#29,.T.);
#2077=ADVANCED_FACE('',(#224),#30,.T.);
#2078=ADVANCED_FACE('',(#225),#31,.T.);
#2079=ADVANCED_FACE('',(#226),#32,.T.);
#2080=ADVANCED_FACE('',(#227),#33,.T.);
#2081=ADVANCED_FACE('',(#228),#34,.T.);
#2082=ADVANCED_FACE('',(#229),#35,.T.);
#2083=ADVANCED_FACE('',(#230),#36,.T.);
#2084=ADVANCED_FACE('',(#231),#37,.T.);
#2085=ADVANCED_FACE('',(#232),#38,.T.);
#2086=ADVANCED_FACE('',(#233),#123,.T.);
#2087=ADVANCED_FACE('',(#234),#124,.T.);
#2088=ADVANCED_FACE('',(#235),#125,.T.);
#2089=ADVANCED_FACE('',(#236),#126,.T.);
#2090=ADVANCED_FACE('',(#237),#127,.T.);
#2091=ADVANCED_FACE('',(#238),#128,.T.);
#2092=ADVANCED_FACE('',(#239),#129,.F.);
#2093=CLOSED_SHELL('',(#1983,#1984,#1985,#1986,#1987,#1988,#1989,#1990,
#1991,#1992,#1993,#1994,#1995,#1996,#1997,#1998,#1999,#2000,#2001,#2002,
#2003,#2004,#2005,#2006,#2007,#2008,#2009,#2010,#2011,#2012,#2013,#2014,
#2015,#2016,#2017,#2018,#2019,#2020,#2021,#2022,#2023,#2024,#2025,#2026,
#2027,#2028,#2029,#2030,#2031,#2032,#2033,#2034,#2035,#2036,#2037,#2038,
#2039,#2040,#2041,#2042,#2043,#2044,#2045,#2046,#2047,#2048,#2049,#2050,
#2051,#2052,#2053,#2054,#2055,#2056,#2057,#2058,#2059,#2060,#2061,#2062,
#2063,#2064,#2065,#2066,#2067,#2068,#2069,#2070,#2071,#2072,#2073,#2074,
#2075,#2076,#2077,#2078,#2079,#2080,#2081,#2082,#2083,#2084,#2085,#2086,
#2087,#2088,#2089,#2090,#2091,#2092));
#2094=DERIVED_UNIT_ELEMENT(#2096,1.);
#2095=DERIVED_UNIT_ELEMENT(#10286,-3.);
#2096=(
MASS_UNIT()
NAMED_UNIT(*)
SI_UNIT(.KILO.,.GRAM.)
);
#2097=DERIVED_UNIT((#2094,#2095));
#2098=MEASURE_REPRESENTATION_ITEM('density measure',
POSITIVE_RATIO_MEASURE(7850.),#2097);
#2099=PROPERTY_DEFINITION_REPRESENTATION(#2104,#2101);
#2100=PROPERTY_DEFINITION_REPRESENTATION(#2105,#2102);
#2101=REPRESENTATION('material name',(#2103),#10283);
#2102=REPRESENTATION('density',(#2098),#10283);
#2103=DESCRIPTIVE_REPRESENTATION_ITEM('A\X\E7o','A\X\E7o');
#2104=PROPERTY_DEFINITION('material property','material name',#10293);
#2105=PROPERTY_DEFINITION('material property','density of part',#10293);
#2106=AXIS2_PLACEMENT_3D('',#2853,#2302,#2303);
#2107=AXIS2_PLACEMENT_3D('',#2854,#2304,#2305);
#2108=AXIS2_PLACEMENT_3D('',#2858,#2307,#2308);
#2109=AXIS2_PLACEMENT_3D('',#2859,#2309,#2310);
#2110=AXIS2_PLACEMENT_3D('',#2861,#2311,#2312);
#2111=AXIS2_PLACEMENT_3D('',#2865,#2314,#2315);
#2112=AXIS2_PLACEMENT_3D('',#2866,#2316,#2317);
#2113=AXIS2_PLACEMENT_3D('',#2868,#2318,#2319);
#2114=AXIS2_PLACEMENT_3D('',#2869,#2320,#2321);
#2115=AXIS2_PLACEMENT_3D('',#2870,#2322,#2323);
#2116=AXIS2_PLACEMENT_3D('',#2872,#2325,#2326);
#2117=AXIS2_PLACEMENT_3D('',#2878,#2330,#2331);
#2118=AXIS2_PLACEMENT_3D('',#2884,#2335,#2336);
#2119=AXIS2_PLACEMENT_3D('',#2889,#2338,#2339);
#2120=AXIS2_PLACEMENT_3D('',#2890,#2340,#2341);
#2121=AXIS2_PLACEMENT_3D('',#2891,#2342,#2343);
#2122=AXIS2_PLACEMENT_3D('',#2892,#2344,#2345);
#2123=AXIS2_PLACEMENT_3D('',#2893,#2346,#2347);
#2124=AXIS2_PLACEMENT_3D('',#2894,#2348,#2349);
#2125=AXIS2_PLACEMENT_3D('',#2895,#2350,#2351);
#2126=AXIS2_PLACEMENT_3D('',#2974,#2352,#2353);
#2127=AXIS2_PLACEMENT_3D('',#3054,#2355,#2356);
#2128=AXIS2_PLACEMENT_3D('',#3056,#2357,#2358);
#2129=AXIS2_PLACEMENT_3D('',#3058,#2359,#2360);
#2130=AXIS2_PLACEMENT_3D('',#3060,#2362,#2363);
#2131=AXIS2_PLACEMENT_3D('',#3139,#2364,#2365);
#2132=AXIS2_PLACEMENT_3D('',#3219,#2367,#2368);
#2133=AXIS2_PLACEMENT_3D('',#3221,#2369,#2370);
#2134=AXIS2_PLACEMENT_3D('',#3223,#2371,#2372);
#2135=AXIS2_PLACEMENT_3D('',#3225,#2374,#2375);
#2136=AXIS2_PLACEMENT_3D('',#3306,#2377,#2378);
#2137=AXIS2_PLACEMENT_3D('',#3308,#2379,#2380);
#2138=AXIS2_PLACEMENT_3D('',#3310,#2381,#2382);
#2139=AXIS2_PLACEMENT_3D('',#3389,#2384,#2385);
#2140=AXIS2_PLACEMENT_3D('',#3390,#2386,#2387);
#2141=AXIS2_PLACEMENT_3D('',#3469,#2388,#2389);
#2142=AXIS2_PLACEMENT_3D('',#3549,#2391,#2392);
#2143=AXIS2_PLACEMENT_3D('',#3551,#2393,#2394);
#2144=AXIS2_PLACEMENT_3D('',#3553,#2395,#2396);
#2145=AXIS2_PLACEMENT_3D('',#3555,#2398,#2399);
#2146=AXIS2_PLACEMENT_3D('',#3636,#2401,#2402);
#2147=AXIS2_PLACEMENT_3D('',#3638,#2403,#2404);
#2148=AXIS2_PLACEMENT_3D('',#3640,#2405,#2406);
#2149=AXIS2_PLACEMENT_3D('',#3719,#2408,#2409);
#2150=AXIS2_PLACEMENT_3D('',#3720,#2410,#2411);
#2151=AXIS2_PLACEMENT_3D('',#3801,#2413,#2414);
#2152=AXIS2_PLACEMENT_3D('',#3803,#2415,#2416);
#2153=AXIS2_PLACEMENT_3D('',#3805,#2417,#2418);
#2154=AXIS2_PLACEMENT_3D('',#3884,#2420,#2421);
#2155=AXIS2_PLACEMENT_3D('',#3885,#2422,#2423);
#2156=AXIS2_PLACEMENT_3D('',#3966,#2425,#2426);
#2157=AXIS2_PLACEMENT_3D('',#3968,#2427,#2428);
#2158=AXIS2_PLACEMENT_3D('',#3970,#2429,#2430);
#2159=AXIS2_PLACEMENT_3D('',#4049,#2432,#2433);
#2160=AXIS2_PLACEMENT_3D('',#4050,#2434,#2435);
#2161=AXIS2_PLACEMENT_3D('',#4131,#2437,#2438);
#2162=AXIS2_PLACEMENT_3D('',#4133,#2439,#2440);
#2163=AXIS2_PLACEMENT_3D('',#4135,#2441,#2442);
#2164=AXIS2_PLACEMENT_3D('',#4214,#2444,#2445);
#2165=AXIS2_PLACEMENT_3D('',#4215,#2446,#2447);
#2166=AXIS2_PLACEMENT_3D('',#4296,#2449,#2450);
#2167=AXIS2_PLACEMENT_3D('',#4298,#2451,#2452);
#2168=AXIS2_PLACEMENT_3D('',#4300,#2453,#2454);
#2169=AXIS2_PLACEMENT_3D('',#4379,#2456,#2457);
#2170=AXIS2_PLACEMENT_3D('',#4380,#2458,#2459);
#2171=AXIS2_PLACEMENT_3D('',#4459,#2460,#2461);
#2172=AXIS2_PLACEMENT_3D('',#4539,#2463,#2464);
#2173=AXIS2_PLACEMENT_3D('',#4541,#2465,#2466);
#2174=AXIS2_PLACEMENT_3D('',#4543,#2467,#2468);
#2175=AXIS2_PLACEMENT_3D('',#4545,#2470,#2471);
#2176=AXIS2_PLACEMENT_3D('',#4624,#2472,#2473);
#2177=AXIS2_PLACEMENT_3D('',#4704,#2475,#2476);
#2178=AXIS2_PLACEMENT_3D('',#4706,#2477,#2478);
#2179=AXIS2_PLACEMENT_3D('',#4708,#2479,#2480);
#2180=AXIS2_PLACEMENT_3D('',#4710,#2482,#2483);
#2181=AXIS2_PLACEMENT_3D('',#4789,#2484,#2485);
#2182=AXIS2_PLACEMENT_3D('',#4869,#2487,#2488);
#2183=AXIS2_PLACEMENT_3D('',#4871,#2489,#2490);
#2184=AXIS2_PLACEMENT_3D('',#4873,#2491,#2492);
#2185=AXIS2_PLACEMENT_3D('',#4875,#2494,#2495);
#2186=AXIS2_PLACEMENT_3D('',#4878,#2496,#2497);
#2187=AXIS2_PLACEMENT_3D('',#4880,#2498,#2499);
#2188=AXIS2_PLACEMENT_3D('',#4946,#2501,#2502);
#2189=AXIS2_PLACEMENT_3D('',#5012,#2504,#2505);
#2190=AXIS2_PLACEMENT_3D('',#5014,#2506,#2507);
#2191=AXIS2_PLACEMENT_3D('',#5016,#2508,#2509);
#2192=AXIS2_PLACEMENT_3D('',#5082,#2511,#2512);
#2193=AXIS2_PLACEMENT_3D('',#5148,#2514,#2515);
#2194=AXIS2_PLACEMENT_3D('',#5150,#2516,#2517);
#2195=AXIS2_PLACEMENT_3D('',#5152,#2518,#2519);
#2196=AXIS2_PLACEMENT_3D('',#5218,#2521,#2522);
#2197=AXIS2_PLACEMENT_3D('',#5284,#2524,#2525);
#2198=AXIS2_PLACEMENT_3D('',#5286,#2526,#2527);
#2199=AXIS2_PLACEMENT_3D('',#5288,#2528,#2529);
#2200=AXIS2_PLACEMENT_3D('',#5354,#2531,#2532);
#2201=AXIS2_PLACEMENT_3D('',#5420,#2534,#2535);
#2202=AXIS2_PLACEMENT_3D('',#5422,#2536,#2537);
#2203=AXIS2_PLACEMENT_3D('',#5424,#2538,#2539);
#2204=AXIS2_PLACEMENT_3D('',#5490,#2541,#2542);
#2205=AXIS2_PLACEMENT_3D('',#5556,#2544,#2545);
#2206=AXIS2_PLACEMENT_3D('',#5558,#2546,#2547);
#2207=AXIS2_PLACEMENT_3D('',#5560,#2548,#2549);
#2208=AXIS2_PLACEMENT_3D('',#5626,#2551,#2552);
#2209=AXIS2_PLACEMENT_3D('',#5692,#2554,#2555);
#2210=AXIS2_PLACEMENT_3D('',#5694,#2556,#2557);
#2211=AXIS2_PLACEMENT_3D('',#5696,#2558,#2559);
#2212=AXIS2_PLACEMENT_3D('',#5762,#2561,#2562);
#2213=AXIS2_PLACEMENT_3D('',#5828,#2564,#2565);
#2214=AXIS2_PLACEMENT_3D('',#5830,#2566,#2567);
#2215=AXIS2_PLACEMENT_3D('',#5832,#2568,#2569);
#2216=AXIS2_PLACEMENT_3D('',#5898,#2571,#2572);
#2217=AXIS2_PLACEMENT_3D('',#5964,#2574,#2575);
#2218=AXIS2_PLACEMENT_3D('',#5966,#2576,#2577);
#2219=AXIS2_PLACEMENT_3D('',#5968,#2578,#2579);
#2220=AXIS2_PLACEMENT_3D('',#6034,#2581,#2582);
#2221=AXIS2_PLACEMENT_3D('',#6100,#2584,#2585);
#2222=AXIS2_PLACEMENT_3D('',#6102,#2586,#2587);
#2223=AXIS2_PLACEMENT_3D('',#6104,#2588,#2589);
#2224=AXIS2_PLACEMENT_3D('',#6170,#2591,#2592);
#2225=AXIS2_PLACEMENT_3D('',#6236,#2594,#2595);
#2226=AXIS2_PLACEMENT_3D('',#6238,#2596,#2597);
#2227=AXIS2_PLACEMENT_3D('',#6240,#2598,#2599);
#2228=AXIS2_PLACEMENT_3D('',#6306,#2601,#2602);
#2229=AXIS2_PLACEMENT_3D('',#6372,#2604,#2605);
#2230=AXIS2_PLACEMENT_3D('',#6374,#2606,#2607);
#2231=AXIS2_PLACEMENT_3D('',#6376,#2608,#2609);
#2232=AXIS2_PLACEMENT_3D('',#6442,#2611,#2612);
#2233=AXIS2_PLACEMENT_3D('',#6507,#2614,#2615);
#2234=AXIS2_PLACEMENT_3D('',#6509,#2616,#2617);
#2235=AXIS2_PLACEMENT_3D('',#6510,#2618,#2619);
#2236=AXIS2_PLACEMENT_3D('',#6816,#2625,#2626);
#2237=AXIS2_PLACEMENT_3D('',#6818,#2628,#2629);
#2238=AXIS2_PLACEMENT_3D('',#6820,#2631,#2632);
#2239=AXIS2_PLACEMENT_3D('',#6822,#2634,#2635);
#2240=AXIS2_PLACEMENT_3D('',#6824,#2637,#2638);
#2241=AXIS2_PLACEMENT_3D('',#7129,#2643,#2644);
#2242=AXIS2_PLACEMENT_3D('',#7131,#2646,#2647);
#2243=AXIS2_PLACEMENT_3D('',#7133,#2649,#2650);
#2244=AXIS2_PLACEMENT_3D('',#7135,#2652,#2653);
#2245=AXIS2_PLACEMENT_3D('',#7137,#2655,#2656);
#2246=AXIS2_PLACEMENT_3D('',#7442,#2661,#2662);
#2247=AXIS2_PLACEMENT_3D('',#7444,#2664,#2665);
#2248=AXIS2_PLACEMENT_3D('',#7446,#2667,#2668);
#2249=AXIS2_PLACEMENT_3D('',#7448,#2670,#2671);
#2250=AXIS2_PLACEMENT_3D('',#7450,#2673,#2674);
#2251=AXIS2_PLACEMENT_3D('',#7755,#2679,#2680);
#2252=AXIS2_PLACEMENT_3D('',#7757,#2682,#2683);
#2253=AXIS2_PLACEMENT_3D('',#7759,#2685,#2686);
#2254=AXIS2_PLACEMENT_3D('',#7761,#2688,#2689);
#2255=AXIS2_PLACEMENT_3D('',#7763,#2691,#2692);
#2256=AXIS2_PLACEMENT_3D('',#8068,#2697,#2698);
#2257=AXIS2_PLACEMENT_3D('',#8070,#2700,#2701);
#2258=AXIS2_PLACEMENT_3D('',#8072,#2703,#2704);
#2259=AXIS2_PLACEMENT_3D('',#8074,#2706,#2707);
#2260=AXIS2_PLACEMENT_3D('',#8076,#2709,#2710);
#2261=AXIS2_PLACEMENT_3D('',#8381,#2715,#2716);
#2262=AXIS2_PLACEMENT_3D('',#8383,#2718,#2719);
#2263=AXIS2_PLACEMENT_3D('',#8396,#2730,#2731);
#2264=AXIS2_PLACEMENT_3D('',#8402,#2737,#2738);
#2265=AXIS2_PLACEMENT_3D('',#8404,#2740,#2741);
#2266=AXIS2_PLACEMENT_3D('',#8406,#2743,#2744);
#2267=AXIS2_PLACEMENT_3D('',#8408,#2746,#2747);
#2268=AXIS2_PLACEMENT_3D('',#8410,#2749,#2750);
#2269=AXIS2_PLACEMENT_3D('',#8411,#2751,#2752);
#2270=AXIS2_PLACEMENT_3D('',#8413,#2753,#2754);
#2271=AXIS2_PLACEMENT_3D('',#8414,#2755,#2756);
#2272=AXIS2_PLACEMENT_3D('',#8416,#2758,#2759);
#2273=AXIS2_PLACEMENT_3D('',#8419,#2762,#2763);
#2274=AXIS2_PLACEMENT_3D('',#8421,#2765,#2766);
#2275=AXIS2_PLACEMENT_3D('',#8424,#2769,#2770);
#2276=AXIS2_PLACEMENT_3D('',#8426,#2772,#2773);
#2277=AXIS2_PLACEMENT_3D('',#8429,#2776,#2777);
#2278=AXIS2_PLACEMENT_3D('',#8431,#2779,#2780);
#2279=AXIS2_PLACEMENT_3D('',#8434,#2783,#2784);
#2280=AXIS2_PLACEMENT_3D('',#8436,#2786,#2787);
#2281=AXIS2_PLACEMENT_3D('',#8439,#2790,#2791);
#2282=AXIS2_PLACEMENT_3D('',#8441,#2793,#2794);
#2283=AXIS2_PLACEMENT_3D('',#8444,#2797,#2798);
#2284=AXIS2_PLACEMENT_3D('',#8446,#2800,#2801);
#2285=AXIS2_PLACEMENT_3D('',#8449,#2804,#2805);
#2286=AXIS2_PLACEMENT_3D('',#8451,#2807,#2808);
#2287=AXIS2_PLACEMENT_3D('',#8454,#2811,#2812);
#2288=AXIS2_PLACEMENT_3D('',#8456,#2814,#2815);
#2289=AXIS2_PLACEMENT_3D('',#8459,#2818,#2819);
#2290=AXIS2_PLACEMENT_3D('',#8461,#2821,#2822);
#2291=AXIS2_PLACEMENT_3D('',#8464,#2825,#2826);
#2292=AXIS2_PLACEMENT_3D('',#8466,#2828,#2829);
#2293=AXIS2_PLACEMENT_3D('',#8469,#2832,#2833);
#2294=AXIS2_PLACEMENT_3D('',#8471,#2835,#2836);
#2295=AXIS2_PLACEMENT_3D('',#10273,#2838,#2839);
#2296=AXIS2_PLACEMENT_3D('',#10274,#2840,#2841);
#2297=AXIS2_PLACEMENT_3D('',#10275,#2842,#2843);
#2298=AXIS2_PLACEMENT_3D('',#10276,#2844,#2845);
#2299=AXIS2_PLACEMENT_3D('',#10277,#2846,#2847);
#2300=AXIS2_PLACEMENT_3D('',#10278,#2848,#2849);
#2301=AXIS2_PLACEMENT_3D('',#10279,#2850,#2851);
#2302=DIRECTION('axis',(0.,0.,1.));
#2303=DIRECTION('refdir',(1.,0.,0.));
#2304=DIRECTION('center_axis',(0.965925826289068,-0.258819045102521,0.));
#2305=DIRECTION('ref_axis',(0.258819045102521,0.965925826289068,0.));
#2306=DIRECTION('',(-8.67361737988403E-17,3.46944695195361E-17,-1.));
#2307=DIRECTION('center_axis',(-0.965925826289068,0.258819045102521,0.));
#2308=DIRECTION('ref_axis',(0.258819045102521,0.965925826289069,0.));
#2309=DIRECTION('center_axis',(-0.965925826289068,0.258819045102521,0.));
#2310=DIRECTION('ref_axis',(0.258819045102521,0.965925826289069,0.));
#2311=DIRECTION('center_axis',(-0.965925826289068,0.258819045102521,0.));
#2312=DIRECTION('ref_axis',(0.258819045102521,0.965925826289069,0.));
#2313=DIRECTION('',(-0.965925826289069,0.258819045102521,0.));
#2314=DIRECTION('center_axis',(-0.965925826289068,0.258819045102521,0.));
#2315=DIRECTION('ref_axis',(0.258819045102521,0.965925826289069,0.));
#2316=DIRECTION('center_axis',(0.965925826289069,-0.258819045102517,-9.27602998171819E-17));
#2317=DIRECTION('ref_axis',(0.258819045102521,0.965925826289069,0.));
#2318=DIRECTION('center_axis',(0.965925826289069,-0.258819045102517,-9.27602998171819E-17));
#2319=DIRECTION('ref_axis',(0.258819045102521,0.965925826289069,0.));
#2320=DIRECTION('center_axis',(-0.965925826289068,0.258819045102521,0.));
#2321=DIRECTION('ref_axis',(0.258819045102521,0.965925826289069,0.));
#2322=DIRECTION('center_axis',(0.965925826289068,-0.258819045102521,0.));
#2323=DIRECTION('ref_axis',(0.258819045102521,0.965925826289068,0.));
#2324=DIRECTION('',(-8.67361737988403E-17,3.46944695195361E-17,-1.));
#2325=DIRECTION('center_axis',(0.965925826289069,-0.258819045102517,-9.27602998171819E-17));
#2326=DIRECTION('ref_axis',(-0.258819045102517,-0.965925826289069,8.67361737987471E-19));
#2327=DIRECTION('',(-8.67361737988403E-17,3.46944695195361E-17,-1.));
#2328=DIRECTION('',(0.258819045102517,0.965925826289069,-8.67361737987471E-19));
#2329=DIRECTION('',(-8.67361737988403E-17,3.46944695195361E-17,-1.));
#2330=DIRECTION('center_axis',(0.965925826289069,-0.258819045102517,-9.27602998171819E-17));
#2331=DIRECTION('ref_axis',(-0.258819045102517,-0.965925826289069,8.67361737987471E-19));
#2332=DIRECTION('',(-8.67361737988403E-17,3.46944695195361E-17,-1.));
#2333=DIRECTION('',(0.258819045102517,0.965925826289069,0.));
#2334=DIRECTION('',(-8.67361737988403E-17,3.46944695195361E-17,-1.));
#2335=DIRECTION('center_axis',(0.,0.,-1.));
#2336=DIRECTION('ref_axis',(0.965925826289068,-0.25881904510252,0.));
#2337=DIRECTION('',(-0.25881904510252,-0.965925826289068,0.));
#2338=DIRECTION('center_axis',(0.,0.,1.));
#2339=DIRECTION('ref_axis',(-0.999242903133484,0.0389052764720593,0.));
#2340=DIRECTION('center_axis',(0.,0.,1.));
#2341=DIRECTION('ref_axis',(-0.999242903133484,0.0389052764720593,0.));
#2342=DIRECTION('center_axis',(-8.67361737988403E-17,3.46944695195361E-17,
-1.));
#2343=DIRECTION('ref_axis',(-0.965925826289069,0.258819045102517,9.27602998171819E-17));
#2344=DIRECTION('center_axis',(9.40588853240772E-17,-2.43050434164202E-17,
1.));
#2345=DIRECTION('ref_axis',(0.886713284114572,0.462319750578267,-7.21665614957951E-17));
#2346=DIRECTION('center_axis',(0.,0.,1.));
#2347=DIRECTION('ref_axis',(0.886713284114572,0.462319750578267,-6.08701790259848E-17));
#2348=DIRECTION('center_axis',(9.40588853240772E-17,-2.43050434164202E-17,
1.));
#2349=DIRECTION('ref_axis',(-0.965925826289068,0.25881904510252,9.71445146547012E-17));
#2350=DIRECTION('center_axis',(0.,0.,-1.));
#2351=DIRECTION('ref_axis',(0.965925826289068,-0.25881904510252,0.));
#2352=DIRECTION('center_axis',(0.,0.,-1.));
#2353=DIRECTION('ref_axis',(-0.999242903133484,0.0389052764720593,0.));
#2354=DIRECTION('',(0.373917634211781,-0.927461914487848,0.));
#2355=DIRECTION('center_axis',(0.,0.,-1.));
#2356=DIRECTION('ref_axis',(0.435750887657889,0.900067310763679,0.));
#2357=DIRECTION('center_axis',(0.,0.,1.));
#2358=DIRECTION('ref_axis',(1.,0.,0.));
#2359=DIRECTION('center_axis',(0.,0.,-1.));
#2360=DIRECTION('ref_axis',(-0.827404993815191,0.561605712408345,0.));
#2361=DIRECTION('',(-0.139908787093544,0.990164396094918,0.));
#2362=DIRECTION('center_axis',(0.,0.,-1.));
#2363=DIRECTION('ref_axis',(0.965925826289068,-0.25881904510252,0.));
#2364=DIRECTION('center_axis',(0.,0.,-1.));
#2365=DIRECTION('ref_axis',(-0.999242903133484,0.0389052764720593,0.));
#2366=DIRECTION('',(-0.616246761883137,-0.787553127394304,0.));
#2367=DIRECTION('center_axis',(0.,0.,-1.));
#2368=DIRECTION('ref_axis',(0.997356600066234,0.0726623169484861,0.));
#2369=DIRECTION('center_axis',(0.,0.,1.));
#2370=DIRECTION('ref_axis',(1.,0.,0.));
#2371=DIRECTION('center_axis',(0.,0.,-1.));
#2372=DIRECTION('ref_axis',(0.07266231694849,0.997356600066234,0.));
#2373=DIRECTION('',(0.787553127394304,0.616246761883136,0.));
#2374=DIRECTION('center_axis',(0.,0.,-1.));
#2375=DIRECTION('ref_axis',(0.965925826289068,-0.25881904510252,0.));
#2376=DIRECTION('',(-0.990164396094918,0.139908787093544,0.));
#2377=DIRECTION('center_axis',(0.,0.,-1.));
#2378=DIRECTION('ref_axis',(0.561605712408346,-0.82740499381519,0.));
#2379=DIRECTION('center_axis',(0.,0.,1.));
#2380=DIRECTION('ref_axis',(1.,0.,0.));
#2381=DIRECTION('center_axis',(0.,0.,-1.));
#2382=DIRECTION('ref_axis',(0.900067310763679,0.435750887657889,0.));
#2383=DIRECTION('',(0.927461914487848,-0.373917634211782,0.));
#2384=DIRECTION('center_axis',(0.,0.,-1.));
#2385=DIRECTION('ref_axis',(-0.999242903133484,0.0389052764720593,0.));
#2386=DIRECTION('center_axis',(0.,0.,-1.));
#2387=DIRECTION('ref_axis',(0.965925826289068,-0.25881904510252,0.));
#2388=DIRECTION('center_axis',(0.,0.,-1.));
#2389=DIRECTION('ref_axis',(-0.999242903133484,0.0389052764720593,0.));
#2390=DIRECTION('',(0.990164396094918,-0.139908787093544,0.));
#2391=DIRECTION('center_axis',(0.,0.,-1.));
#2392=DIRECTION('ref_axis',(-0.561605712408346,0.82740499381519,0.));
#2393=DIRECTION('center_axis',(0.,0.,1.));
#2394=DIRECTION('ref_axis',(1.,0.,0.));
#2395=DIRECTION('center_axis',(0.,0.,-1.));
#2396=DIRECTION('ref_axis',(-0.900067310763679,-0.435750887657889,0.));
#2397=DIRECTION('',(-0.927461914487848,0.373917634211782,0.));
#2398=DIRECTION('center_axis',(0.,0.,-1.));
#2399=DIRECTION('ref_axis',(0.965925826289068,-0.25881904510252,0.));
#2400=DIRECTION('',(0.616246761883137,0.787553127394304,0.));
#2401=DIRECTION('center_axis',(0.,0.,-1.));
#2402=DIRECTION('ref_axis',(-0.997356600066234,-0.0726623169484887,0.));
#2403=DIRECTION('center_axis',(0.,0.,1.));
#2404=DIRECTION('ref_axis',(1.,0.,0.));
#2405=DIRECTION('center_axis',(0.,0.,-1.));
#2406=DIRECTION('ref_axis',(-0.0726623169484874,-0.997356600066234,0.));
#2407=DIRECTION('',(-0.787553127394304,-0.616246761883136,0.));
#2408=DIRECTION('center_axis',(0.,0.,-1.));
#2409=DIRECTION('ref_axis',(-0.999242903133484,0.0389052764720593,0.));
#2410=DIRECTION('center_axis',(0.,0.,-1.));
#2411=DIRECTION('ref_axis',(0.965925826289068,-0.25881904510252,0.));
#2412=DIRECTION('',(-0.373917634211781,0.927461914487848,0.));
#2413=DIRECTION('center_axis',(0.,0.,-1.));
#2414=DIRECTION('ref_axis',(-0.435750887657889,-0.900067310763679,0.));
#2415=DIRECTION('center_axis',(0.,0.,1.));
#2416=DIRECTION('ref_axis',(1.,0.,0.));
#2417=DIRECTION('center_axis',(0.,0.,-1.));
#2418=DIRECTION('ref_axis',(0.82740499381519,-0.561605712408346,0.));
#2419=DIRECTION('',(0.139908787093544,-0.990164396094918,0.));
#2420=DIRECTION('center_axis',(0.,0.,-1.));
#2421=DIRECTION('ref_axis',(-0.999242903133484,0.0389052764720593,0.));
#2422=DIRECTION('center_axis',(0.,0.,-1.));
#2423=DIRECTION('ref_axis',(0.965925826289068,-0.25881904510252,0.));
#2424=DIRECTION('',(0.139908787093544,0.990164396094918,0.));
#2425=DIRECTION('center_axis',(0.,0.,-1.));
#2426=DIRECTION('ref_axis',(-0.82740499381519,-0.561605712408346,0.));
#2427=DIRECTION('center_axis',(0.,0.,1.));
#2428=DIRECTION('ref_axis',(1.,0.,0.));
#2429=DIRECTION('center_axis',(0.,0.,-1.));
#2430=DIRECTION('ref_axis',(0.435750887657889,-0.900067310763679,0.));
#2431=DIRECTION('',(-0.373917634211782,-0.927461914487848,0.));
#2432=DIRECTION('center_axis',(0.,0.,-1.));
#2433=DIRECTION('ref_axis',(-0.999242903133484,0.0389052764720593,0.));
#2434=DIRECTION('center_axis',(0.,0.,-1.));
#2435=DIRECTION('ref_axis',(0.965925826289068,-0.25881904510252,0.));
#2436=DIRECTION('',(0.927461914487848,0.373917634211781,0.));
#2437=DIRECTION('center_axis',(0.,0.,-1.));
#2438=DIRECTION('ref_axis',(-0.900067310763679,0.435750887657889,0.));
#2439=DIRECTION('center_axis',(0.,0.,1.));
#2440=DIRECTION('ref_axis',(1.,0.,0.));
#2441=DIRECTION('center_axis',(0.,0.,-1.));
#2442=DIRECTION('ref_axis',(-0.561605712408346,-0.82740499381519,0.));
#2443=DIRECTION('',(-0.990164396094918,-0.139908787093544,0.));
#2444=DIRECTION('center_axis',(0.,0.,-1.));
#2445=DIRECTION('ref_axis',(-0.999242903133484,0.0389052764720593,0.));
#2446=DIRECTION('center_axis',(0.,0.,-1.));
#2447=DIRECTION('ref_axis',(0.965925826289068,-0.25881904510252,0.));
#2448=DIRECTION('',(-0.787553127394304,0.616246761883137,0.));
#2449=DIRECTION('center_axis',(0.,0.,-1.));
#2450=DIRECTION('ref_axis',(0.0726623169484874,-0.997356600066234,0.));
#2451=DIRECTION('center_axis',(0.,0.,1.));
#2452=DIRECTION('ref_axis',(1.,0.,0.));
#2453=DIRECTION('center_axis',(0.,0.,-1.));
#2454=DIRECTION('ref_axis',(0.997356600066234,-0.0726623169484886,0.));
#2455=DIRECTION('',(0.616246761883136,-0.787553127394304,0.));
#2456=DIRECTION('center_axis',(0.,0.,-1.));
#2457=DIRECTION('ref_axis',(-0.999242903133484,0.0389052764720593,0.));
#2458=DIRECTION('center_axis',(0.,0.,-1.));
#2459=DIRECTION('ref_axis',(0.965925826289068,-0.25881904510252,0.));
#2460=DIRECTION('center_axis',(0.,0.,-1.));
#2461=DIRECTION('ref_axis',(-0.999242903133484,0.0389052764720593,0.));
#2462=DIRECTION('',(-0.927461914487848,-0.373917634211781,0.));
#2463=DIRECTION('center_axis',(0.,0.,-1.));
#2464=DIRECTION('ref_axis',(0.900067310763679,-0.435750887657889,0.));
#2465=DIRECTION('center_axis',(0.,0.,1.));
#2466=DIRECTION('ref_axis',(1.,0.,0.));
#2467=DIRECTION('center_axis',(0.,0.,-1.));
#2468=DIRECTION('ref_axis',(0.561605712408345,0.827404993815191,0.));
#2469=DIRECTION('',(0.990164396094918,0.139908787093544,0.));
#2470=DIRECTION('center_axis',(0.,0.,-1.));
#2471=DIRECTION('ref_axis',(0.965925826289068,-0.25881904510252,0.));
#2472=DIRECTION('center_axis',(0.,0.,-1.));
#2473=DIRECTION('ref_axis',(-0.999242903133484,0.0389052764720593,0.));
#2474=DIRECTION('',(-0.139908787093544,-0.990164396094918,0.));
#2475=DIRECTION('center_axis',(0.,0.,-1.));
#2476=DIRECTION('ref_axis',(0.82740499381519,0.561605712408346,0.));
#2477=DIRECTION('center_axis',(0.,0.,1.));
#2478=DIRECTION('ref_axis',(1.,0.,0.));
#2479=DIRECTION('center_axis',(0.,0.,-1.));
#2480=DIRECTION('ref_axis',(-0.435750887657889,0.900067310763679,0.));
#2481=DIRECTION('',(0.373917634211782,0.927461914487848,0.));
#2482=DIRECTION('center_axis',(0.,0.,-1.));
#2483=DIRECTION('ref_axis',(0.965925826289068,-0.25881904510252,0.));
#2484=DIRECTION('center_axis',(0.,0.,-1.));
#2485=DIRECTION('ref_axis',(-0.999242903133484,0.0389052764720593,0.));
#2486=DIRECTION('',(0.787553127394304,-0.616246761883137,0.));
#2487=DIRECTION('center_axis',(0.,0.,-1.));
#2488=DIRECTION('ref_axis',(-0.0726623169484887,0.997356600066234,0.));
#2489=DIRECTION('center_axis',(0.,0.,1.));
#2490=DIRECTION('ref_axis',(1.,0.,0.));
#2491=DIRECTION('center_axis',(0.,0.,-1.));
#2492=DIRECTION('ref_axis',(-0.997356600066234,0.0726623169484899,0.));
#2493=DIRECTION('',(-0.616246761883136,0.787553127394304,0.));
#2494=DIRECTION('center_axis',(0.,0.,1.));
#2495=DIRECTION('ref_axis',(1.,0.,0.));
#2496=DIRECTION('center_axis',(0.,0.,-1.));
#2497=DIRECTION('ref_axis',(1.,0.,0.));
#2498=DIRECTION('center_axis',(0.,0.,1.));
#2499=DIRECTION('ref_axis',(-0.561605712408346,0.82740499381519,0.));
#2500=DIRECTION('',(-0.990164396094918,0.139908787093544,0.));
#2501=DIRECTION('center_axis',(0.,0.,-1.));
#2502=DIRECTION('ref_axis',(-0.999242903133484,0.0389052764720593,0.));
#2503=DIRECTION('',(0.990164396094918,0.139908787093544,0.));
#2504=DIRECTION('center_axis',(0.,0.,1.));
#2505=DIRECTION('ref_axis',(-0.561605712408346,-0.82740499381519,0.));
#2506=DIRECTION('center_axis',(0.,0.,-1.));
#2507=DIRECTION('ref_axis',(1.,0.,0.));
#2508=DIRECTION('center_axis',(0.,0.,1.));
#2509=DIRECTION('ref_axis',(-0.900067310763679,0.435750887657889,0.));
#2510=DIRECTION('',(-0.927461914487848,-0.373917634211781,0.));
#2511=DIRECTION('center_axis',(0.,0.,-1.));
#2512=DIRECTION('ref_axis',(-0.999242903133484,0.0389052764720593,0.));
#2513=DIRECTION('',(0.787553127394304,0.616246761883137,0.));
#2514=DIRECTION('center_axis',(0.,0.,1.));
#2515=DIRECTION('ref_axis',(-0.0726623169484874,-0.997356600066234,0.));
#2516=DIRECTION('center_axis',(0.,0.,-1.));
#2517=DIRECTION('ref_axis',(1.,0.,0.));
#2518=DIRECTION('center_axis',(0.,0.,1.));
#2519=DIRECTION('ref_axis',(-0.997356600066234,-0.0726623169484887,0.));
#2520=DIRECTION('',(-0.616246761883137,-0.787553127394304,0.));
#2521=DIRECTION('center_axis',(0.,0.,-1.));
#2522=DIRECTION('ref_axis',(-0.999242903133484,0.0389052764720593,0.));
#2523=DIRECTION('',(0.373917634211782,0.927461914487848,0.));
#2524=DIRECTION('center_axis',(0.,0.,1.));
#2525=DIRECTION('ref_axis',(0.435750887657889,-0.900067310763679,0.));
#2526=DIRECTION('center_axis',(0.,0.,-1.));
#2527=DIRECTION('ref_axis',(1.,0.,0.));
#2528=DIRECTION('center_axis',(0.,0.,1.));
#2529=DIRECTION('ref_axis',(-0.82740499381519,-0.561605712408346,0.));
#2530=DIRECTION('',(-0.139908787093544,-0.990164396094918,0.));
#2531=DIRECTION('center_axis',(0.,0.,-1.));
#2532=DIRECTION('ref_axis',(-0.999242903133484,0.0389052764720593,0.));
#2533=DIRECTION('',(-0.139908787093544,0.990164396094918,0.));
#2534=DIRECTION('center_axis',(0.,0.,1.));
#2535=DIRECTION('ref_axis',(0.82740499381519,-0.561605712408346,0.));
#2536=DIRECTION('center_axis',(0.,0.,-1.));
#2537=DIRECTION('ref_axis',(1.,0.,0.));
#2538=DIRECTION('center_axis',(0.,0.,1.));
#2539=DIRECTION('ref_axis',(-0.435750887657889,-0.900067310763679,0.));
#2540=DIRECTION('',(0.373917634211781,-0.927461914487848,0.));
#2541=DIRECTION('center_axis',(0.,0.,-1.));
#2542=DIRECTION('ref_axis',(-0.999242903133484,0.0389052764720593,0.));
#2543=DIRECTION('',(-0.616246761883136,0.787553127394304,0.));
#2544=DIRECTION('center_axis',(0.,0.,1.));
#2545=DIRECTION('ref_axis',(0.997356600066234,-0.0726623169484886,0.));
#2546=DIRECTION('center_axis',(0.,0.,-1.));
#2547=DIRECTION('ref_axis',(1.,0.,0.));
#2548=DIRECTION('center_axis',(0.,0.,1.));
#2549=DIRECTION('ref_axis',(0.0726623169484874,-0.997356600066234,0.));
#2550=DIRECTION('',(0.787553127394304,-0.616246761883137,0.));
#2551=DIRECTION('center_axis',(0.,0.,-1.));
#2552=DIRECTION('ref_axis',(-0.999242903133484,0.0389052764720593,0.));
#2553=DIRECTION('',(-0.927461914487848,0.373917634211782,0.));
#2554=DIRECTION('center_axis',(0.,0.,1.));
#2555=DIRECTION('ref_axis',(0.900067310763679,0.435750887657889,0.));
#2556=DIRECTION('center_axis',(0.,0.,-1.));
#2557=DIRECTION('ref_axis',(1.,0.,0.));
#2558=DIRECTION('center_axis',(0.,0.,1.));
#2559=DIRECTION('ref_axis',(0.561605712408346,-0.82740499381519,0.));
#2560=DIRECTION('',(0.990164396094918,-0.139908787093544,0.));
#2561=DIRECTION('center_axis',(0.,0.,-1.));
#2562=DIRECTION('ref_axis',(-0.999242903133484,0.0389052764720593,0.));
#2563=DIRECTION('',(-0.990164396094918,-0.139908787093544,0.));
#2564=DIRECTION('center_axis',(0.,0.,1.));
#2565=DIRECTION('ref_axis',(0.561605712408345,0.827404993815191,0.));
#2566=DIRECTION('center_axis',(0.,0.,-1.));
#2567=DIRECTION('ref_axis',(1.,0.,0.));
#2568=DIRECTION('center_axis',(0.,0.,1.));
#2569=DIRECTION('ref_axis',(0.900067310763679,-0.435750887657889,0.));
#2570=DIRECTION('',(0.927461914487848,0.373917634211781,0.));
#2571=DIRECTION('center_axis',(0.,0.,-1.));
#2572=DIRECTION('ref_axis',(-0.999242903133484,0.0389052764720593,0.));
#2573=DIRECTION('',(-0.787553127394304,-0.616246761883136,0.));
#2574=DIRECTION('center_axis',(0.,0.,1.));
#2575=DIRECTION('ref_axis',(0.07266231694849,0.997356600066234,0.));
#2576=DIRECTION('center_axis',(0.,0.,-1.));
#2577=DIRECTION('ref_axis',(1.,0.,0.));
#2578=DIRECTION('center_axis',(0.,0.,1.));
#2579=DIRECTION('ref_axis',(0.997356600066234,0.0726623169484861,0.));
#2580=DIRECTION('',(0.616246761883137,0.787553127394304,0.));
#2581=DIRECTION('center_axis',(0.,0.,-1.));
#2582=DIRECTION('ref_axis',(-0.999242903133484,0.0389052764720593,0.));
#2583=DIRECTION('',(-0.373917634211782,-0.927461914487848,0.));
#2584=DIRECTION('center_axis',(0.,0.,1.));
#2585=DIRECTION('ref_axis',(-0.435750887657889,0.900067310763679,0.));
#2586=DIRECTION('center_axis',(0.,0.,-1.));
#2587=DIRECTION('ref_axis',(1.,0.,0.));
#2588=DIRECTION('center_axis',(0.,0.,1.));
#2589=DIRECTION('ref_axis',(0.82740499381519,0.561605712408346,0.));
#2590=DIRECTION('',(0.139908787093544,0.990164396094918,0.));
#2591=DIRECTION('center_axis',(0.,0.,-1.));
#2592=DIRECTION('ref_axis',(-0.999242903133484,0.0389052764720593,0.));
#2593=DIRECTION('',(0.139908787093544,-0.990164396094918,0.));
#2594=DIRECTION('center_axis',(0.,0.,1.));
#2595=DIRECTION('ref_axis',(-0.827404993815191,0.561605712408345,0.));
#2596=DIRECTION('center_axis',(0.,0.,-1.));
#2597=DIRECTION('ref_axis',(1.,0.,0.));
#2598=DIRECTION('center_axis',(0.,0.,1.));
#2599=DIRECTION('ref_axis',(0.435750887657889,0.900067310763679,0.));
#2600=DIRECTION('',(-0.373917634211781,0.927461914487848,0.));
#2601=DIRECTION('center_axis',(0.,0.,-1.));
#2602=DIRECTION('ref_axis',(-0.999242903133484,0.0389052764720593,0.));
#2603=DIRECTION('',(0.616246761883136,-0.787553127394304,0.));
#2604=DIRECTION('center_axis',(0.,0.,1.));
#2605=DIRECTION('ref_axis',(-0.997356600066234,0.0726623169484899,0.));
#2606=DIRECTION('center_axis',(0.,0.,-1.));
#2607=DIRECTION('ref_axis',(1.,0.,0.));
#2608=DIRECTION('center_axis',(0.,0.,1.));
#2609=DIRECTION('ref_axis',(-0.0726623169484887,0.997356600066234,0.));
#2610=DIRECTION('',(-0.787553127394304,0.616246761883137,0.));
#2611=DIRECTION('center_axis',(0.,0.,-1.));
#2612=DIRECTION('ref_axis',(-0.999242903133484,0.0389052764720593,0.));
#2613=DIRECTION('',(0.927461914487848,-0.373917634211782,0.));
#2614=DIRECTION('center_axis',(0.,0.,1.));
#2615=DIRECTION('ref_axis',(-0.900067310763679,-0.435750887657889,0.));
#2616=DIRECTION('center_axis',(0.,0.,1.));
#2617=DIRECTION('ref_axis',(1.,0.,0.));
#2618=DIRECTION('center_axis',(-0.373917634211782,-0.927461914487848,0.));
#2619=DIRECTION('ref_axis',(0.927461914487848,-0.373917634211782,0.));
#2620=DIRECTION('',(0.,0.,1.));
#2621=DIRECTION('',(0.,0.,-1.));
#2622=DIRECTION('',(0.,0.,1.));
#2623=DIRECTION('',(0.,0.,-1.));
#2624=DIRECTION('',(0.,0.,1.));
#2625=DIRECTION('center_axis',(0.616246761883137,0.787553127394304,0.));
#2626=DIRECTION('ref_axis',(-0.787553127394304,0.616246761883137,0.));
#2627=DIRECTION('',(0.,0.,-1.));
#2628=DIRECTION('center_axis',(0.,0.,1.));
#2629=DIRECTION('ref_axis',(0.0726623169484874,-0.997356600066234,0.));
#2630=DIRECTION('',(0.,0.,-1.));
#2631=DIRECTION('center_axis',(0.,0.,1.));
#2632=DIRECTION('ref_axis',(1.,0.,0.));
#2633=DIRECTION('',(0.,0.,-1.));
#2634=DIRECTION('center_axis',(0.,0.,-1.));
#2635=DIRECTION('ref_axis',(0.997356600066234,-0.0726623169484886,0.));
#2636=DIRECTION('',(0.,0.,-1.));
#2637=DIRECTION('center_axis',(-0.787553127394304,-0.616246761883136,0.));
#2638=DIRECTION('ref_axis',(0.616246761883136,-0.787553127394304,0.));
#2639=DIRECTION('',(0.,0.,1.));
#2640=DIRECTION('',(0.,0.,1.));
#2641=DIRECTION('',(0.,0.,-1.));
#2642=DIRECTION('',(0.,0.,1.));
#2643=DIRECTION('center_axis',(0.927461914487848,0.373917634211781,0.));
#2644=DIRECTION('ref_axis',(-0.373917634211781,0.927461914487848,0.));
#2645=DIRECTION('',(0.,0.,-1.));
#2646=DIRECTION('center_axis',(0.,0.,1.));
#2647=DIRECTION('ref_axis',(-0.435750887657889,-0.900067310763679,0.));
#2648=DIRECTION('',(0.,0.,-1.));
#2649=DIRECTION('center_axis',(0.,0.,1.));
#2650=DIRECTION('ref_axis',(1.,0.,0.));
#2651=DIRECTION('',(0.,0.,-1.));
#2652=DIRECTION('center_axis',(0.,0.,-1.));
#2653=DIRECTION('ref_axis',(0.82740499381519,-0.561605712408346,0.));
#2654=DIRECTION('',(0.,0.,-1.));
#2655=DIRECTION('center_axis',(-0.990164396094918,-0.139908787093544,0.));
#2656=DIRECTION('ref_axis',(0.139908787093544,-0.990164396094918,0.));
#2657=DIRECTION('',(0.,0.,1.));
#2658=DIRECTION('',(0.,0.,1.));
#2659=DIRECTION('',(0.,0.,-1.));
#2660=DIRECTION('',(0.,0.,1.));
#2661=DIRECTION('center_axis',(0.990164396094918,-0.139908787093544,0.));
#2662=DIRECTION('ref_axis',(0.139908787093544,0.990164396094918,0.));
#2663=DIRECTION('',(0.,0.,-1.));
#2664=DIRECTION('center_axis',(0.,0.,1.));
#2665=DIRECTION('ref_axis',(-0.82740499381519,-0.561605712408346,0.));
#2666=DIRECTION('',(0.,0.,-1.));
#2667=DIRECTION('center_axis',(0.,0.,1.));
#2668=DIRECTION('ref_axis',(1.,0.,0.));
#2669=DIRECTION('',(0.,0.,-1.));
#2670=DIRECTION('center_axis',(0.,0.,-1.));
#2671=DIRECTION('ref_axis',(0.435750887657889,-0.900067310763679,0.));
#2672=DIRECTION('',(0.,0.,-1.));
#2673=DIRECTION('center_axis',(-0.927461914487848,0.373917634211782,0.));
#2674=DIRECTION('ref_axis',(-0.373917634211782,-0.927461914487848,0.));
#2675=DIRECTION('',(0.,0.,1.));
#2676=DIRECTION('',(0.,0.,1.));
#2677=DIRECTION('',(0.,0.,-1.));
#2678=DIRECTION('',(0.,0.,1.));
#2679=DIRECTION('center_axis',(0.787553127394304,-0.616246761883137,0.));
#2680=DIRECTION('ref_axis',(0.616246761883137,0.787553127394304,0.));
#2681=DIRECTION('',(0.,0.,-1.));
#2682=DIRECTION('center_axis',(0.,0.,1.));
#2683=DIRECTION('ref_axis',(-0.997356600066234,-0.0726623169484887,0.));
#2684=DIRECTION('',(0.,0.,-1.));
#2685=DIRECTION('center_axis',(0.,0.,1.));
#2686=DIRECTION('ref_axis',(1.,0.,0.));
#2687=DIRECTION('',(0.,0.,-1.));
#2688=DIRECTION('center_axis',(0.,0.,-1.));
#2689=DIRECTION('ref_axis',(-0.0726623169484874,-0.997356600066234,0.));
#2690=DIRECTION('',(0.,0.,-1.));
#2691=DIRECTION('center_axis',(-0.616246761883137,0.787553127394304,0.));
#2692=DIRECTION('ref_axis',(-0.787553127394304,-0.616246761883136,0.));
#2693=DIRECTION('',(0.,0.,1.));
#2694=DIRECTION('',(0.,0.,1.));
#2695=DIRECTION('',(0.,0.,-1.));
#2696=DIRECTION('',(0.,0.,1.));
#2697=DIRECTION('center_axis',(0.373917634211781,-0.927461914487848,0.));
#2698=DIRECTION('ref_axis',(0.927461914487848,0.373917634211781,0.));
#2699=DIRECTION('',(0.,0.,-1.));
#2700=DIRECTION('center_axis',(0.,0.,1.));
#2701=DIRECTION('ref_axis',(-0.900067310763679,0.435750887657889,0.));
#2702=DIRECTION('',(0.,0.,-1.));
#2703=DIRECTION('center_axis',(0.,0.,1.));
#2704=DIRECTION('ref_axis',(1.,0.,0.));
#2705=DIRECTION('',(0.,0.,-1.));
#2706=DIRECTION('center_axis',(0.,0.,-1.));
#2707=DIRECTION('ref_axis',(-0.561605712408346,-0.82740499381519,0.));
#2708=DIRECTION('',(0.,0.,-1.));
#2709=DIRECTION('center_axis',(-0.139908787093544,0.990164396094918,0.));
#2710=DIRECTION('ref_axis',(-0.990164396094918,-0.139908787093544,0.));
#2711=DIRECTION('',(0.,0.,1.));
#2712=DIRECTION('',(0.,0.,1.));
#2713=DIRECTION('',(0.,0.,-1.));
#2714=DIRECTION('',(0.,0.,1.));
#2715=DIRECTION('center_axis',(-0.139908787093544,-0.990164396094918,0.));
#2716=DIRECTION('ref_axis',(0.990164396094918,-0.139908787093544,0.));
#2717=DIRECTION('',(0.,0.,-1.));
#2718=DIRECTION('center_axis',(0.,0.,1.));
#2719=DIRECTION('ref_axis',(-0.999242903133484,0.0389052764720593,0.));
#2720=DIRECTION('',(0.,0.,1.));
#2721=DIRECTION('',(0.,0.,1.));
#2722=DIRECTION('',(0.,0.,1.));
#2723=DIRECTION('',(0.,0.,1.));
#2724=DIRECTION('',(0.,0.,1.));
#2725=DIRECTION('',(0.,0.,1.));
#2726=DIRECTION('',(0.,0.,1.));
#2727=DIRECTION('',(0.,0.,1.));
#2728=DIRECTION('',(0.,0.,-1.));
#2729=DIRECTION('',(0.,0.,-1.));
#2730=DIRECTION('center_axis',(0.,0.,1.));
#2731=DIRECTION('ref_axis',(-0.999242903133484,0.0389052764720593,0.));
#2732=DIRECTION('',(0.,0.,1.));
#2733=DIRECTION('',(0.,0.,1.));
#2734=DIRECTION('',(0.,0.,1.));
#2735=DIRECTION('',(0.,0.,1.));
#2736=DIRECTION('',(0.,0.,1.));
#2737=DIRECTION('center_axis',(0.,0.,1.));
#2738=DIRECTION('ref_axis',(-0.561605712408346,0.82740499381519,0.));
#2739=DIRECTION('',(0.,0.,-1.));
#2740=DIRECTION('center_axis',(0.,0.,1.));
#2741=DIRECTION('ref_axis',(1.,0.,0.));
#2742=DIRECTION('',(0.,0.,-1.));
#2743=DIRECTION('center_axis',(0.,0.,-1.));
#2744=DIRECTION('ref_axis',(-0.900067310763679,-0.435750887657889,0.));
#2745=DIRECTION('',(0.,0.,-1.));
#2746=DIRECTION('center_axis',(0.,0.,-1.));
#2747=DIRECTION('ref_axis',(0.965925826289068,-0.25881904510252,0.));
#2748=DIRECTION('',(0.25881904510252,0.965925826289068,0.));
#2749=DIRECTION('center_axis',(-0.965925826289068,0.258819045102521,0.));
#2750=DIRECTION('ref_axis',(-0.25881904510252,-0.965925826289068,0.));
#2751=DIRECTION('center_axis',(0.,0.,-1.));
#2752=DIRECTION('ref_axis',(0.965925826289068,-0.25881904510252,0.));
#2753=DIRECTION('center_axis',(0.,0.,-1.));
#2754=DIRECTION('ref_axis',(1.,0.,0.));
#2755=DIRECTION('center_axis',(0.373917634211782,0.927461914487848,0.));
#2756=DIRECTION('ref_axis',(-0.927461914487848,0.373917634211782,0.));
#2757=DIRECTION('',(0.,0.,1.));
#2758=DIRECTION('center_axis',(0.,0.,1.));
#2759=DIRECTION('ref_axis',(-0.0726623169484887,0.997356600066234,0.));
#2760=DIRECTION('',(0.,0.,-1.));
#2761=DIRECTION('',(0.,0.,-1.));
#2762=DIRECTION('center_axis',(-0.616246761883137,-0.787553127394304,0.));
#2763=DIRECTION('ref_axis',(0.787553127394304,-0.616246761883137,0.));
#2764=DIRECTION('',(0.,0.,-1.));
#2765=DIRECTION('center_axis',(0.,0.,-1.));
#2766=DIRECTION('ref_axis',(-0.997356600066234,0.0726623169484899,0.));
#2767=DIRECTION('',(0.,0.,-1.));
#2768=DIRECTION('',(0.,0.,-1.));
#2769=DIRECTION('center_axis',(0.787553127394304,0.616246761883136,0.));
#2770=DIRECTION('ref_axis',(-0.616246761883136,0.787553127394304,0.));
#2771=DIRECTION('',(0.,0.,1.));
#2772=DIRECTION('center_axis',(0.,0.,1.));
#2773=DIRECTION('ref_axis',(0.435750887657889,0.900067310763679,0.));
#2774=DIRECTION('',(0.,0.,-1.));
#2775=DIRECTION('',(0.,0.,-1.));
#2776=DIRECTION('center_axis',(-0.927461914487848,-0.373917634211781,0.));
#2777=DIRECTION('ref_axis',(0.373917634211781,-0.927461914487848,0.));
#2778=DIRECTION('',(0.,0.,-1.));
#2779=DIRECTION('center_axis',(0.,0.,-1.));
#2780=DIRECTION('ref_axis',(-0.827404993815191,0.561605712408345,0.));
#2781=DIRECTION('',(0.,0.,-1.));
#2782=DIRECTION('',(0.,0.,-1.));
#2783=DIRECTION('center_axis',(0.990164396094918,0.139908787093544,0.));
#2784=DIRECTION('ref_axis',(-0.139908787093544,0.990164396094918,0.));
#2785=DIRECTION('',(0.,0.,1.));
#2786=DIRECTION('center_axis',(0.,0.,1.));
#2787=DIRECTION('ref_axis',(0.82740499381519,0.561605712408346,0.));
#2788=DIRECTION('',(0.,0.,-1.));
#2789=DIRECTION('',(0.,0.,-1.));
#2790=DIRECTION('center_axis',(-0.990164396094918,0.139908787093544,0.));
#2791=DIRECTION('ref_axis',(-0.139908787093544,-0.990164396094918,0.));
#2792=DIRECTION('',(0.,0.,-1.));
#2793=DIRECTION('center_axis',(0.,0.,-1.));
#2794=DIRECTION('ref_axis',(-0.435750887657889,0.900067310763679,0.));
#2795=DIRECTION('',(0.,0.,-1.));
#2796=DIRECTION('',(0.,0.,-1.));
#2797=DIRECTION('center_axis',(0.927461914487848,-0.373917634211782,0.));
#2798=DIRECTION('ref_axis',(0.373917634211782,0.927461914487848,0.));
#2799=DIRECTION('',(0.,0.,1.));
#2800=DIRECTION('center_axis',(0.,0.,1.));
#2801=DIRECTION('ref_axis',(0.997356600066234,0.0726623169484861,0.));
#2802=DIRECTION('',(0.,0.,-1.));
#2803=DIRECTION('',(0.,0.,-1.));
#2804=DIRECTION('center_axis',(-0.787553127394304,0.616246761883137,0.));
#2805=DIRECTION('ref_axis',(-0.616246761883137,-0.787553127394304,0.));
#2806=DIRECTION('',(0.,0.,-1.));
#2807=DIRECTION('center_axis',(0.,0.,-1.));
#2808=DIRECTION('ref_axis',(0.07266231694849,0.997356600066234,0.));
#2809=DIRECTION('',(0.,0.,-1.));
#2810=DIRECTION('',(0.,0.,-1.));
#2811=DIRECTION('center_axis',(0.616246761883136,-0.787553127394304,0.));
#2812=DIRECTION('ref_axis',(0.787553127394304,0.616246761883136,0.));
#2813=DIRECTION('',(0.,0.,1.));
#2814=DIRECTION('center_axis',(0.,0.,1.));
#2815=DIRECTION('ref_axis',(0.900067310763679,-0.435750887657889,0.));
#2816=DIRECTION('',(0.,0.,-1.));
#2817=DIRECTION('',(0.,0.,-1.));
#2818=DIRECTION('center_axis',(-0.373917634211781,0.927461914487848,0.));
#2819=DIRECTION('ref_axis',(-0.927461914487848,-0.373917634211781,0.));
#2820=DIRECTION('',(0.,0.,-1.));
#2821=DIRECTION('center_axis',(0.,0.,-1.));
#2822=DIRECTION('ref_axis',(0.561605712408345,0.827404993815191,0.));
#2823=DIRECTION('',(0.,0.,-1.));
#2824=DIRECTION('',(0.,0.,-1.));
#2825=DIRECTION('center_axis',(0.139908787093544,-0.990164396094918,0.));
#2826=DIRECTION('ref_axis',(0.990164396094918,0.139908787093544,0.));
#2827=DIRECTION('',(0.,0.,1.));
#2828=DIRECTION('center_axis',(0.,0.,1.));
#2829=DIRECTION('ref_axis',(0.561605712408346,-0.82740499381519,0.));
#2830=DIRECTION('',(0.,0.,-1.));
#2831=DIRECTION('',(0.,0.,-1.));
#2832=DIRECTION('center_axis',(0.139908787093544,0.990164396094918,0.));
#2833=DIRECTION('ref_axis',(-0.990164396094918,0.139908787093544,0.));
#2834=DIRECTION('',(0.,0.,-1.));
#2835=DIRECTION('center_axis',(0.,0.,-1.));
#2836=DIRECTION('ref_axis',(0.900067310763679,0.435750887657889,0.));
#2837=DIRECTION('',(0.,0.,-1.));
#2838=DIRECTION('center_axis',(0.,0.,1.));
#2839=DIRECTION('ref_axis',(1.,0.,0.));
#2840=DIRECTION('center_axis',(0.,0.,1.));
#2841=DIRECTION('ref_axis',(1.,0.,0.));
#2842=DIRECTION('center_axis',(0.,0.,1.));
#2843=DIRECTION('ref_axis',(1.,0.,0.));
#2844=DIRECTION('center_axis',(0.,0.,1.));
#2845=DIRECTION('ref_axis',(1.,0.,0.));
#2846=DIRECTION('center_axis',(0.,0.,1.));
#2847=DIRECTION('ref_axis',(1.,0.,0.));
#2848=DIRECTION('center_axis',(0.,0.,1.));
#2849=DIRECTION('ref_axis',(1.,0.,0.));
#2850=DIRECTION('center_axis',(0.,0.,1.));
#2851=DIRECTION('ref_axis',(1.,0.,0.));
#2852=DIRECTION('',(0.,0.,-1.));
#2853=CARTESIAN_POINT('',(0.,0.,0.));
#2854=CARTESIAN_POINT('Origin',(1.48752577248546,-0.398581329457184,-6.));
#2855=CARTESIAN_POINT('',(1.85323076379935,0.966248278707804,-4.44645566525949));
#2856=CARTESIAN_POINT('',(1.85323076379935,0.966248278707804,-7.5535443347405));
#2857=CARTESIAN_POINT('',(1.85323076379895,0.966248278708575,-2.00000000000004));
#2858=CARTESIAN_POINT('Origin',(1.48752577248546,-0.398581329457184,-6.));
#2859=CARTESIAN_POINT('Origin',(5.84385124904915,-1.56585522286955,-6.));
#2860=CARTESIAN_POINT('',(5.30033125433386,-3.5942994580766,-6.));
#2861=CARTESIAN_POINT('Origin',(5.84385124904915,-1.56585522286955,-6.));
#2862=CARTESIAN_POINT('',(0.944005777769596,-2.42702556466408,-6.));
#2863=CARTESIAN_POINT('',(5.30033125433386,-3.5942994580766,-6.));
#2864=CARTESIAN_POINT('',(1.12182078117111,-1.76341093762385,-4.44645566526107));
#2865=CARTESIAN_POINT('Origin',(1.48752577248546,-0.398581329457184,-6.));
#2866=CARTESIAN_POINT('Origin',(1.48752577248489,-0.398581329457033,-6.));
#2867=CARTESIAN_POINT('',(1.12182078117111,-1.76341093762385,-7.55354433473892));
#2868=CARTESIAN_POINT('Origin',(1.48752577248489,-0.398581329457033,-6.));
#2869=CARTESIAN_POINT('Origin',(1.48752577248546,-0.398581329457184,-6.));
#2870=CARTESIAN_POINT('Origin',(1.48752577248546,-0.398581329457184,-6.));
#2871=CARTESIAN_POINT('',(1.12182078117039,-1.76341093762431,-2.00000000000004));
#2872=CARTESIAN_POINT('Origin',(1.85323076379895,0.966248278708576,-2.00000000000004));
#2873=CARTESIAN_POINT('',(1.12182078117039,-1.76341093762431,-2.00000000000004));
#2874=CARTESIAN_POINT('',(1.12182078117039,-1.76341093762431,-2.00000000000004));
#2875=CARTESIAN_POINT('',(1.85323076379895,0.966248278708575,-2.00000000000004));
#2876=CARTESIAN_POINT('',(1.12182078117039,-1.76341093762431,-2.00000000000004));
#2877=CARTESIAN_POINT('',(1.85323076379895,0.966248278708575,-2.00000000000004));
#2878=CARTESIAN_POINT('Origin',(1.85323076379895,0.966248278708576,-2.00000000000004));
#2879=CARTESIAN_POINT('',(1.85323076379895,0.966248278708575,-10.));
#2880=CARTESIAN_POINT('',(1.85323076379895,0.966248278708575,-2.00000000000004));
#2881=CARTESIAN_POINT('',(1.12182078117039,-1.76341093762431,-10.));
#2882=CARTESIAN_POINT('',(1.67037826814192,0.283833474625764,-10.));
#2883=CARTESIAN_POINT('',(1.12182078117039,-1.76341093762431,-2.00000000000004));
#2884=CARTESIAN_POINT('Origin',(6.80977707533821,-1.82467426797209,-1.99999999999999));
#2885=CARTESIAN_POINT('',(7.21827542179919,3.56356562098443,-1.99999999999999));
#2886=CARTESIAN_POINT('',(4.4694270762991,-6.69527606672357,-1.99999999999999));
#2887=CARTESIAN_POINT('',(5.84385124904915,-1.56585522286957,-1.99999999999999));
#2888=CARTESIAN_POINT('',(8.04390537022357,-0.313187475600058,-1.99999999999999));
#2889=CARTESIAN_POINT('Origin',(-4.86277684785819E-13,6.31088724176809E-29,
-1.99999999999999));
#2890=CARTESIAN_POINT('Origin',(-4.86277684785819E-13,6.31088724176809E-29,
-1.99999999999999));
#2891=CARTESIAN_POINT('Origin',(-4.88498130835069E-13,8.88178419700125E-15,
-2.00000000000004));
#2892=CARTESIAN_POINT('Origin',(-4.88498130835069E-13,8.88178419700125E-15,
-2.00000000000004));
#2893=CARTESIAN_POINT('Origin',(-4.8919202022546E-13,9.15933995315754E-15,
-10.));
#2894=CARTESIAN_POINT('Origin',(-0.265629602229973,0.0711752374031982,-2.00000000000004));
#2895=CARTESIAN_POINT('Origin',(-5.32907051820075E-13,8.97060203897126E-13,
-0.499999999999998));
#2896=CARTESIAN_POINT('',(0.313187475600045,-8.04390537022454,-0.5));
#2897=CARTESIAN_POINT('',(0.907151658222879,-6.42010621698978,-0.5));
#2898=CARTESIAN_POINT('Ctrl Pts',(0.313187475600056,-8.04390537022454,-0.5));
#2899=CARTESIAN_POINT('Ctrl Pts',(0.316231530071858,-8.03941205407817,-0.5));
#2900=CARTESIAN_POINT('Ctrl Pts',(0.322303524068115,-8.03042168088932,-0.5));
#2901=CARTESIAN_POINT('Ctrl Pts',(0.331363170220352,-8.01692489842179,-0.5));
#2902=CARTESIAN_POINT('Ctrl Pts',(0.343345976616103,-7.99890673560413,-0.5));
#2903=CARTESIAN_POINT('Ctrl Pts',(0.358163046702121,-7.97634660729582,-0.5));
#2904=CARTESIAN_POINT('Ctrl Pts',(0.372818296272024,-7.95374911831087,-0.5));
#2905=CARTESIAN_POINT('Ctrl Pts',(0.3873112022429,-7.93111445438293,-0.5));
#2906=CARTESIAN_POINT('Ctrl Pts',(0.401641109761648,-7.90844297327769,-0.5));
#2907=CARTESIAN_POINT('Ctrl Pts',(0.415807239642695,-7.88573526609423,-0.5));
#2908=CARTESIAN_POINT('Ctrl Pts',(0.429808718159516,-7.86299210035576,-0.5));
#2909=CARTESIAN_POINT('Ctrl Pts',(0.443644609440335,-7.84021435087634,-0.5));
#2910=CARTESIAN_POINT('Ctrl Pts',(0.457313949184184,-7.81740293354563,-0.5));
#2911=CARTESIAN_POINT('Ctrl Pts',(0.470815776301975,-7.79455874244928,-0.5));
#2912=CARTESIAN_POINT('Ctrl Pts',(0.484149173653465,-7.77168257484129,-0.5));
#2913=CARTESIAN_POINT('Ctrl Pts',(0.497313252795214,-7.74877514556159,-0.5));
#2914=CARTESIAN_POINT('Ctrl Pts',(0.510307126413398,-7.72583712276135,-0.5));
#2915=CARTESIAN_POINT('Ctrl Pts',(0.523129885150074,-7.70286915756226,-0.5));
#2916=CARTESIAN_POINT('Ctrl Pts',(0.535780576080234,-7.6798719140331,-0.5));
#2917=CARTESIAN_POINT('Ctrl Pts',(0.548258175947974,-7.65684610542876,-0.5));
#2918=CARTESIAN_POINT('Ctrl Pts',(0.560561601581149,-7.63379249140354,-0.5));
#2919=CARTESIAN_POINT('Ctrl Pts',(0.57268973390496,-7.61071186060966,-0.5));
#2920=CARTESIAN_POINT('Ctrl Pts',(0.584641440571024,-7.58760501779217,-0.5));
#2921=CARTESIAN_POINT('Ctrl Pts',(0.596415596117559,-7.56447277044292,-0.5));
#2922=CARTESIAN_POINT('Ctrl Pts',(0.6080111153369,-7.54131591281093,-0.5));
#2923=CARTESIAN_POINT('Ctrl Pts',(0.61942692735679,-7.51813522678576,-0.5));
#2924=CARTESIAN_POINT('Ctrl Pts',(0.630661922416643,-7.49493149140951,-0.5));
#2925=CARTESIAN_POINT('Ctrl Pts',(0.641714904684867,-7.47170549021206,-0.5));
#2926=CARTESIAN_POINT('Ctrl Pts',(0.652584552089804,-7.44845801875727,-0.5));
#2927=CARTESIAN_POINT('Ctrl Pts',(0.663269353663903,-7.42518989444757,-0.5));
#2928=CARTESIAN_POINT('Ctrl Pts',(0.67376765361653,-7.40190195539557,-0.5));
#2929=CARTESIAN_POINT('Ctrl Pts',(0.684077755798165,-7.3785950527577,-0.5));
#2930=CARTESIAN_POINT('Ctrl Pts',(0.694198020142613,-7.35527004474724,-0.5));
#2931=CARTESIAN_POINT('Ctrl Pts',(0.704126943598496,-7.33192779114586,-0.5));
#2932=CARTESIAN_POINT('Ctrl Pts',(0.713863299501326,-7.30856914516286,-0.5));
#2933=CARTESIAN_POINT('Ctrl Pts',(0.723406030529253,-7.28519495803936,-0.5));
#2934=CARTESIAN_POINT('Ctrl Pts',(0.732753985316026,-7.26180609196637,-0.5));
#2935=CARTESIAN_POINT('Ctrl Pts',(0.741905681965995,-7.23840343157706,-0.5));
#2936=CARTESIAN_POINT('Ctrl Pts',(0.750859107449477,-7.21498789410648,-0.5));
#2937=CARTESIAN_POINT('Ctrl Pts',(0.759611388753559,-7.19156044536297,-0.5));
#2938=CARTESIAN_POINT('Ctrl Pts',(0.76815901645724,-7.1681220910755,-0.5));
#2939=CARTESIAN_POINT('Ctrl Pts',(0.776498433380249,-7.14467385191801,-0.5));
#2940=CARTESIAN_POINT('Ctrl Pts',(0.784626566359104,-7.12121674131662,-0.5));
#2941=CARTESIAN_POINT('Ctrl Pts',(0.792541274106696,-7.09775174688353,-0.5));
#2942=CARTESIAN_POINT('Ctrl Pts',(0.800242104698289,-7.0742797986884,-0.5));
#2943=CARTESIAN_POINT('Ctrl Pts',(0.807729722794657,-7.05080179481158,-0.5));
#2944=CARTESIAN_POINT('Ctrl Pts',(0.815004487612945,-7.02731866356643,-0.5));
#2945=CARTESIAN_POINT('Ctrl Pts',(0.82206517028623,-7.00383141973208,-0.5));
#2946=CARTESIAN_POINT('Ctrl Pts',(0.828907865645331,-6.9803412127244,-0.5));
#2947=CARTESIAN_POINT('Ctrl Pts',(0.835524191667621,-6.95684940497902,-0.5));
#2948=CARTESIAN_POINT('Ctrl Pts',(0.841902694318149,-6.93335751477297,-0.5));
#2949=CARTESIAN_POINT('Ctrl Pts',(0.848032080182033,-6.90986708187115,-0.5));
#2950=CARTESIAN_POINT('Ctrl Pts',(0.853904157913482,-6.88637954538076,-0.5));
#2951=CARTESIAN_POINT('Ctrl Pts',(0.859516323825146,-6.86289614142963,-0.5));
#2952=CARTESIAN_POINT('Ctrl Pts',(0.864875709530407,-6.83941772944835,-0.5));
#2953=CARTESIAN_POINT('Ctrl Pts',(0.869995291804868,-6.81594496396828,-0.5));
#2954=CARTESIAN_POINT('Ctrl Pts',(0.87488622135646,-6.79247862919114,-0.5));
#2955=CARTESIAN_POINT('Ctrl Pts',(0.879550777930926,-6.76901994628675,-0.5));
#2956=CARTESIAN_POINT('Ctrl Pts',(0.88397630624078,-6.74557083961386,-0.5));
#2957=CARTESIAN_POINT('Ctrl Pts',(0.888125543974224,-6.72213435550073,-0.5));
#2958=CARTESIAN_POINT('Ctrl Pts',(0.891946890586321,-6.69871423921015,-0.5));
#2959=CARTESIAN_POINT('Ctrl Pts',(0.895391678549425,-6.67531421972684,-0.5));
#2960=CARTESIAN_POINT('Ctrl Pts',(0.898430271836105,-6.6519373371481,-0.5));
#2961=CARTESIAN_POINT('Ctrl Pts',(0.901066178736899,-6.62858537017198,-0.5));
#2962=CARTESIAN_POINT('Ctrl Pts',(0.903357522037562,-6.60525791195515,-0.5));
#2963=CARTESIAN_POINT('Ctrl Pts',(0.905386776363813,-6.58195390072162,-0.5));
#2964=CARTESIAN_POINT('Ctrl Pts',(0.907218416175498,-6.5586737175737,-0.5));
#2965=CARTESIAN_POINT('Ctrl Pts',(0.908859323612597,-6.53542116725981,-0.5));
#2966=CARTESIAN_POINT('Ctrl Pts',(0.910221050248127,-6.5122053410738,-0.5));
#2967=CARTESIAN_POINT('Ctrl Pts',(0.911072987219753,-6.4890429911396,-0.5));
#2968=CARTESIAN_POINT('Ctrl Pts',(0.91110506873867,-6.46595481719808,-0.5));
#2969=CARTESIAN_POINT('Ctrl Pts',(0.91022378041102,-6.44755978970361,-0.5));
#2970=CARTESIAN_POINT('Ctrl Pts',(0.908941672619338,-6.43381299344649,-0.5));
#2971=CARTESIAN_POINT('Ctrl Pts',(0.907796702189695,-6.42467133104104,-0.5));
#2972=CARTESIAN_POINT('Ctrl Pts',(0.907151658222879,-6.42010621698978,-0.5));
#2973=CARTESIAN_POINT('',(3.7507243750955,-7.12282013405256,-0.5));
#2974=CARTESIAN_POINT('Origin',(-4.86277684785819E-13,6.31088724176809E-29,
-0.499999999999998));
#2975=CARTESIAN_POINT('',(2.42443672738869,-6.013550908019,-0.5));
#2976=CARTESIAN_POINT('Ctrl Pts',(2.42443672738869,-6.013550908019,-0.5));
#2977=CARTESIAN_POINT('Ctrl Pts',(2.4261606599525,-6.01782693474198,-0.5));
#2978=CARTESIAN_POINT('Ctrl Pts',(2.42973991767657,-6.02631633183274,-0.5));
#2979=CARTESIAN_POINT('Ctrl Pts',(2.43550297788715,-6.03886246050789,-0.5));
#2980=CARTESIAN_POINT('Ctrl Pts',(2.44393727355458,-6.05523366578524,-0.5));
#2981=CARTESIAN_POINT('Ctrl Pts',(2.45550914393571,-6.07521257018613,-0.5));
#2982=CARTESIAN_POINT('Ctrl Pts',(2.46782811796266,-6.09484578515468,-0.5));
#2983=CARTESIAN_POINT('Ctrl Pts',(2.48061532091505,-6.11427041708384,-0.5));
#2984=CARTESIAN_POINT('Ctrl Pts',(2.49366266359778,-6.1335872626399,-0.5));
#2985=CARTESIAN_POINT('Ctrl Pts',(2.50688900177924,-6.15283267274491,-0.5));
#2986=CARTESIAN_POINT('Ctrl Pts',(2.52029839319328,-6.1719999113201,-0.5));
#2987=CARTESIAN_POINT('Ctrl Pts',(2.53394648380886,-6.19105641109127,-0.5));
#2988=CARTESIAN_POINT('Ctrl Pts',(2.54790522963502,-6.20996185427052,-0.5));
#2989=CARTESIAN_POINT('Ctrl Pts',(2.56222516990242,-6.22868753180166,-0.5));
#2990=CARTESIAN_POINT('Ctrl Pts',(2.57690845353078,-6.2472301491417,-0.5));
#2991=CARTESIAN_POINT('Ctrl Pts',(2.59192789491881,-6.26560189150288,-0.5));
#2992=CARTESIAN_POINT('Ctrl Pts',(2.60723948225888,-6.28382386325352,-0.5));
#2993=CARTESIAN_POINT('Ctrl Pts',(2.62279665553682,-6.30191862117337,-0.5));
#2994=CARTESIAN_POINT('Ctrl Pts',(2.63856562147989,-6.31990215822066,-0.5));
#2995=CARTESIAN_POINT('Ctrl Pts',(2.65453445810826,-6.33777913549558,-0.5));
#2996=CARTESIAN_POINT('Ctrl Pts',(2.67070452915474,-6.35554735556116,-0.5));
#2997=CARTESIAN_POINT('Ctrl Pts',(2.68708509931482,-6.37320056392484,-0.5));
#2998=CARTESIAN_POINT('Ctrl Pts',(2.70368707954014,-6.39073170535802,-0.5));
#2999=CARTESIAN_POINT('Ctrl Pts',(2.72051621627377,-6.40813646976528,-0.5));
#3000=CARTESIAN_POINT('Ctrl Pts',(2.7375696365924,-6.42541508847221,-0.5));
#3001=CARTESIAN_POINT('Ctrl Pts',(2.75483952702889,-6.4425704108483,-0.5));
#3002=CARTESIAN_POINT('Ctrl Pts',(2.7723153373166,-6.45960675012548,-0.5));
#3003=CARTESIAN_POINT('Ctrl Pts',(2.78998638883178,-6.47652851845473,-0.5));
#3004=CARTESIAN_POINT('Ctrl Pts',(2.80784474131208,-6.49333872694351,-0.5));
#3005=CARTESIAN_POINT('Ctrl Pts',(2.82588643807385,-6.51003833275308,-0.5));
#3006=CARTESIAN_POINT('Ctrl Pts',(2.84410990749755,-6.52662707149237,-0.5));
#3007=CARTESIAN_POINT('Ctrl Pts',(2.86251499651767,-6.54310395960986,-0.5));
#3008=CARTESIAN_POINT('Ctrl Pts',(2.88110183170716,-6.55946788701478,-0.5));
#3009=CARTESIAN_POINT('Ctrl Pts',(2.89986955665288,-6.57571827420554,-0.5));
#3010=CARTESIAN_POINT('Ctrl Pts',(2.9188158231397,-6.59185533652844,-0.5));
#3011=CARTESIAN_POINT('Ctrl Pts',(2.93793746301692,-6.60787973291245,-0.5));
#3012=CARTESIAN_POINT('Ctrl Pts',(2.95723088533908,-6.62379235801815,-0.5));
#3013=CARTESIAN_POINT('Ctrl Pts',(2.97669254799395,-6.63959409556919,-0.5));
#3014=CARTESIAN_POINT('Ctrl Pts',(2.99631947997521,-6.65528554565749,-0.5));
#3015=CARTESIAN_POINT('Ctrl Pts',(3.01610947933048,-6.67086692044902,-0.5));
#3016=CARTESIAN_POINT('Ctrl Pts',(3.0360608203839,-6.68633819477682,-0.5));
#3017=CARTESIAN_POINT('Ctrl Pts',(3.05617207492753,-6.70169919764469,-0.5));
#3018=CARTESIAN_POINT('Ctrl Pts',(3.07644190167325,-6.71694972051712,-0.5));
#3019=CARTESIAN_POINT('Ctrl Pts',(3.09686881169379,-6.73208963782543,-0.5));
#3020=CARTESIAN_POINT('Ctrl Pts',(3.11745107341763,-6.74711895650254,-0.5));
#3021=CARTESIAN_POINT('Ctrl Pts',(3.13818683739915,-6.76203775334704,-0.5));
#3022=CARTESIAN_POINT('Ctrl Pts',(3.15907420915157,-6.77684613931061,-0.5));
#3023=CARTESIAN_POINT('Ctrl Pts',(3.18011133566182,-6.79154421646175,-0.5));
#3024=CARTESIAN_POINT('Ctrl Pts',(3.2012964996924,-6.80613203239295,-0.5));
#3025=CARTESIAN_POINT('Ctrl Pts',(3.22262815851375,-6.82060955916155,-0.5));
#3026=CARTESIAN_POINT('Ctrl Pts',(3.24410488474039,-6.83497671612655,-0.5));
#3027=CARTESIAN_POINT('Ctrl Pts',(3.26572532777041,-6.84923338349801,-0.5));
#3028=CARTESIAN_POINT('Ctrl Pts',(3.28748816925644,-6.86337941957581,-0.5));
#3029=CARTESIAN_POINT('Ctrl Pts',(3.30939207225658,-6.87741467912398,-0.5));
#3030=CARTESIAN_POINT('Ctrl Pts',(3.3314356583464,-6.89133902556494,-0.5));
#3031=CARTESIAN_POINT('Ctrl Pts',(3.35361754451091,-6.90515232814324,-0.5));
#3032=CARTESIAN_POINT('Ctrl Pts',(3.3759363672768,-6.91885446340341,-0.5));
#3033=CARTESIAN_POINT('Ctrl Pts',(3.39839080876232,-6.93244531505159,-0.5));
#3034=CARTESIAN_POINT('Ctrl Pts',(3.42097962617443,-6.94592477701891,-0.5));
#3035=CARTESIAN_POINT('Ctrl Pts',(3.44370166222146,-6.9592927506674,-0.5));
#3036=CARTESIAN_POINT('Ctrl Pts',(3.46655580381549,-6.97254912678815,-0.5));
#3037=CARTESIAN_POINT('Ctrl Pts',(3.48954094844463,-6.98569377040216,-0.5));
#3038=CARTESIAN_POINT('Ctrl Pts',(3.51265596927432,-6.99872650666161,-0.5));
#3039=CARTESIAN_POINT('Ctrl Pts',(3.53589967341081,-7.0116471036944,-0.5));
#3040=CARTESIAN_POINT('Ctrl Pts',(3.55927078148371,-7.02445526774421,-0.5));
#3041=CARTESIAN_POINT('Ctrl Pts',(3.58276800043905,-7.03715068777779,-0.5));
#3042=CARTESIAN_POINT('Ctrl Pts',(3.60639008238108,-7.04973307411985,-0.5));
#3043=CARTESIAN_POINT('Ctrl Pts',(3.63013588687882,-7.06220219893903,-0.5));
#3044=CARTESIAN_POINT('Ctrl Pts',(3.65400444358822,-7.07455793992131,-0.5));
#3045=CARTESIAN_POINT('Ctrl Pts',(3.67799500650704,-7.08680031465907,-0.5));
#3046=CARTESIAN_POINT('Ctrl Pts',(3.70210702976533,-7.09892942384369,-0.5));
#3047=CARTESIAN_POINT('Ctrl Pts',(3.72149352592152,-7.10854220737543,-0.5));
#3048=CARTESIAN_POINT('Ctrl Pts',(3.73608780087241,-7.11570094078555,-0.5));
#3049=CARTESIAN_POINT('Ctrl Pts',(3.74584148851922,-7.12045083535846,-0.5));
#3050=CARTESIAN_POINT('Ctrl Pts',(3.7507243750955,-7.12282013405256,-0.5));
#3051=CARTESIAN_POINT('',(2.29593080113383,-5.69480597201564,-0.5));
#3052=CARTESIAN_POINT('',(2.07877639151868,-5.15617814049947,-0.5));
#3053=CARTESIAN_POINT('',(1.57028586739308,-5.34349844176693,-0.5));
#3054=CARTESIAN_POINT('Origin',(1.73945365244113,-5.91915655254271,-0.5));
#3055=CARTESIAN_POINT('',(1.31184176851737,-5.41274832934926,-0.5));
#3056=CARTESIAN_POINT('Origin',(0.,0.,-0.5));
#3057=CARTESIAN_POINT('',(0.859068586894754,-6.07981204195579,-0.5));
#3058=CARTESIAN_POINT('Origin',(1.4531672245517,-5.99586676969967,-0.5));
#3059=CARTESIAN_POINT('',(0.777815906407203,-5.50476945186989,-0.5));
#3060=CARTESIAN_POINT('Origin',(-5.32907051820075E-13,8.97060203897126E-13,
-0.499999999999998));
#3061=CARTESIAN_POINT('',(-6.8096326584525,-4.29318099512903,-0.5));
#3062=CARTESIAN_POINT('',(-5.10639924979611,-3.99566948960108,-0.5));
#3063=CARTESIAN_POINT('Ctrl Pts',(-6.8096326584525,-4.29318099512904,-0.5));
#3064=CARTESIAN_POINT('Ctrl Pts',(-6.8042193052866,-4.29357056555894,-0.5));
#3065=CARTESIAN_POINT('Ctrl Pts',(-6.79339741671743,-4.2943338800169,-0.5));
#3066=CARTESIAN_POINT('Ctrl Pts',(-6.77717903715507,-4.29543137250027,-0.5));
#3067=CARTESIAN_POINT('Ctrl Pts',(-6.75558344722758,-4.29679970583879,-0.5));
#3068=CARTESIAN_POINT('Ctrl Pts',(-6.72863726795694,-4.29835160078878,-0.5));
#3069=CARTESIAN_POINT('Ctrl Pts',(-6.70173964364928,-4.29974467472264,-0.5));
#3070=CARTESIAN_POINT('Ctrl Pts',(-6.67489099669613,-4.30097856750411,-0.5));
#3071=CARTESIAN_POINT('Ctrl Pts',(-6.6480919643582,-4.30205289089661,-0.5));
#3072=CARTESIAN_POINT('Ctrl Pts',(-6.62134344813509,-4.30296726565517,-0.5));
#3073=CARTESIAN_POINT('Ctrl Pts',(-6.59464654958469,-4.30372131887205,-0.5));
#3074=CARTESIAN_POINT('Ctrl Pts',(-6.56800249425406,-4.30431467746552,-0.5));
#3075=CARTESIAN_POINT('Ctrl Pts',(-6.54141255747742,-4.30474696427131,-0.5));
#3076=CARTESIAN_POINT('Ctrl Pts',(-6.51487799410018,-4.30501779400464,-0.5));
#3077=CARTESIAN_POINT('Ctrl Pts',(-6.48839995313468,-4.30512677102579,-0.5));
#3078=CARTESIAN_POINT('Ctrl Pts',(-6.46197949787219,-4.30507348334012,-0.5));
#3079=CARTESIAN_POINT('Ctrl Pts',(-6.43561765060551,-4.30485749658691,-0.5));
#3080=CARTESIAN_POINT('Ctrl Pts',(-6.40931542990152,-4.30447834879993,-0.5));
#3081=CARTESIAN_POINT('Ctrl Pts',(-6.38307388732317,-4.30393554675629,-0.5));
#3082=CARTESIAN_POINT('Ctrl Pts',(-6.35689415219526,-4.30322856091785,-0.5));
#3083=CARTESIAN_POINT('Ctrl Pts',(-6.33077742398379,-4.30235683305713,-0.5));
#3084=CARTESIAN_POINT('Ctrl Pts',(-6.30472494521902,-4.30131978835307,-0.5));
#3085=CARTESIAN_POINT('Ctrl Pts',(-6.27873797900478,-4.30011684853572,-0.5));
#3086=CARTESIAN_POINT('Ctrl Pts',(-6.25281778738045,-4.29874744267251,-0.5));
#3087=CARTESIAN_POINT('Ctrl Pts',(-6.22696560078964,-4.29721102807053,-0.5));
#3088=CARTESIAN_POINT('Ctrl Pts',(-6.20118263180476,-4.295507068272,-0.5));
#3089=CARTESIAN_POINT('Ctrl Pts',(-6.1754701099763,-4.2936349917171,-0.5));
#3090=CARTESIAN_POINT('Ctrl Pts',(-6.14982931177688,-4.29159415455024,-0.5));
#3091=CARTESIAN_POINT('Ctrl Pts',(-6.12426158722081,-4.2893838096057,-0.5));
#3092=CARTESIAN_POINT('Ctrl Pts',(-6.09876839968314,-4.28700305704841,-0.5));
#3093=CARTESIAN_POINT('Ctrl Pts',(-6.073351302886,-4.28445088197793,-0.5));
#3094=CARTESIAN_POINT('Ctrl Pts',(-6.04801188202727,-4.28172624106391,-0.5));
#3095=CARTESIAN_POINT('Ctrl Pts',(-6.0227517003745,-4.27882814307398,-0.5));
#3096=CARTESIAN_POINT('Ctrl Pts',(-5.99757225404619,-4.27575571621832,-0.5));
#3097=CARTESIAN_POINT('Ctrl Pts',(-5.97247489527549,-4.27250832477896,-0.5));
#3098=CARTESIAN_POINT('Ctrl Pts',(-5.94746088991977,-4.26908547870887,-0.5));
#3099=CARTESIAN_POINT('Ctrl Pts',(-5.92253156034146,-4.26548661199116,-0.5));
#3100=CARTESIAN_POINT('Ctrl Pts',(-5.89768841360319,-4.2617108835831,-0.5));
#3101=CARTESIAN_POINT('Ctrl Pts',(-5.87293325056867,-4.2577570087674,-0.5));
#3102=CARTESIAN_POINT('Ctrl Pts',(-5.84826834415889,-4.25362298234605,-0.5));
#3103=CARTESIAN_POINT('Ctrl Pts',(-5.82369632007119,-4.24930626793579,-0.5));
#3104=CARTESIAN_POINT('Ctrl Pts',(-5.79921984082529,-4.24480429526512,-0.5));
#3105=CARTESIAN_POINT('Ctrl Pts',(-5.77484132065568,-4.24011490960945,-0.5));
#3106=CARTESIAN_POINT('Ctrl Pts',(-5.75056268550317,-4.23523675036585,-0.5));
#3107=CARTESIAN_POINT('Ctrl Pts',(-5.72638496679408,-4.23016989119085,-0.5));
#3108=CARTESIAN_POINT('Ctrl Pts',(-5.70230860995842,-4.22491535673773,-0.5));
#3109=CARTESIAN_POINT('Ctrl Pts',(-5.67833423933057,-4.21947392225434,-0.5));
#3110=CARTESIAN_POINT('Ctrl Pts',(-5.6544633481685,-4.2138450309003,-0.5));
#3111=CARTESIAN_POINT('Ctrl Pts',(-5.63069888448014,-4.2080258754078,-0.5));
#3112=CARTESIAN_POINT('Ctrl Pts',(-5.60704621918068,-4.20200987795013,-0.5));
#3113=CARTESIAN_POINT('Ctrl Pts',(-5.58351239415406,-4.19578787818056,-0.5));
#3114=CARTESIAN_POINT('Ctrl Pts',(-5.56010438958324,-4.18935086559738,-0.5));
#3115=CARTESIAN_POINT('Ctrl Pts',(-5.53682754744453,-4.18269246584061,-0.5));
#3116=CARTESIAN_POINT('Ctrl Pts',(-5.51368424009969,-4.1758110421148,-0.5));
#3117=CARTESIAN_POINT('Ctrl Pts',(-5.49067164603075,-4.1687132002936,-0.5));
#3118=CARTESIAN_POINT('Ctrl Pts',(-5.46778384369071,-4.16141050586001,-0.5));
#3119=CARTESIAN_POINT('Ctrl Pts',(-5.44501593686419,-4.15391300771124,-0.5));
#3120=CARTESIAN_POINT('Ctrl Pts',(-5.42236784324244,-4.14622329074992,-0.5));
#3121=CARTESIAN_POINT('Ctrl Pts',(-5.39984755701274,-4.13833135735498,-0.5));
#3122=CARTESIAN_POINT('Ctrl Pts',(-5.37747634752865,-4.13020646058191,-0.5));
#3123=CARTESIAN_POINT('Ctrl Pts',(-5.35528325855538,-4.12180578567937,-0.5));
#3124=CARTESIAN_POINT('Ctrl Pts',(-5.33329585325223,-4.11308904982441,-0.5));
#3125=CARTESIAN_POINT('Ctrl Pts',(-5.31153158243442,-4.10403210751308,-0.5));
#3126=CARTESIAN_POINT('Ctrl Pts',(-5.28999023235437,-4.09463888636312,-0.5));
#3127=CARTESIAN_POINT('Ctrl Pts',(-5.26864238928253,-4.08495951876186,-0.5));
#3128=CARTESIAN_POINT('Ctrl Pts',(-5.24744589638109,-4.07506489894237,-0.5));
#3129=CARTESIAN_POINT('Ctrl Pts',(-5.2263688464644,-4.06501105397591,-0.5));
#3130=CARTESIAN_POINT('Ctrl Pts',(-5.20541109347124,-4.05480584634475,-0.5));
#3131=CARTESIAN_POINT('Ctrl Pts',(-5.18462473490655,-4.04437722311113,-0.5));
#3132=CARTESIAN_POINT('Ctrl Pts',(-5.16413958296638,-4.03353384720388,-0.5));
#3133=CARTESIAN_POINT('Ctrl Pts',(-5.14412859704656,-4.02201754364349,-0.5));
#3134=CARTESIAN_POINT('Ctrl Pts',(-5.12863868009687,-4.01205681181646,-0.5));
#3135=CARTESIAN_POINT('Ctrl Pts',(-5.1173746592134,-4.00407307576991,-0.5));
#3136=CARTESIAN_POINT('Ctrl Pts',(-5.11003023255228,-3.99851067108853,-0.5));
#3137=CARTESIAN_POINT('Ctrl Pts',(-5.10639924979611,-3.99566948960108,-0.5));
#3138=CARTESIAN_POINT('',(-4.29318099512904,-6.80963265845249,-0.5));
#3139=CARTESIAN_POINT('Origin',(-4.86277684785819E-13,6.31088724176809E-29,
-0.499999999999998));
#3140=CARTESIAN_POINT('',(-3.99566948960108,-5.10639924979611,-0.5));
#3141=CARTESIAN_POINT('Ctrl Pts',(-3.99566948960108,-5.10639924979611,-0.5));
#3142=CARTESIAN_POINT('Ctrl Pts',(-3.99851067108854,-5.11003023255228,-0.5));
#3143=CARTESIAN_POINT('Ctrl Pts',(-4.00407307576992,-5.11737465921339,-0.5));
#3144=CARTESIAN_POINT('Ctrl Pts',(-4.01205681181646,-5.12863868009687,-0.5));
#3145=CARTESIAN_POINT('Ctrl Pts',(-4.0220175436435,-5.14412859704656,-0.5));
#3146=CARTESIAN_POINT('Ctrl Pts',(-4.03353384720388,-5.16413958296637,-0.5));
#3147=CARTESIAN_POINT('Ctrl Pts',(-4.04437722311113,-5.18462473490655,-0.5));
#3148=CARTESIAN_POINT('Ctrl Pts',(-4.05480584634476,-5.20541109347124,-0.5));
#3149=CARTESIAN_POINT('Ctrl Pts',(-4.06501105397592,-5.2263688464644,-0.5));
#3150=CARTESIAN_POINT('Ctrl Pts',(-4.07506489894237,-5.24744589638109,-0.5));
#3151=CARTESIAN_POINT('Ctrl Pts',(-4.08495951876187,-5.26864238928253,-0.5));
#3152=CARTESIAN_POINT('Ctrl Pts',(-4.09463888636312,-5.28999023235436,-0.5));
#3153=CARTESIAN_POINT('Ctrl Pts',(-4.10403210751308,-5.31153158243441,-0.5));
#3154=CARTESIAN_POINT('Ctrl Pts',(-4.11308904982442,-5.33329585325223,-0.5));
#3155=CARTESIAN_POINT('Ctrl Pts',(-4.12180578567937,-5.35528325855538,-0.5));
#3156=CARTESIAN_POINT('Ctrl Pts',(-4.13020646058192,-5.37747634752865,-0.5));
#3157=CARTESIAN_POINT('Ctrl Pts',(-4.13833135735498,-5.39984755701274,-0.5));
#3158=CARTESIAN_POINT('Ctrl Pts',(-4.14622329074993,-5.42236784324244,-0.5));
#3159=CARTESIAN_POINT('Ctrl Pts',(-4.15391300771124,-5.44501593686419,-0.5));
#3160=CARTESIAN_POINT('Ctrl Pts',(-4.16141050586001,-5.4677838436907,-0.5));
#3161=CARTESIAN_POINT('Ctrl Pts',(-4.1687132002936,-5.49067164603075,-0.5));
#3162=CARTESIAN_POINT('Ctrl Pts',(-4.17581104211481,-5.51368424009969,-0.5));
#3163=CARTESIAN_POINT('Ctrl Pts',(-4.18269246584062,-5.53682754744453,-0.5));
#3164=CARTESIAN_POINT('Ctrl Pts',(-4.18935086559738,-5.56010438958324,-0.5));
#3165=CARTESIAN_POINT('Ctrl Pts',(-4.19578787818057,-5.58351239415405,-0.5));
#3166=CARTESIAN_POINT('Ctrl Pts',(-4.20200987795013,-5.60704621918067,-0.5));
#3167=CARTESIAN_POINT('Ctrl Pts',(-4.2080258754078,-5.63069888448014,-0.5));
#3168=CARTESIAN_POINT('Ctrl Pts',(-4.2138450309003,-5.6544633481685,-0.5));
#3169=CARTESIAN_POINT('Ctrl Pts',(-4.21947392225435,-5.67833423933056,-0.5));
#3170=CARTESIAN_POINT('Ctrl Pts',(-4.22491535673773,-5.70230860995841,-0.5));
#3171=CARTESIAN_POINT('Ctrl Pts',(-4.23016989119085,-5.72638496679407,-0.5));
#3172=CARTESIAN_POINT('Ctrl Pts',(-4.23523675036585,-5.75056268550316,-0.5));
#3173=CARTESIAN_POINT('Ctrl Pts',(-4.24011490960945,-5.77484132065567,-0.5));
#3174=CARTESIAN_POINT('Ctrl Pts',(-4.24480429526512,-5.79921984082528,-0.5));
#3175=CARTESIAN_POINT('Ctrl Pts',(-4.24930626793579,-5.82369632007119,-0.5));
#3176=CARTESIAN_POINT('Ctrl Pts',(-4.25362298234605,-5.84826834415888,-0.5));
#3177=CARTESIAN_POINT('Ctrl Pts',(-4.2577570087674,-5.87293325056866,-0.5));
#3178=CARTESIAN_POINT('Ctrl Pts',(-4.26171088358311,-5.89768841360319,-0.5));
#3179=CARTESIAN_POINT('Ctrl Pts',(-4.26548661199116,-5.92253156034146,-0.5));
#3180=CARTESIAN_POINT('Ctrl Pts',(-4.26908547870888,-5.94746088991976,-0.5));
#3181=CARTESIAN_POINT('Ctrl Pts',(-4.27250832477896,-5.97247489527549,-0.5));
#3182=CARTESIAN_POINT('Ctrl Pts',(-4.27575571621832,-5.99757225404618,-0.5));
#3183=CARTESIAN_POINT('Ctrl Pts',(-4.27882814307399,-6.0227517003745,-0.5));
#3184=CARTESIAN_POINT('Ctrl Pts',(-4.28172624106391,-6.04801188202726,-0.5));
#3185=CARTESIAN_POINT('Ctrl Pts',(-4.28445088197794,-6.073351302886,-0.5));
#3186=CARTESIAN_POINT('Ctrl Pts',(-4.28700305704841,-6.09876839968313,-0.5));
#3187=CARTESIAN_POINT('Ctrl Pts',(-4.2893838096057,-6.1242615872208,-0.5));
#3188=CARTESIAN_POINT('Ctrl Pts',(-4.29159415455024,-6.14982931177687,-0.5));
#3189=CARTESIAN_POINT('Ctrl Pts',(-4.2936349917171,-6.1754701099763,-0.5));
#3190=CARTESIAN_POINT('Ctrl Pts',(-4.295507068272,-6.20118263180475,-0.5));
#3191=CARTESIAN_POINT('Ctrl Pts',(-4.29721102807053,-6.22696560078964,-0.5));
#3192=CARTESIAN_POINT('Ctrl Pts',(-4.29874744267251,-6.25281778738044,-0.5));
#3193=CARTESIAN_POINT('Ctrl Pts',(-4.30011684853572,-6.27873797900478,-0.5));
#3194=CARTESIAN_POINT('Ctrl Pts',(-4.30131978835308,-6.30472494521901,-0.5));
#3195=CARTESIAN_POINT('Ctrl Pts',(-4.30235683305714,-6.33077742398379,-0.5));
#3196=CARTESIAN_POINT('Ctrl Pts',(-4.30322856091785,-6.35689415219526,-0.5));
#3197=CARTESIAN_POINT('Ctrl Pts',(-4.3039355467563,-6.38307388732317,-0.5));
#3198=CARTESIAN_POINT('Ctrl Pts',(-4.30447834879993,-6.40931542990151,-0.5));
#3199=CARTESIAN_POINT('Ctrl Pts',(-4.30485749658692,-6.4356176506055,-0.5));
#3200=CARTESIAN_POINT('Ctrl Pts',(-4.30507348334012,-6.46197949787218,-0.5));
#3201=CARTESIAN_POINT('Ctrl Pts',(-4.30512677102579,-6.48839995313468,-0.5));
#3202=CARTESIAN_POINT('Ctrl Pts',(-4.30501779400465,-6.51487799410018,-0.5));
#3203=CARTESIAN_POINT('Ctrl Pts',(-4.30474696427131,-6.54141255747742,-0.5));
#3204=CARTESIAN_POINT('Ctrl Pts',(-4.30431467746553,-6.56800249425406,-0.5));
#3205=CARTESIAN_POINT('Ctrl Pts',(-4.30372131887205,-6.59464654958469,-0.5));
#3206=CARTESIAN_POINT('Ctrl Pts',(-4.30296726565518,-6.62134344813509,-0.5));
#3207=CARTESIAN_POINT('Ctrl Pts',(-4.30205289089661,-6.64809196435819,-0.5));
#3208=CARTESIAN_POINT('Ctrl Pts',(-4.30097856750412,-6.67489099669612,-0.5));
#3209=CARTESIAN_POINT('Ctrl Pts',(-4.29974467472264,-6.70173964364927,-0.5));
#3210=CARTESIAN_POINT('Ctrl Pts',(-4.29835160078879,-6.72863726795694,-0.5));
#3211=CARTESIAN_POINT('Ctrl Pts',(-4.29679970583879,-6.75558344722758,-0.5));
#3212=CARTESIAN_POINT('Ctrl Pts',(-4.29543137250027,-6.77717903715507,-0.5));
#3213=CARTESIAN_POINT('Ctrl Pts',(-4.2943338800169,-6.79339741671742,-0.5));
#3214=CARTESIAN_POINT('Ctrl Pts',(-4.29357056555894,-6.8042193052866,-0.5));
#3215=CARTESIAN_POINT('Ctrl Pts',(-4.29318099512904,-6.80963265845249,-0.5));
#3216=CARTESIAN_POINT('',(-3.78388124082196,-4.83573738512088,-0.5));
#3217=CARTESIAN_POINT('',(-3.42599306035121,-4.37836223409226,-0.5));
#3218=CARTESIAN_POINT('',(-3.84246246195618,-4.03165667324955,-0.5));
#3219=CARTESIAN_POINT('Origin',(-4.25641311725854,-4.46598932799099,-0.5));
#3220=CARTESIAN_POINT('',(-4.03165667324956,-3.84246246195618,-0.5));
#3221=CARTESIAN_POINT('Origin',(0.,0.,-0.5));
#3222=CARTESIAN_POINT('',(-4.83573738512088,-3.78388124082195,-0.5));
#3223=CARTESIAN_POINT('Origin',(-4.465989327991,-4.25641311725853,-0.5));
#3224=CARTESIAN_POINT('',(-4.37836223409226,-3.4259930603512,-0.5));
#3225=CARTESIAN_POINT('Origin',(-5.32907051820075E-13,8.97060203897126E-13,
-0.499999999999998));
#3226=CARTESIAN_POINT('',(-6.42010621698977,0.907151658222882,-0.5));
#3227=CARTESIAN_POINT('',(-8.04390537022454,0.313187475600059,-0.5));
#3228=CARTESIAN_POINT('Ctrl Pts',(-6.42010621698977,0.907151658222882,-0.5));
#3229=CARTESIAN_POINT('Ctrl Pts',(-6.42467133104104,0.907796702189697,-0.5));
#3230=CARTESIAN_POINT('Ctrl Pts',(-6.43381299344649,0.908941672619341,-0.5));
#3231=CARTESIAN_POINT('Ctrl Pts',(-6.44755978970361,0.910223780411022,-0.5));
#3232=CARTESIAN_POINT('Ctrl Pts',(-6.46595481719808,0.911105068738672,-0.5));
#3233=CARTESIAN_POINT('Ctrl Pts',(-6.4890429911396,0.911072987219755,-0.5));
#3234=CARTESIAN_POINT('Ctrl Pts',(-6.5122053410738,0.910221050248129,-0.5));
#3235=CARTESIAN_POINT('Ctrl Pts',(-6.53542116725981,0.908859323612599,-0.5));
#3236=CARTESIAN_POINT('Ctrl Pts',(-6.5586737175737,0.9072184161755,-0.5));
#3237=CARTESIAN_POINT('Ctrl Pts',(-6.58195390072161,0.905386776363815,-0.5));
#3238=CARTESIAN_POINT('Ctrl Pts',(-6.60525791195515,0.903357522037563,-0.5));
#3239=CARTESIAN_POINT('Ctrl Pts',(-6.62858537017198,0.901066178736902,-0.5));
#3240=CARTESIAN_POINT('Ctrl Pts',(-6.6519373371481,0.898430271836106,-0.5));
#3241=CARTESIAN_POINT('Ctrl Pts',(-6.67531421972684,0.895391678549428,-0.5));
#3242=CARTESIAN_POINT('Ctrl Pts',(-6.69871423921015,0.891946890586323,-0.5));
#3243=CARTESIAN_POINT('Ctrl Pts',(-6.72213435550073,0.888125543974226,-0.5));
#3244=CARTESIAN_POINT('Ctrl Pts',(-6.74557083961386,0.883976306240782,-0.5));
#3245=CARTESIAN_POINT('Ctrl Pts',(-6.76901994628675,0.879550777930928,-0.5));
#3246=CARTESIAN_POINT('Ctrl Pts',(-6.79247862919114,0.874886221356463,-0.5));
#3247=CARTESIAN_POINT('Ctrl Pts',(-6.81594496396828,0.86999529180487,-0.5));
#3248=CARTESIAN_POINT('Ctrl Pts',(-6.83941772944834,0.864875709530409,-0.5));
#3249=CARTESIAN_POINT('Ctrl Pts',(-6.86289614142963,0.859516323825148,-0.5));
#3250=CARTESIAN_POINT('Ctrl Pts',(-6.88637954538076,0.853904157913484,-0.5));
#3251=CARTESIAN_POINT('Ctrl Pts',(-6.90986708187115,0.848032080182034,-0.5));
#3252=CARTESIAN_POINT('Ctrl Pts',(-6.93335751477297,0.841902694318152,-0.5));
#3253=CARTESIAN_POINT('Ctrl Pts',(-6.95684940497902,0.835524191667622,-0.5));
#3254=CARTESIAN_POINT('Ctrl Pts',(-6.9803412127244,0.828907865645333,-0.5));
#3255=CARTESIAN_POINT('Ctrl Pts',(-7.00383141973208,0.822065170286233,-0.5));
#3256=CARTESIAN_POINT('Ctrl Pts',(-7.02731866356643,0.815004487612948,-0.5));
#3257=CARTESIAN_POINT('Ctrl Pts',(-7.05080179481158,0.807729722794659,-0.5));
#3258=CARTESIAN_POINT('Ctrl Pts',(-7.0742797986884,0.800242104698292,-0.5));
#3259=CARTESIAN_POINT('Ctrl Pts',(-7.09775174688353,0.792541274106698,-0.5));
#3260=CARTESIAN_POINT('Ctrl Pts',(-7.12121674131662,0.784626566359106,-0.5));
#3261=CARTESIAN_POINT('Ctrl Pts',(-7.14467385191801,0.776498433380252,-0.5));
#3262=CARTESIAN_POINT('Ctrl Pts',(-7.1681220910755,0.768159016457243,-0.5));
#3263=CARTESIAN_POINT('Ctrl Pts',(-7.19156044536297,0.759611388753562,-0.5));
#3264=CARTESIAN_POINT('Ctrl Pts',(-7.21498789410648,0.75085910744948,-0.5));
#3265=CARTESIAN_POINT('Ctrl Pts',(-7.23840343157706,0.741905681965998,-0.5));
#3266=CARTESIAN_POINT('Ctrl Pts',(-7.26180609196637,0.732753985316029,-0.5));
#3267=CARTESIAN_POINT('Ctrl Pts',(-7.28519495803936,0.723406030529256,-0.5));
#3268=CARTESIAN_POINT('Ctrl Pts',(-7.30856914516286,0.713863299501328,-0.5));
#3269=CARTESIAN_POINT('Ctrl Pts',(-7.33192779114585,0.704126943598498,-0.5));
#3270=CARTESIAN_POINT('Ctrl Pts',(-7.35527004474723,0.694198020142616,-0.5));
#3271=CARTESIAN_POINT('Ctrl Pts',(-7.3785950527577,0.684077755798166,-0.5));
#3272=CARTESIAN_POINT('Ctrl Pts',(-7.40190195539556,0.673767653616533,-0.5));
#3273=CARTESIAN_POINT('Ctrl Pts',(-7.42518989444757,0.663269353663905,-0.5));
#3274=CARTESIAN_POINT('Ctrl Pts',(-7.44845801875727,0.652584552089806,-0.5));
#3275=CARTESIAN_POINT('Ctrl Pts',(-7.47170549021206,0.64171490468487,-0.5));
#3276=CARTESIAN_POINT('Ctrl Pts',(-7.49493149140951,0.630661922416645,-0.5));
#3277=CARTESIAN_POINT('Ctrl Pts',(-7.51813522678576,0.619426927356793,-0.5));
#3278=CARTESIAN_POINT('Ctrl Pts',(-7.54131591281092,0.608011115336903,-0.5));
#3279=CARTESIAN_POINT('Ctrl Pts',(-7.56447277044292,0.596415596117562,-0.5));
#3280=CARTESIAN_POINT('Ctrl Pts',(-7.58760501779217,0.584641440571027,-0.5));
#3281=CARTESIAN_POINT('Ctrl Pts',(-7.61071186060966,0.572689733904962,-0.5));
#3282=CARTESIAN_POINT('Ctrl Pts',(-7.63379249140354,0.560561601581152,-0.5));
#3283=CARTESIAN_POINT('Ctrl Pts',(-7.65684610542876,0.548258175947977,-0.5));
#3284=CARTESIAN_POINT('Ctrl Pts',(-7.6798719140331,0.535780576080236,-0.5));
#3285=CARTESIAN_POINT('Ctrl Pts',(-7.70286915756226,0.523129885150077,-0.5));
#3286=CARTESIAN_POINT('Ctrl Pts',(-7.72583712276135,0.510307126413401,-0.5));
#3287=CARTESIAN_POINT('Ctrl Pts',(-7.74877514556158,0.497313252795217,-0.5));
#3288=CARTESIAN_POINT('Ctrl Pts',(-7.77168257484129,0.484149173653469,-0.5));
#3289=CARTESIAN_POINT('Ctrl Pts',(-7.79455874244928,0.470815776301978,-0.5));
#3290=CARTESIAN_POINT('Ctrl Pts',(-7.81740293354563,0.457313949184187,-0.5));
#3291=CARTESIAN_POINT('Ctrl Pts',(-7.84021435087634,0.443644609440337,-0.5));
#3292=CARTESIAN_POINT('Ctrl Pts',(-7.86299210035576,0.429808718159519,-0.5));
#3293=CARTESIAN_POINT('Ctrl Pts',(-7.88573526609423,0.415807239642699,-0.5));
#3294=CARTESIAN_POINT('Ctrl Pts',(-7.90844297327769,0.401641109761651,-0.5));
#3295=CARTESIAN_POINT('Ctrl Pts',(-7.93111445438293,0.387311202242903,-0.5));
#3296=CARTESIAN_POINT('Ctrl Pts',(-7.95374911831087,0.372818296272027,-0.5));
#3297=CARTESIAN_POINT('Ctrl Pts',(-7.97634660729582,0.358163046702124,-0.5));
#3298=CARTESIAN_POINT('Ctrl Pts',(-7.99890673560413,0.343345976616106,-0.5));
#3299=CARTESIAN_POINT('Ctrl Pts',(-8.01692489842179,0.331363170220355,-0.5));
#3300=CARTESIAN_POINT('Ctrl Pts',(-8.03042168088932,0.322303524068119,-0.5));
#3301=CARTESIAN_POINT('Ctrl Pts',(-8.03941205407817,0.316231530071861,-0.5));
#3302=CARTESIAN_POINT('Ctrl Pts',(-8.04390537022454,0.313187475600059,-0.5));
#3303=CARTESIAN_POINT('',(-6.07981204195579,0.859068586894756,-0.5));
#3304=CARTESIAN_POINT('',(-5.50476945186989,0.777815906407206,-0.5));
#3305=CARTESIAN_POINT('',(-5.41274832934926,1.31184176851737,-0.5));
#3306=CARTESIAN_POINT('Origin',(-5.99586676969967,1.45316722455171,-0.5));
#3307=CARTESIAN_POINT('',(-5.34349844176693,1.57028586739308,-0.5));
#3308=CARTESIAN_POINT('Origin',(0.,0.,-0.5));
#3309=CARTESIAN_POINT('',(-5.69480597201563,2.29593080113384,-0.5));
#3310=CARTESIAN_POINT('Origin',(-5.9191565525427,1.73945365244113,-0.5));
#3311=CARTESIAN_POINT('',(-6.01355090801899,2.4244367273887,-0.5));
#3312=CARTESIAN_POINT('',(-5.15617814049947,2.07877639151869,-0.5));
#3313=CARTESIAN_POINT('',(-7.12282013405255,3.75072437509551,-0.5));
#3314=CARTESIAN_POINT('Ctrl Pts',(-7.12282013405255,3.75072437509551,-0.5));
#3315=CARTESIAN_POINT('Ctrl Pts',(-7.12045083535846,3.74584148851923,-0.5));
#3316=CARTESIAN_POINT('Ctrl Pts',(-7.11570094078554,3.73608780087242,-0.5));
#3317=CARTESIAN_POINT('Ctrl Pts',(-7.10854220737543,3.72149352592152,-0.5));
#3318=CARTESIAN_POINT('Ctrl Pts',(-7.09892942384368,3.70210702976534,-0.5));
#3319=CARTESIAN_POINT('Ctrl Pts',(-7.08680031465906,3.67799500650704,-0.5));
#3320=CARTESIAN_POINT('Ctrl Pts',(-7.0745579399213,3.65400444358823,-0.5));
#3321=CARTESIAN_POINT('Ctrl Pts',(-7.06220219893903,3.63013588687882,-0.5));
#3322=CARTESIAN_POINT('Ctrl Pts',(-7.04973307411984,3.60639008238108,-0.5));
#3323=CARTESIAN_POINT('Ctrl Pts',(-7.03715068777779,3.58276800043906,-0.5));
#3324=CARTESIAN_POINT('Ctrl Pts',(-7.02445526774421,3.55927078148372,-0.5));
#3325=CARTESIAN_POINT('Ctrl Pts',(-7.0116471036944,3.53589967341081,-0.5));
#3326=CARTESIAN_POINT('Ctrl Pts',(-6.99872650666161,3.51265596927433,-0.5));
#3327=CARTESIAN_POINT('Ctrl Pts',(-6.98569377040215,3.48954094844464,-0.5));
#3328=CARTESIAN_POINT('Ctrl Pts',(-6.97254912678815,3.4665558038155,-0.5));
#3329=CARTESIAN_POINT('Ctrl Pts',(-6.9592927506674,3.44370166222147,-0.5));
#3330=CARTESIAN_POINT('Ctrl Pts',(-6.9459247770189,3.42097962617443,-0.5));
#3331=CARTESIAN_POINT('Ctrl Pts',(-6.93244531505159,3.39839080876233,-0.5));
#3332=CARTESIAN_POINT('Ctrl Pts',(-6.9188544634034,3.37593636727681,-0.5));
#3333=CARTESIAN_POINT('Ctrl Pts',(-6.90515232814324,3.35361754451092,-0.5));
#3334=CARTESIAN_POINT('Ctrl Pts',(-6.89133902556494,3.3314356583464,-0.5));
#3335=CARTESIAN_POINT('Ctrl Pts',(-6.87741467912398,3.30939207225659,-0.5));
#3336=CARTESIAN_POINT('Ctrl Pts',(-6.86337941957581,3.28748816925645,-0.5));
#3337=CARTESIAN_POINT('Ctrl Pts',(-6.849233383498,3.26572532777042,-0.5));
#3338=CARTESIAN_POINT('Ctrl Pts',(-6.83497671612654,3.2441048847404,-0.5));
#3339=CARTESIAN_POINT('Ctrl Pts',(-6.82060955916155,3.22262815851376,-0.5));
#3340=CARTESIAN_POINT('Ctrl Pts',(-6.80613203239294,3.20129649969241,-0.5));
#3341=CARTESIAN_POINT('Ctrl Pts',(-6.79154421646174,3.18011133566183,-0.5));
#3342=CARTESIAN_POINT('Ctrl Pts',(-6.77684613931061,3.15907420915158,-0.5));
#3343=CARTESIAN_POINT('Ctrl Pts',(-6.76203775334704,3.13818683739916,-0.5));
#3344=CARTESIAN_POINT('Ctrl Pts',(-6.74711895650253,3.11745107341763,-0.5));
#3345=CARTESIAN_POINT('Ctrl Pts',(-6.73208963782543,3.09686881169379,-0.5));
#3346=CARTESIAN_POINT('Ctrl Pts',(-6.71694972051712,3.07644190167325,-0.5));
#3347=CARTESIAN_POINT('Ctrl Pts',(-6.70169919764468,3.05617207492754,-0.5));
#3348=CARTESIAN_POINT('Ctrl Pts',(-6.68633819477682,3.0360608203839,-0.5));
#3349=CARTESIAN_POINT('Ctrl Pts',(-6.67086692044902,3.01610947933049,-0.5));
#3350=CARTESIAN_POINT('Ctrl Pts',(-6.65528554565749,2.99631947997522,-0.5));
#3351=CARTESIAN_POINT('Ctrl Pts',(-6.63959409556919,2.97669254799396,-0.5));
#3352=CARTESIAN_POINT('Ctrl Pts',(-6.62379235801814,2.95723088533909,-0.5));
#3353=CARTESIAN_POINT('Ctrl Pts',(-6.60787973291245,2.93793746301693,-0.5));
#3354=CARTESIAN_POINT('Ctrl Pts',(-6.59185533652843,2.91881582313971,-0.5));
#3355=CARTESIAN_POINT('Ctrl Pts',(-6.57571827420553,2.89986955665289,-0.5));
#3356=CARTESIAN_POINT('Ctrl Pts',(-6.55946788701478,2.88110183170717,-0.5));
#3357=CARTESIAN_POINT('Ctrl Pts',(-6.54310395960986,2.86251499651768,-0.5));
#3358=CARTESIAN_POINT('Ctrl Pts',(-6.52662707149237,2.84410990749756,-0.5));
#3359=CARTESIAN_POINT('Ctrl Pts',(-6.51003833275307,2.82588643807386,-0.5));
#3360=CARTESIAN_POINT('Ctrl Pts',(-6.49333872694351,2.80784474131209,-0.5));
#3361=CARTESIAN_POINT('Ctrl Pts',(-6.47652851845473,2.78998638883179,-0.5));
#3362=CARTESIAN_POINT('Ctrl Pts',(-6.45960675012547,2.77231533731661,-0.5));
#3363=CARTESIAN_POINT('Ctrl Pts',(-6.4425704108483,2.75483952702889,-0.5));
#3364=CARTESIAN_POINT('Ctrl Pts',(-6.42541508847221,2.7375696365924,-0.5));
#3365=CARTESIAN_POINT('Ctrl Pts',(-6.40813646976528,2.72051621627377,-0.5));
#3366=CARTESIAN_POINT('Ctrl Pts',(-6.39073170535801,2.70368707954015,-0.5));
#3367=CARTESIAN_POINT('Ctrl Pts',(-6.37320056392484,2.68708509931483,-0.5));
#3368=CARTESIAN_POINT('Ctrl Pts',(-6.35554735556116,2.67070452915475,-0.5));
#3369=CARTESIAN_POINT('Ctrl Pts',(-6.33777913549557,2.65453445810827,-0.5));
#3370=CARTESIAN_POINT('Ctrl Pts',(-6.31990215822065,2.6385656214799,-0.5));
#3371=CARTESIAN_POINT('Ctrl Pts',(-6.30191862117336,2.62279665553683,-0.5));
#3372=CARTESIAN_POINT('Ctrl Pts',(-6.28382386325352,2.60723948225888,-0.5));
#3373=CARTESIAN_POINT('Ctrl Pts',(-6.26560189150288,2.59192789491881,-0.5));
#3374=CARTESIAN_POINT('Ctrl Pts',(-6.2472301491417,2.57690845353078,-0.5));
#3375=CARTESIAN_POINT('Ctrl Pts',(-6.22868753180166,2.56222516990243,-0.5));
#3376=CARTESIAN_POINT('Ctrl Pts',(-6.20996185427052,2.54790522963503,-0.5));
#3377=CARTESIAN_POINT('Ctrl Pts',(-6.19105641109126,2.53394648380887,-0.5));
#3378=CARTESIAN_POINT('Ctrl Pts',(-6.1719999113201,2.52029839319329,-0.5));
#3379=CARTESIAN_POINT('Ctrl Pts',(-6.1528326727449,2.50688900177925,-0.5));
#3380=CARTESIAN_POINT('Ctrl Pts',(-6.1335872626399,2.49366266359779,-0.5));
#3381=CARTESIAN_POINT('Ctrl Pts',(-6.11427041708384,2.48061532091505,-0.5));
#3382=CARTESIAN_POINT('Ctrl Pts',(-6.09484578515468,2.46782811796267,-0.5));
#3383=CARTESIAN_POINT('Ctrl Pts',(-6.07521257018613,2.45550914393572,-0.5));
#3384=CARTESIAN_POINT('Ctrl Pts',(-6.05523366578524,2.44393727355458,-0.5));
#3385=CARTESIAN_POINT('Ctrl Pts',(-6.03886246050789,2.43550297788716,-0.5));
#3386=CARTESIAN_POINT('Ctrl Pts',(-6.02631633183274,2.42973991767658,-0.5));
#3387=CARTESIAN_POINT('Ctrl Pts',(-6.01782693474197,2.42616065995251,-0.5));
#3388=CARTESIAN_POINT('Ctrl Pts',(-6.01355090801899,2.4244367273887,-0.5));
#3389=CARTESIAN_POINT('Origin',(-4.86277684785819E-13,6.31088724176809E-29,
-0.499999999999998));
#3390=CARTESIAN_POINT('Origin',(-5.32907051820075E-13,8.97060203897126E-13,
-0.499999999999998));
#3391=CARTESIAN_POINT('',(7.12282013405254,-3.75072437509551,-0.5));
#3392=CARTESIAN_POINT('',(6.01355090801899,-2.4244367273887,-0.5));
#3393=CARTESIAN_POINT('Ctrl Pts',(7.12282013405255,-3.75072437509551,-0.5));
#3394=CARTESIAN_POINT('Ctrl Pts',(7.12045083535846,-3.74584148851923,-0.5));
#3395=CARTESIAN_POINT('Ctrl Pts',(7.11570094078554,-3.73608780087242,-0.5));
#3396=CARTESIAN_POINT('Ctrl Pts',(7.10854220737542,-3.72149352592152,-0.5));
#3397=CARTESIAN_POINT('Ctrl Pts',(7.09892942384368,-3.70210702976534,-0.5));
#3398=CARTESIAN_POINT('Ctrl Pts',(7.08680031465906,-3.67799500650704,-0.5));
#3399=CARTESIAN_POINT('Ctrl Pts',(7.0745579399213,-3.65400444358823,-0.5));
#3400=CARTESIAN_POINT('Ctrl Pts',(7.06220219893902,-3.63013588687882,-0.5));
#3401=CARTESIAN_POINT('Ctrl Pts',(7.04973307411984,-3.60639008238109,-0.5));
#3402=CARTESIAN_POINT('Ctrl Pts',(7.03715068777779,-3.58276800043906,-0.5));
#3403=CARTESIAN_POINT('Ctrl Pts',(7.02445526774421,-3.55927078148372,-0.5));
#3404=CARTESIAN_POINT('Ctrl Pts',(7.0116471036944,-3.53589967341081,-0.5));
#3405=CARTESIAN_POINT('Ctrl Pts',(6.9987265066616,-3.51265596927433,-0.5));
#3406=CARTESIAN_POINT('Ctrl Pts',(6.98569377040215,-3.48954094844464,-0.5));
#3407=CARTESIAN_POINT('Ctrl Pts',(6.97254912678815,-3.4665558038155,-0.5));
#3408=CARTESIAN_POINT('Ctrl Pts',(6.9592927506674,-3.44370166222147,-0.5));
#3409=CARTESIAN_POINT('Ctrl Pts',(6.9459247770189,-3.42097962617444,-0.5));
#3410=CARTESIAN_POINT('Ctrl Pts',(6.93244531505159,-3.39839080876233,-0.5));
#3411=CARTESIAN_POINT('Ctrl Pts',(6.9188544634034,-3.37593636727681,-0.5));
#3412=CARTESIAN_POINT('Ctrl Pts',(6.90515232814324,-3.35361754451092,-0.5));
#3413=CARTESIAN_POINT('Ctrl Pts',(6.89133902556494,-3.33143565834641,-0.5));
#3414=CARTESIAN_POINT('Ctrl Pts',(6.87741467912397,-3.30939207225659,-0.5));
#3415=CARTESIAN_POINT('Ctrl Pts',(6.8633794195758,-3.28748816925645,-0.5));
#3416=CARTESIAN_POINT('Ctrl Pts',(6.849233383498,-3.26572532777042,-0.5));
#3417=CARTESIAN_POINT('Ctrl Pts',(6.83497671612654,-3.2441048847404,-0.5));
#3418=CARTESIAN_POINT('Ctrl Pts',(6.82060955916154,-3.22262815851376,-0.5));
#3419=CARTESIAN_POINT('Ctrl Pts',(6.80613203239294,-3.20129649969241,-0.5));
#3420=CARTESIAN_POINT('Ctrl Pts',(6.79154421646174,-3.18011133566183,-0.5));
#3421=CARTESIAN_POINT('Ctrl Pts',(6.77684613931061,-3.15907420915158,-0.5));
#3422=CARTESIAN_POINT('Ctrl Pts',(6.76203775334704,-3.13818683739916,-0.5));
#3423=CARTESIAN_POINT('Ctrl Pts',(6.74711895650253,-3.11745107341763,-0.5));
#3424=CARTESIAN_POINT('Ctrl Pts',(6.73208963782543,-3.09686881169379,-0.5));
#3425=CARTESIAN_POINT('Ctrl Pts',(6.71694972051712,-3.07644190167325,-0.5));
#3426=CARTESIAN_POINT('Ctrl Pts',(6.70169919764468,-3.05617207492754,-0.5));
#3427=CARTESIAN_POINT('Ctrl Pts',(6.68633819477682,-3.03606082038391,-0.5));
#3428=CARTESIAN_POINT('Ctrl Pts',(6.67086692044902,-3.01610947933049,-0.5));
#3429=CARTESIAN_POINT('Ctrl Pts',(6.65528554565749,-2.99631947997522,-0.5));
#3430=CARTESIAN_POINT('Ctrl Pts',(6.63959409556919,-2.97669254799396,-0.5));
#3431=CARTESIAN_POINT('Ctrl Pts',(6.62379235801814,-2.95723088533909,-0.5));
#3432=CARTESIAN_POINT('Ctrl Pts',(6.60787973291245,-2.93793746301693,-0.5));
#3433=CARTESIAN_POINT('Ctrl Pts',(6.59185533652843,-2.91881582313971,-0.5));
#3434=CARTESIAN_POINT('Ctrl Pts',(6.57571827420553,-2.89986955665289,-0.5));
#3435=CARTESIAN_POINT('Ctrl Pts',(6.55946788701478,-2.88110183170717,-0.5));
#3436=CARTESIAN_POINT('Ctrl Pts',(6.54310395960986,-2.86251499651768,-0.5));
#3437=CARTESIAN_POINT('Ctrl Pts',(6.52662707149237,-2.84410990749756,-0.5));
#3438=CARTESIAN_POINT('Ctrl Pts',(6.51003833275307,-2.82588643807386,-0.5));
#3439=CARTESIAN_POINT('Ctrl Pts',(6.49333872694351,-2.80784474131209,-0.5));
#3440=CARTESIAN_POINT('Ctrl Pts',(6.47652851845473,-2.78998638883179,-0.5));
#3441=CARTESIAN_POINT('Ctrl Pts',(6.45960675012547,-2.77231533731661,-0.5));
#3442=CARTESIAN_POINT('Ctrl Pts',(6.4425704108483,-2.75483952702889,-0.5));
#3443=CARTESIAN_POINT('Ctrl Pts',(6.4254150884722,-2.7375696365924,-0.5));
#3444=CARTESIAN_POINT('Ctrl Pts',(6.40813646976528,-2.72051621627377,-0.5));
#3445=CARTESIAN_POINT('Ctrl Pts',(6.39073170535801,-2.70368707954015,-0.5));
#3446=CARTESIAN_POINT('Ctrl Pts',(6.37320056392484,-2.68708509931483,-0.5));
#3447=CARTESIAN_POINT('Ctrl Pts',(6.35554735556116,-2.67070452915475,-0.5));
#3448=CARTESIAN_POINT('Ctrl Pts',(6.33777913549557,-2.65453445810827,-0.5));
#3449=CARTESIAN_POINT('Ctrl Pts',(6.31990215822065,-2.6385656214799,-0.5));
#3450=CARTESIAN_POINT('Ctrl Pts',(6.30191862117336,-2.62279665553683,-0.5));
#3451=CARTESIAN_POINT('Ctrl Pts',(6.28382386325352,-2.60723948225889,-0.5));
#3452=CARTESIAN_POINT('Ctrl Pts',(6.26560189150288,-2.59192789491881,-0.5));
#3453=CARTESIAN_POINT('Ctrl Pts',(6.2472301491417,-2.57690845353078,-0.5));
#3454=CARTESIAN_POINT('Ctrl Pts',(6.22868753180165,-2.56222516990243,-0.5));
#3455=CARTESIAN_POINT('Ctrl Pts',(6.20996185427052,-2.54790522963503,-0.5));
#3456=CARTESIAN_POINT('Ctrl Pts',(6.19105641109126,-2.53394648380887,-0.5));
#3457=CARTESIAN_POINT('Ctrl Pts',(6.1719999113201,-2.52029839319329,-0.5));
#3458=CARTESIAN_POINT('Ctrl Pts',(6.1528326727449,-2.50688900177925,-0.5));
#3459=CARTESIAN_POINT('Ctrl Pts',(6.1335872626399,-2.49366266359779,-0.5));
#3460=CARTESIAN_POINT('Ctrl Pts',(6.11427041708384,-2.48061532091505,-0.5));
#3461=CARTESIAN_POINT('Ctrl Pts',(6.09484578515468,-2.46782811796267,-0.5));
#3462=CARTESIAN_POINT('Ctrl Pts',(6.07521257018613,-2.45550914393572,-0.5));
#3463=CARTESIAN_POINT('Ctrl Pts',(6.05523366578523,-2.44393727355458,-0.5));
#3464=CARTESIAN_POINT('Ctrl Pts',(6.03886246050789,-2.43550297788716,-0.5));
#3465=CARTESIAN_POINT('Ctrl Pts',(6.02631633183274,-2.42973991767658,-0.5));
#3466=CARTESIAN_POINT('Ctrl Pts',(6.01782693474197,-2.42616065995251,-0.5));
#3467=CARTESIAN_POINT('Ctrl Pts',(6.01355090801899,-2.4244367273887,-0.5));
#3468=CARTESIAN_POINT('',(8.04390537022454,-0.313187475600057,-0.5));
#3469=CARTESIAN_POINT('Origin',(-4.86277684785819E-13,6.31088724176809E-29,
-0.499999999999998));
#3470=CARTESIAN_POINT('',(6.42010621698977,-0.907151658222881,-0.5));
#3471=CARTESIAN_POINT('Ctrl Pts',(6.42010621698977,-0.907151658222881,-0.5));
#3472=CARTESIAN_POINT('Ctrl Pts',(6.42467133104104,-0.907796702189697,-0.5));
#3473=CARTESIAN_POINT('Ctrl Pts',(6.43381299344649,-0.90894167261934,-0.5));
#3474=CARTESIAN_POINT('Ctrl Pts',(6.44755978970361,-0.910223780411022,-0.5));
#3475=CARTESIAN_POINT('Ctrl Pts',(6.46595481719808,-0.911105068738672,-0.5));
#3476=CARTESIAN_POINT('Ctrl Pts',(6.4890429911396,-0.911072987219754,-0.5));
#3477=CARTESIAN_POINT('Ctrl Pts',(6.5122053410738,-0.910221050248129,-0.5));
#3478=CARTESIAN_POINT('Ctrl Pts',(6.53542116725981,-0.908859323612599,-0.5));
#3479=CARTESIAN_POINT('Ctrl Pts',(6.5586737175737,-0.907218416175499,-0.5));
#3480=CARTESIAN_POINT('Ctrl Pts',(6.58195390072161,-0.905386776363815,-0.5));
#3481=CARTESIAN_POINT('Ctrl Pts',(6.60525791195515,-0.903357522037563,-0.5));
#3482=CARTESIAN_POINT('Ctrl Pts',(6.62858537017198,-0.901066178736901,-0.5));
#3483=CARTESIAN_POINT('Ctrl Pts',(6.6519373371481,-0.898430271836105,-0.5));
#3484=CARTESIAN_POINT('Ctrl Pts',(6.67531421972684,-0.895391678549427,-0.5));
#3485=CARTESIAN_POINT('Ctrl Pts',(6.69871423921015,-0.891946890586322,-0.5));
#3486=CARTESIAN_POINT('Ctrl Pts',(6.72213435550073,-0.888125543974225,-0.5));
#3487=CARTESIAN_POINT('Ctrl Pts',(6.74557083961386,-0.883976306240781,-0.5));
#3488=CARTESIAN_POINT('Ctrl Pts',(6.76901994628675,-0.879550777930927,-0.5));
#3489=CARTESIAN_POINT('Ctrl Pts',(6.79247862919114,-0.874886221356462,-0.5));
#3490=CARTESIAN_POINT('Ctrl Pts',(6.81594496396828,-0.869995291804869,-0.5));
#3491=CARTESIAN_POINT('Ctrl Pts',(6.83941772944835,-0.864875709530408,-0.5));
#3492=CARTESIAN_POINT('Ctrl Pts',(6.86289614142963,-0.859516323825147,-0.5));
#3493=CARTESIAN_POINT('Ctrl Pts',(6.88637954538076,-0.853904157913483,-0.5));
#3494=CARTESIAN_POINT('Ctrl Pts',(6.90986708187115,-0.848032080182034,-0.5));
#3495=CARTESIAN_POINT('Ctrl Pts',(6.93335751477297,-0.84190269431815,-0.5));
#3496=CARTESIAN_POINT('Ctrl Pts',(6.95684940497902,-0.835524191667621,-0.5));
#3497=CARTESIAN_POINT('Ctrl Pts',(6.9803412127244,-0.828907865645332,-0.5));
#3498=CARTESIAN_POINT('Ctrl Pts',(7.00383141973208,-0.822065170286232,-0.5));
#3499=CARTESIAN_POINT('Ctrl Pts',(7.02731866356643,-0.815004487612946,-0.5));
#3500=CARTESIAN_POINT('Ctrl Pts',(7.05080179481158,-0.807729722794659,-0.5));
#3501=CARTESIAN_POINT('Ctrl Pts',(7.0742797986884,-0.800242104698291,-0.5));
#3502=CARTESIAN_POINT('Ctrl Pts',(7.09775174688353,-0.792541274106697,-0.5));
#3503=CARTESIAN_POINT('Ctrl Pts',(7.12121674131662,-0.784626566359105,-0.5));
#3504=CARTESIAN_POINT('Ctrl Pts',(7.14467385191801,-0.776498433380251,-0.5));
#3505=CARTESIAN_POINT('Ctrl Pts',(7.1681220910755,-0.768159016457242,-0.5));
#3506=CARTESIAN_POINT('Ctrl Pts',(7.19156044536297,-0.75961138875356,-0.5));
#3507=CARTESIAN_POINT('Ctrl Pts',(7.21498789410648,-0.750859107449479,-0.5));
#3508=CARTESIAN_POINT('Ctrl Pts',(7.23840343157706,-0.741905681965997,-0.5));
#3509=CARTESIAN_POINT('Ctrl Pts',(7.26180609196637,-0.732753985316028,-0.5));
#3510=CARTESIAN_POINT('Ctrl Pts',(7.28519495803936,-0.723406030529254,-0.5));
#3511=CARTESIAN_POINT('Ctrl Pts',(7.30856914516286,-0.713863299501327,-0.5));
#3512=CARTESIAN_POINT('Ctrl Pts',(7.33192779114585,-0.704126943598497,-0.5));
#3513=CARTESIAN_POINT('Ctrl Pts',(7.35527004474723,-0.694198020142615,-0.5));
#3514=CARTESIAN_POINT('Ctrl Pts',(7.3785950527577,-0.684077755798166,-0.5));
#3515=CARTESIAN_POINT('Ctrl Pts',(7.40190195539556,-0.673767653616532,-0.5));
#3516=CARTESIAN_POINT('Ctrl Pts',(7.42518989444757,-0.663269353663904,-0.5));
#3517=CARTESIAN_POINT('Ctrl Pts',(7.44845801875727,-0.652584552089805,-0.5));
#3518=CARTESIAN_POINT('Ctrl Pts',(7.47170549021206,-0.641714904684869,-0.5));
#3519=CARTESIAN_POINT('Ctrl Pts',(7.49493149140951,-0.630661922416644,-0.5));
#3520=CARTESIAN_POINT('Ctrl Pts',(7.51813522678576,-0.619426927356793,-0.5));
#3521=CARTESIAN_POINT('Ctrl Pts',(7.54131591281093,-0.608011115336903,-0.5));
#3522=CARTESIAN_POINT('Ctrl Pts',(7.56447277044292,-0.59641559611756,-0.5));
#3523=CARTESIAN_POINT('Ctrl Pts',(7.58760501779217,-0.584641440571026,-0.5));
#3524=CARTESIAN_POINT('Ctrl Pts',(7.61071186060966,-0.572689733904962,-0.5));
#3525=CARTESIAN_POINT('Ctrl Pts',(7.63379249140354,-0.560561601581151,-0.5));
#3526=CARTESIAN_POINT('Ctrl Pts',(7.65684610542876,-0.548258175947976,-0.5));
#3527=CARTESIAN_POINT('Ctrl Pts',(7.6798719140331,-0.535780576080236,-0.5));
#3528=CARTESIAN_POINT('Ctrl Pts',(7.70286915756226,-0.523129885150076,-0.5));
#3529=CARTESIAN_POINT('Ctrl Pts',(7.72583712276135,-0.5103071264134,-0.5));
#3530=CARTESIAN_POINT('Ctrl Pts',(7.74877514556158,-0.497313252795216,-0.5));
#3531=CARTESIAN_POINT('Ctrl Pts',(7.77168257484129,-0.484149173653467,-0.5));
#3532=CARTESIAN_POINT('Ctrl Pts',(7.79455874244928,-0.470815776301977,-0.5));
#3533=CARTESIAN_POINT('Ctrl Pts',(7.81740293354563,-0.457313949184186,-0.5));
#3534=CARTESIAN_POINT('Ctrl Pts',(7.84021435087634,-0.443644609440336,-0.5));
#3535=CARTESIAN_POINT('Ctrl Pts',(7.86299210035576,-0.429808718159518,-0.5));
#3536=CARTESIAN_POINT('Ctrl Pts',(7.88573526609423,-0.415807239642698,-0.5));
#3537=CARTESIAN_POINT('Ctrl Pts',(7.90844297327769,-0.40164110976165,-0.5));
#3538=CARTESIAN_POINT('Ctrl Pts',(7.93111445438293,-0.387311202242902,-0.5));
#3539=CARTESIAN_POINT('Ctrl Pts',(7.95374911831087,-0.372818296272026,-0.5));
#3540=CARTESIAN_POINT('Ctrl Pts',(7.97634660729582,-0.358163046702123,-0.5));
#3541=CARTESIAN_POINT('Ctrl Pts',(7.99890673560413,-0.343345976616105,-0.5));
#3542=CARTESIAN_POINT('Ctrl Pts',(8.01692489842179,-0.331363170220354,-0.5));
#3543=CARTESIAN_POINT('Ctrl Pts',(8.03042168088932,-0.322303524068118,-0.5));
#3544=CARTESIAN_POINT('Ctrl Pts',(8.03941205407817,-0.31623153007186,-0.5));
#3545=CARTESIAN_POINT('Ctrl Pts',(8.04390537022454,-0.313187475600057,-0.5));
#3546=CARTESIAN_POINT('',(6.07981204195579,-0.859068586894755,-0.5));
#3547=CARTESIAN_POINT('',(5.50476945186989,-0.777815906407205,-0.5));
#3548=CARTESIAN_POINT('',(5.41274832934926,-1.31184176851737,-0.5));
#3549=CARTESIAN_POINT('Origin',(5.99586676969967,-1.45316722455171,-0.5));
#3550=CARTESIAN_POINT('',(5.34349844176693,-1.57028586739308,-0.5));
#3551=CARTESIAN_POINT('Origin',(0.,0.,-0.5));
#3552=CARTESIAN_POINT('',(5.69480597201563,-2.29593080113384,-0.5));
#3553=CARTESIAN_POINT('Origin',(5.9191565525427,-1.73945365244113,-0.5));
#3554=CARTESIAN_POINT('',(5.15617814049947,-2.07877639151869,-0.5));
#3555=CARTESIAN_POINT('Origin',(-5.32907051820075E-13,8.97060203897126E-13,
-0.499999999999998));
#3556=CARTESIAN_POINT('',(3.99566948960108,5.10639924979611,-0.5));
#3557=CARTESIAN_POINT('',(4.29318099512904,6.80963265845249,-0.5));
#3558=CARTESIAN_POINT('Ctrl Pts',(3.99566948960108,5.10639924979611,-0.5));
#3559=CARTESIAN_POINT('Ctrl Pts',(3.99851067108854,5.11003023255228,-0.5));
#3560=CARTESIAN_POINT('Ctrl Pts',(4.00407307576991,5.1173746592134,-0.5));
#3561=CARTESIAN_POINT('Ctrl Pts',(4.01205681181646,5.12863868009687,-0.5));
#3562=CARTESIAN_POINT('Ctrl Pts',(4.0220175436435,5.14412859704656,-0.5));
#3563=CARTESIAN_POINT('Ctrl Pts',(4.03353384720388,5.16413958296637,-0.5));
#3564=CARTESIAN_POINT('Ctrl Pts',(4.04437722311113,5.18462473490655,-0.5));
#3565=CARTESIAN_POINT('Ctrl Pts',(4.05480584634476,5.20541109347124,-0.5));
#3566=CARTESIAN_POINT('Ctrl Pts',(4.06501105397592,5.2263688464644,-0.5));
#3567=CARTESIAN_POINT('Ctrl Pts',(4.07506489894237,5.24744589638109,-0.5));
#3568=CARTESIAN_POINT('Ctrl Pts',(4.08495951876187,5.26864238928253,-0.5));
#3569=CARTESIAN_POINT('Ctrl Pts',(4.09463888636312,5.28999023235436,-0.5));
#3570=CARTESIAN_POINT('Ctrl Pts',(4.10403210751308,5.31153158243441,-0.5));
#3571=CARTESIAN_POINT('Ctrl Pts',(4.11308904982442,5.33329585325223,-0.5));
#3572=CARTESIAN_POINT('Ctrl Pts',(4.12180578567937,5.35528325855538,-0.5));
#3573=CARTESIAN_POINT('Ctrl Pts',(4.13020646058192,5.37747634752865,-0.5));
#3574=CARTESIAN_POINT('Ctrl Pts',(4.13833135735498,5.39984755701274,-0.5));
#3575=CARTESIAN_POINT('Ctrl Pts',(4.14622329074992,5.42236784324244,-0.5));
#3576=CARTESIAN_POINT('Ctrl Pts',(4.15391300771124,5.44501593686419,-0.5));
#3577=CARTESIAN_POINT('Ctrl Pts',(4.16141050586001,5.46778384369071,-0.5));
#3578=CARTESIAN_POINT('Ctrl Pts',(4.1687132002936,5.49067164603075,-0.5));
#3579=CARTESIAN_POINT('Ctrl Pts',(4.17581104211481,5.51368424009969,-0.5));
#3580=CARTESIAN_POINT('Ctrl Pts',(4.18269246584062,5.53682754744453,-0.5));
#3581=CARTESIAN_POINT('Ctrl Pts',(4.18935086559738,5.56010438958324,-0.5));
#3582=CARTESIAN_POINT('Ctrl Pts',(4.19578787818057,5.58351239415406,-0.5));
#3583=CARTESIAN_POINT('Ctrl Pts',(4.20200987795013,5.60704621918068,-0.5));
#3584=CARTESIAN_POINT('Ctrl Pts',(4.2080258754078,5.63069888448014,-0.5));
#3585=CARTESIAN_POINT('Ctrl Pts',(4.2138450309003,5.6544633481685,-0.5));
#3586=CARTESIAN_POINT('Ctrl Pts',(4.21947392225435,5.67833423933057,-0.5));
#3587=CARTESIAN_POINT('Ctrl Pts',(4.22491535673773,5.70230860995841,-0.5));
#3588=CARTESIAN_POINT('Ctrl Pts',(4.23016989119085,5.72638496679408,-0.5));
#3589=CARTESIAN_POINT('Ctrl Pts',(4.23523675036585,5.75056268550316,-0.5));
#3590=CARTESIAN_POINT('Ctrl Pts',(4.24011490960945,5.77484132065568,-0.5));
#3591=CARTESIAN_POINT('Ctrl Pts',(4.24480429526512,5.79921984082528,-0.5));
#3592=CARTESIAN_POINT('Ctrl Pts',(4.24930626793579,5.82369632007119,-0.5));
#3593=CARTESIAN_POINT('Ctrl Pts',(4.25362298234605,5.84826834415889,-0.5));
#3594=CARTESIAN_POINT('Ctrl Pts',(4.2577570087674,5.87293325056867,-0.5));
#3595=CARTESIAN_POINT('Ctrl Pts',(4.2617108835831,5.89768841360319,-0.5));
#3596=CARTESIAN_POINT('Ctrl Pts',(4.26548661199116,5.92253156034146,-0.5));
#3597=CARTESIAN_POINT('Ctrl Pts',(4.26908547870888,5.94746088991977,-0.5));
#3598=CARTESIAN_POINT('Ctrl Pts',(4.27250832477896,5.97247489527549,-0.5));
#3599=CARTESIAN_POINT('Ctrl Pts',(4.27575571621832,5.99757225404619,-0.5));
#3600=CARTESIAN_POINT('Ctrl Pts',(4.27882814307399,6.0227517003745,-0.5));
#3601=CARTESIAN_POINT('Ctrl Pts',(4.28172624106391,6.04801188202727,-0.5));
#3602=CARTESIAN_POINT('Ctrl Pts',(4.28445088197793,6.073351302886,-0.5));
#3603=CARTESIAN_POINT('Ctrl Pts',(4.28700305704841,6.09876839968314,-0.5));
#3604=CARTESIAN_POINT('Ctrl Pts',(4.2893838096057,6.12426158722081,-0.5));
#3605=CARTESIAN_POINT('Ctrl Pts',(4.29159415455024,6.14982931177687,-0.5));
#3606=CARTESIAN_POINT('Ctrl Pts',(4.2936349917171,6.1754701099763,-0.5));
#3607=CARTESIAN_POINT('Ctrl Pts',(4.295507068272,6.20118263180475,-0.5));
#3608=CARTESIAN_POINT('Ctrl Pts',(4.29721102807053,6.22696560078964,-0.5));
#3609=CARTESIAN_POINT('Ctrl Pts',(4.29874744267251,6.25281778738044,-0.5));
#3610=CARTESIAN_POINT('Ctrl Pts',(4.30011684853572,6.27873797900478,-0.5));
#3611=CARTESIAN_POINT('Ctrl Pts',(4.30131978835308,6.30472494521901,-0.5));
#3612=CARTESIAN_POINT('Ctrl Pts',(4.30235683305714,6.33077742398379,-0.5));
#3613=CARTESIAN_POINT('Ctrl Pts',(4.30322856091785,6.35689415219526,-0.5));
#3614=CARTESIAN_POINT('Ctrl Pts',(4.3039355467563,6.38307388732317,-0.5));
#3615=CARTESIAN_POINT('Ctrl Pts',(4.30447834879993,6.40931542990151,-0.5));
#3616=CARTESIAN_POINT('Ctrl Pts',(4.30485749658692,6.43561765060551,-0.5));
#3617=CARTESIAN_POINT('Ctrl Pts',(4.30507348334012,6.46197949787218,-0.5));
#3618=CARTESIAN_POINT('Ctrl Pts',(4.30512677102579,6.48839995313468,-0.5));
#3619=CARTESIAN_POINT('Ctrl Pts',(4.30501779400465,6.51487799410018,-0.5));
#3620=CARTESIAN_POINT('Ctrl Pts',(4.30474696427131,6.54141255747742,-0.5));
#3621=CARTESIAN_POINT('Ctrl Pts',(4.30431467746553,6.56800249425406,-0.5));
#3622=CARTESIAN_POINT('Ctrl Pts',(4.30372131887205,6.59464654958469,-0.5));
#3623=CARTESIAN_POINT('Ctrl Pts',(4.30296726565517,6.62134344813509,-0.5));
#3624=CARTESIAN_POINT('Ctrl Pts',(4.30205289089661,6.64809196435819,-0.5));
#3625=CARTESIAN_POINT('Ctrl Pts',(4.30097856750411,6.67489099669613,-0.5));
#3626=CARTESIAN_POINT('Ctrl Pts',(4.29974467472264,6.70173964364928,-0.5));
#3627=CARTESIAN_POINT('Ctrl Pts',(4.29835160078878,6.72863726795694,-0.5));
#3628=CARTESIAN_POINT('Ctrl Pts',(4.29679970583879,6.75558344722758,-0.5));
#3629=CARTESIAN_POINT('Ctrl Pts',(4.29543137250027,6.77717903715507,-0.5));
#3630=CARTESIAN_POINT('Ctrl Pts',(4.2943338800169,6.79339741671742,-0.5));
#3631=CARTESIAN_POINT('Ctrl Pts',(4.29357056555894,6.8042193052866,-0.5));
#3632=CARTESIAN_POINT('Ctrl Pts',(4.29318099512904,6.8096326584525,-0.5));
#3633=CARTESIAN_POINT('',(3.78388124082195,4.83573738512088,-0.5));
#3634=CARTESIAN_POINT('',(3.4259930603512,4.37836223409226,-0.5));
#3635=CARTESIAN_POINT('',(3.84246246195618,4.03165667324955,-0.5));
#3636=CARTESIAN_POINT('Origin',(4.25641311725854,4.465989327991,-0.5));
#3637=CARTESIAN_POINT('',(4.03165667324955,3.84246246195618,-0.5));
#3638=CARTESIAN_POINT('Origin',(0.,0.,-0.5));
#3639=CARTESIAN_POINT('',(4.83573738512088,3.78388124082195,-0.5));
#3640=CARTESIAN_POINT('Origin',(4.465989327991,4.25641311725854,-0.5));
#3641=CARTESIAN_POINT('',(5.10639924979611,3.99566948960108,-0.5));
#3642=CARTESIAN_POINT('',(4.37836223409226,3.4259930603512,-0.5));
#3643=CARTESIAN_POINT('',(6.8096326584525,4.29318099512903,-0.5));
#3644=CARTESIAN_POINT('Ctrl Pts',(6.8096326584525,4.29318099512904,-0.5));
#3645=CARTESIAN_POINT('Ctrl Pts',(6.8042193052866,4.29357056555894,-0.5));
#3646=CARTESIAN_POINT('Ctrl Pts',(6.79339741671742,4.2943338800169,-0.5));
#3647=CARTESIAN_POINT('Ctrl Pts',(6.77717903715507,4.29543137250027,-0.5));
#3648=CARTESIAN_POINT('Ctrl Pts',(6.75558344722758,4.29679970583879,-0.5));
#3649=CARTESIAN_POINT('Ctrl Pts',(6.72863726795694,4.29835160078878,-0.5));
#3650=CARTESIAN_POINT('Ctrl Pts',(6.70173964364928,4.29974467472264,-0.5));
#3651=CARTESIAN_POINT('Ctrl Pts',(6.67489099669613,4.30097856750411,-0.5));
#3652=CARTESIAN_POINT('Ctrl Pts',(6.64809196435819,4.30205289089661,-0.5));
#3653=CARTESIAN_POINT('Ctrl Pts',(6.62134344813509,4.30296726565517,-0.5));
#3654=CARTESIAN_POINT('Ctrl Pts',(6.59464654958469,4.30372131887205,-0.5));
#3655=CARTESIAN_POINT('Ctrl Pts',(6.56800249425406,4.30431467746553,-0.5));
#3656=CARTESIAN_POINT('Ctrl Pts',(6.54141255747742,4.30474696427131,-0.5));
#3657=CARTESIAN_POINT('Ctrl Pts',(6.51487799410018,4.30501779400464,-0.5));
#3658=CARTESIAN_POINT('Ctrl Pts',(6.48839995313468,4.30512677102579,-0.5));
#3659=CARTESIAN_POINT('Ctrl Pts',(6.46197949787219,4.30507348334012,-0.5));
#3660=CARTESIAN_POINT('Ctrl Pts',(6.43561765060551,4.30485749658692,-0.5));
#3661=CARTESIAN_POINT('Ctrl Pts',(6.40931542990152,4.30447834879993,-0.5));
#3662=CARTESIAN_POINT('Ctrl Pts',(6.38307388732317,4.3039355467563,-0.5));
#3663=CARTESIAN_POINT('Ctrl Pts',(6.35689415219526,4.30322856091785,-0.5));
#3664=CARTESIAN_POINT('Ctrl Pts',(6.33077742398379,4.30235683305714,-0.5));
#3665=CARTESIAN_POINT('Ctrl Pts',(6.30472494521902,4.30131978835308,-0.5));
#3666=CARTESIAN_POINT('Ctrl Pts',(6.27873797900478,4.30011684853572,-0.5));
#3667=CARTESIAN_POINT('Ctrl Pts',(6.25281778738044,4.29874744267251,-0.5));
#3668=CARTESIAN_POINT('Ctrl Pts',(6.22696560078964,4.29721102807053,-0.5));
#3669=CARTESIAN_POINT('Ctrl Pts',(6.20118263180475,4.295507068272,-0.5));
#3670=CARTESIAN_POINT('Ctrl Pts',(6.1754701099763,4.2936349917171,-0.5));
#3671=CARTESIAN_POINT('Ctrl Pts',(6.14982931177687,4.29159415455024,-0.5));
#3672=CARTESIAN_POINT('Ctrl Pts',(6.12426158722081,4.2893838096057,-0.5));
#3673=CARTESIAN_POINT('Ctrl Pts',(6.09876839968314,4.28700305704841,-0.5));
#3674=CARTESIAN_POINT('Ctrl Pts',(6.073351302886,4.28445088197793,-0.5));
#3675=CARTESIAN_POINT('Ctrl Pts',(6.04801188202727,4.28172624106391,-0.5));
#3676=CARTESIAN_POINT('Ctrl Pts',(6.0227517003745,4.27882814307398,-0.5));
#3677=CARTESIAN_POINT('Ctrl Pts',(5.99757225404619,4.27575571621832,-0.5));
#3678=CARTESIAN_POINT('Ctrl Pts',(5.97247489527549,4.27250832477896,-0.5));
#3679=CARTESIAN_POINT('Ctrl Pts',(5.94746088991977,4.26908547870887,-0.5));
#3680=CARTESIAN_POINT('Ctrl Pts',(5.92253156034146,4.26548661199116,-0.5));
#3681=CARTESIAN_POINT('Ctrl Pts',(5.89768841360319,4.2617108835831,-0.5));
#3682=CARTESIAN_POINT('Ctrl Pts',(5.87293325056867,4.2577570087674,-0.5));
#3683=CARTESIAN_POINT('Ctrl Pts',(5.84826834415889,4.25362298234605,-0.5));
#3684=CARTESIAN_POINT('Ctrl Pts',(5.82369632007119,4.24930626793579,-0.5));
#3685=CARTESIAN_POINT('Ctrl Pts',(5.79921984082529,4.24480429526512,-0.5));
#3686=CARTESIAN_POINT('Ctrl Pts',(5.77484132065568,4.24011490960945,-0.5));
#3687=CARTESIAN_POINT('Ctrl Pts',(5.75056268550316,4.23523675036585,-0.5));
#3688=CARTESIAN_POINT('Ctrl Pts',(5.72638496679408,4.23016989119085,-0.5));
#3689=CARTESIAN_POINT('Ctrl Pts',(5.70230860995841,4.22491535673773,-0.5));
#3690=CARTESIAN_POINT('Ctrl Pts',(5.67833423933057,4.21947392225435,-0.5));
#3691=CARTESIAN_POINT('Ctrl Pts',(5.6544633481685,4.2138450309003,-0.5));
#3692=CARTESIAN_POINT('Ctrl Pts',(5.63069888448014,4.2080258754078,-0.5));
#3693=CARTESIAN_POINT('Ctrl Pts',(5.60704621918068,4.20200987795013,-0.5));
#3694=CARTESIAN_POINT('Ctrl Pts',(5.58351239415406,4.19578787818057,-0.5));
#3695=CARTESIAN_POINT('Ctrl Pts',(5.56010438958324,4.18935086559738,-0.5));
#3696=CARTESIAN_POINT('Ctrl Pts',(5.53682754744453,4.18269246584062,-0.5));
#3697=CARTESIAN_POINT('Ctrl Pts',(5.51368424009969,4.17581104211481,-0.5));
#3698=CARTESIAN_POINT('Ctrl Pts',(5.49067164603075,4.1687132002936,-0.5));
#3699=CARTESIAN_POINT('Ctrl Pts',(5.46778384369071,4.16141050586001,-0.5));
#3700=CARTESIAN_POINT('Ctrl Pts',(5.44501593686419,4.15391300771124,-0.5));
#3701=CARTESIAN_POINT('Ctrl Pts',(5.42236784324244,4.14622329074992,-0.5));
#3702=CARTESIAN_POINT('Ctrl Pts',(5.39984755701274,4.13833135735498,-0.5));
#3703=CARTESIAN_POINT('Ctrl Pts',(5.37747634752865,4.13020646058192,-0.5));
#3704=CARTESIAN_POINT('Ctrl Pts',(5.35528325855538,4.12180578567937,-0.5));
#3705=CARTESIAN_POINT('Ctrl Pts',(5.33329585325223,4.11308904982441,-0.5));
#3706=CARTESIAN_POINT('Ctrl Pts',(5.31153158243441,4.10403210751308,-0.5));
#3707=CARTESIAN_POINT('Ctrl Pts',(5.28999023235437,4.09463888636312,-0.5));
#3708=CARTESIAN_POINT('Ctrl Pts',(5.26864238928253,4.08495951876187,-0.5));
#3709=CARTESIAN_POINT('Ctrl Pts',(5.24744589638109,4.07506489894237,-0.5));
#3710=CARTESIAN_POINT('Ctrl Pts',(5.2263688464644,4.06501105397592,-0.5));
#3711=CARTESIAN_POINT('Ctrl Pts',(5.20541109347124,4.05480584634476,-0.5));
#3712=CARTESIAN_POINT('Ctrl Pts',(5.18462473490655,4.04437722311113,-0.5));
#3713=CARTESIAN_POINT('Ctrl Pts',(5.16413958296638,4.03353384720388,-0.5));
#3714=CARTESIAN_POINT('Ctrl Pts',(5.14412859704656,4.02201754364349,-0.5));
#3715=CARTESIAN_POINT('Ctrl Pts',(5.12863868009687,4.01205681181646,-0.5));
#3716=CARTESIAN_POINT('Ctrl Pts',(5.1173746592134,4.00407307576991,-0.5));
#3717=CARTESIAN_POINT('Ctrl Pts',(5.11003023255228,3.99851067108853,-0.5));
#3718=CARTESIAN_POINT('Ctrl Pts',(5.10639924979611,3.99566948960108,-0.5));
#3719=CARTESIAN_POINT('Origin',(-4.86277684785819E-13,6.31088724176809E-29,
-0.499999999999998));
#3720=CARTESIAN_POINT('Origin',(-5.32907051820075E-13,8.97060203897126E-13,
-0.499999999999998));
#3721=CARTESIAN_POINT('',(-2.42443672738869,6.013550908019,-0.5));
#3722=CARTESIAN_POINT('',(-3.7507243750955,7.12282013405255,-0.5));
#3723=CARTESIAN_POINT('Ctrl Pts',(-2.42443672738869,6.013550908019,-0.5));
#3724=CARTESIAN_POINT('Ctrl Pts',(-2.42616065995251,6.01782693474198,-0.5));
#3725=CARTESIAN_POINT('Ctrl Pts',(-2.42973991767658,6.02631633183274,-0.5));
#3726=CARTESIAN_POINT('Ctrl Pts',(-2.43550297788715,6.03886246050789,-0.5));
#3727=CARTESIAN_POINT('Ctrl Pts',(-2.44393727355458,6.05523366578524,-0.5));
#3728=CARTESIAN_POINT('Ctrl Pts',(-2.45550914393572,6.07521257018613,-0.5));
#3729=CARTESIAN_POINT('Ctrl Pts',(-2.46782811796267,6.09484578515468,-0.5));
#3730=CARTESIAN_POINT('Ctrl Pts',(-2.48061532091505,6.11427041708384,-0.5));
#3731=CARTESIAN_POINT('Ctrl Pts',(-2.49366266359778,6.1335872626399,-0.5));
#3732=CARTESIAN_POINT('Ctrl Pts',(-2.50688900177924,6.15283267274491,-0.5));
#3733=CARTESIAN_POINT('Ctrl Pts',(-2.52029839319328,6.1719999113201,-0.5));
#3734=CARTESIAN_POINT('Ctrl Pts',(-2.53394648380886,6.19105641109127,-0.5));
#3735=CARTESIAN_POINT('Ctrl Pts',(-2.54790522963502,6.20996185427052,-0.5));
#3736=CARTESIAN_POINT('Ctrl Pts',(-2.56222516990243,6.22868753180166,-0.5));
#3737=CARTESIAN_POINT('Ctrl Pts',(-2.57690845353078,6.2472301491417,-0.5));
#3738=CARTESIAN_POINT('Ctrl Pts',(-2.59192789491881,6.26560189150288,-0.5));
#3739=CARTESIAN_POINT('Ctrl Pts',(-2.60723948225888,6.28382386325352,-0.5));
#3740=CARTESIAN_POINT('Ctrl Pts',(-2.62279665553682,6.30191862117337,-0.5));
#3741=CARTESIAN_POINT('Ctrl Pts',(-2.63856562147989,6.31990215822066,-0.5));
#3742=CARTESIAN_POINT('Ctrl Pts',(-2.65453445810827,6.33777913549558,-0.5));
#3743=CARTESIAN_POINT('Ctrl Pts',(-2.67070452915475,6.35554735556116,-0.5));
#3744=CARTESIAN_POINT('Ctrl Pts',(-2.68708509931483,6.37320056392484,-0.5));
#3745=CARTESIAN_POINT('Ctrl Pts',(-2.70368707954014,6.39073170535801,-0.5));
#3746=CARTESIAN_POINT('Ctrl Pts',(-2.72051621627377,6.40813646976528,-0.5));
#3747=CARTESIAN_POINT('Ctrl Pts',(-2.7375696365924,6.42541508847221,-0.5));
#3748=CARTESIAN_POINT('Ctrl Pts',(-2.75483952702889,6.4425704108483,-0.5));
#3749=CARTESIAN_POINT('Ctrl Pts',(-2.7723153373166,6.45960675012548,-0.5));
#3750=CARTESIAN_POINT('Ctrl Pts',(-2.78998638883178,6.47652851845473,-0.5));
#3751=CARTESIAN_POINT('Ctrl Pts',(-2.80784474131208,6.49333872694351,-0.5));
#3752=CARTESIAN_POINT('Ctrl Pts',(-2.82588643807385,6.51003833275307,-0.5));
#3753=CARTESIAN_POINT('Ctrl Pts',(-2.84410990749755,6.52662707149237,-0.5));
#3754=CARTESIAN_POINT('Ctrl Pts',(-2.86251499651768,6.54310395960986,-0.5));
#3755=CARTESIAN_POINT('Ctrl Pts',(-2.88110183170717,6.55946788701478,-0.5));
#3756=CARTESIAN_POINT('Ctrl Pts',(-2.89986955665289,6.57571827420554,-0.5));
#3757=CARTESIAN_POINT('Ctrl Pts',(-2.91881582313971,6.59185533652843,-0.5));
#3758=CARTESIAN_POINT('Ctrl Pts',(-2.93793746301692,6.60787973291245,-0.5));
#3759=CARTESIAN_POINT('Ctrl Pts',(-2.95723088533908,6.62379235801815,-0.5));
#3760=CARTESIAN_POINT('Ctrl Pts',(-2.97669254799396,6.63959409556919,-0.5));
#3761=CARTESIAN_POINT('Ctrl Pts',(-2.99631947997522,6.65528554565749,-0.5));
#3762=CARTESIAN_POINT('Ctrl Pts',(-3.01610947933048,6.67086692044902,-0.5));
#3763=CARTESIAN_POINT('Ctrl Pts',(-3.0360608203839,6.68633819477682,-0.5));
#3764=CARTESIAN_POINT('Ctrl Pts',(-3.05617207492753,6.70169919764469,-0.5));
#3765=CARTESIAN_POINT('Ctrl Pts',(-3.07644190167325,6.71694972051712,-0.5));
#3766=CARTESIAN_POINT('Ctrl Pts',(-3.09686881169379,6.73208963782543,-0.5));
#3767=CARTESIAN_POINT('Ctrl Pts',(-3.11745107341763,6.74711895650254,-0.5));
#3768=CARTESIAN_POINT('Ctrl Pts',(-3.13818683739916,6.76203775334704,-0.5));
#3769=CARTESIAN_POINT('Ctrl Pts',(-3.15907420915157,6.77684613931061,-0.5));
#3770=CARTESIAN_POINT('Ctrl Pts',(-3.18011133566182,6.79154421646175,-0.5));
#3771=CARTESIAN_POINT('Ctrl Pts',(-3.20129649969241,6.80613203239295,-0.5));
#3772=CARTESIAN_POINT('Ctrl Pts',(-3.22262815851376,6.82060955916155,-0.5));
#3773=CARTESIAN_POINT('Ctrl Pts',(-3.24410488474039,6.83497671612655,-0.5));
#3774=CARTESIAN_POINT('Ctrl Pts',(-3.26572532777041,6.84923338349801,-0.5));
#3775=CARTESIAN_POINT('Ctrl Pts',(-3.28748816925644,6.86337941957581,-0.5));
#3776=CARTESIAN_POINT('Ctrl Pts',(-3.30939207225658,6.87741467912398,-0.5));
#3777=CARTESIAN_POINT('Ctrl Pts',(-3.3314356583464,6.89133902556494,-0.5));
#3778=CARTESIAN_POINT('Ctrl Pts',(-3.35361754451091,6.90515232814324,-0.5));
#3779=CARTESIAN_POINT('Ctrl Pts',(-3.3759363672768,6.91885446340341,-0.5));
#3780=CARTESIAN_POINT('Ctrl Pts',(-3.39839080876233,6.93244531505159,-0.5));
#3781=CARTESIAN_POINT('Ctrl Pts',(-3.42097962617443,6.94592477701891,-0.5));
#3782=CARTESIAN_POINT('Ctrl Pts',(-3.44370166222146,6.9592927506674,-0.5));
#3783=CARTESIAN_POINT('Ctrl Pts',(-3.4665558038155,6.97254912678815,-0.5));
#3784=CARTESIAN_POINT('Ctrl Pts',(-3.48954094844464,6.98569377040216,-0.5));
#3785=CARTESIAN_POINT('Ctrl Pts',(-3.51265596927432,6.99872650666161,-0.5));
#3786=CARTESIAN_POINT('Ctrl Pts',(-3.53589967341081,7.0116471036944,-0.5));
#3787=CARTESIAN_POINT('Ctrl Pts',(-3.55927078148371,7.02445526774421,-0.5));
#3788=CARTESIAN_POINT('Ctrl Pts',(-3.58276800043905,7.03715068777779,-0.5));
#3789=CARTESIAN_POINT('Ctrl Pts',(-3.60639008238108,7.04973307411984,-0.5));
#3790=CARTESIAN_POINT('Ctrl Pts',(-3.63013588687882,7.06220219893903,-0.5));
#3791=CARTESIAN_POINT('Ctrl Pts',(-3.65400444358822,7.0745579399213,-0.5));
#3792=CARTESIAN_POINT('Ctrl Pts',(-3.67799500650704,7.08680031465907,-0.5));
#3793=CARTESIAN_POINT('Ctrl Pts',(-3.70210702976534,7.09892942384368,-0.5));
#3794=CARTESIAN_POINT('Ctrl Pts',(-3.72149352592152,7.10854220737543,-0.5));
#3795=CARTESIAN_POINT('Ctrl Pts',(-3.73608780087242,7.11570094078554,-0.5));
#3796=CARTESIAN_POINT('Ctrl Pts',(-3.74584148851923,7.12045083535846,-0.5));
#3797=CARTESIAN_POINT('Ctrl Pts',(-3.7507243750955,7.12282013405255,-0.5));
#3798=CARTESIAN_POINT('',(-2.29593080113384,5.69480597201564,-0.5));
#3799=CARTESIAN_POINT('',(-2.07877639151869,5.15617814049947,-0.5));
#3800=CARTESIAN_POINT('',(-1.57028586739308,5.34349844176693,-0.5));
#3801=CARTESIAN_POINT('Origin',(-1.73945365244113,5.91915655254271,-0.5));
#3802=CARTESIAN_POINT('',(-1.31184176851737,5.41274832934926,-0.5));
#3803=CARTESIAN_POINT('Origin',(0.,0.,-0.5));
#3804=CARTESIAN_POINT('',(-0.859068586894755,6.07981204195579,-0.5));
#3805=CARTESIAN_POINT('Origin',(-1.45316722455171,5.99586676969967,-0.5));
#3806=CARTESIAN_POINT('',(-0.90715165822288,6.42010621698977,-0.5));
#3807=CARTESIAN_POINT('',(-0.777815906407204,5.50476945186989,-0.5));
#3808=CARTESIAN_POINT('',(-0.313187475600046,8.04390537022454,-0.5));
#3809=CARTESIAN_POINT('Ctrl Pts',(-0.313187475600057,8.04390537022454,-0.5));
#3810=CARTESIAN_POINT('Ctrl Pts',(-0.31623153007186,8.03941205407817,-0.5));
#3811=CARTESIAN_POINT('Ctrl Pts',(-0.322303524068117,8.03042168088932,-0.5));
#3812=CARTESIAN_POINT('Ctrl Pts',(-0.331363170220353,8.01692489842179,-0.5));
#3813=CARTESIAN_POINT('Ctrl Pts',(-0.343345976616105,7.99890673560413,-0.5));
#3814=CARTESIAN_POINT('Ctrl Pts',(-0.358163046702122,7.97634660729582,-0.5));
#3815=CARTESIAN_POINT('Ctrl Pts',(-0.372818296272026,7.95374911831087,-0.5));
#3816=CARTESIAN_POINT('Ctrl Pts',(-0.387311202242901,7.93111445438293,-0.5));
#3817=CARTESIAN_POINT('Ctrl Pts',(-0.40164110976165,7.90844297327769,-0.5));
#3818=CARTESIAN_POINT('Ctrl Pts',(-0.415807239642697,7.88573526609423,-0.5));
#3819=CARTESIAN_POINT('Ctrl Pts',(-0.429808718159517,7.86299210035576,-0.5));
#3820=CARTESIAN_POINT('Ctrl Pts',(-0.443644609440336,7.84021435087634,-0.5));
#3821=CARTESIAN_POINT('Ctrl Pts',(-0.457313949184186,7.81740293354563,-0.5));
#3822=CARTESIAN_POINT('Ctrl Pts',(-0.470815776301977,7.79455874244928,-0.5));
#3823=CARTESIAN_POINT('Ctrl Pts',(-0.484149173653466,7.77168257484129,-0.5));
#3824=CARTESIAN_POINT('Ctrl Pts',(-0.497313252795215,7.74877514556158,-0.5));
#3825=CARTESIAN_POINT('Ctrl Pts',(-0.5103071264134,7.72583712276135,-0.5));
#3826=CARTESIAN_POINT('Ctrl Pts',(-0.523129885150075,7.70286915756226,-0.5));
#3827=CARTESIAN_POINT('Ctrl Pts',(-0.535780576080235,7.6798719140331,-0.5));
#3828=CARTESIAN_POINT('Ctrl Pts',(-0.548258175947975,7.65684610542876,-0.5));
#3829=CARTESIAN_POINT('Ctrl Pts',(-0.56056160158115,7.63379249140354,-0.5));
#3830=CARTESIAN_POINT('Ctrl Pts',(-0.572689733904961,7.61071186060966,-0.5));
#3831=CARTESIAN_POINT('Ctrl Pts',(-0.584641440571025,7.58760501779217,-0.5));
#3832=CARTESIAN_POINT('Ctrl Pts',(-0.59641559611756,7.56447277044292,-0.5));
#3833=CARTESIAN_POINT('Ctrl Pts',(-0.608011115336902,7.54131591281092,-0.5));
#3834=CARTESIAN_POINT('Ctrl Pts',(-0.619426927356792,7.51813522678576,-0.5));
#3835=CARTESIAN_POINT('Ctrl Pts',(-0.630661922416644,7.49493149140951,-0.5));
#3836=CARTESIAN_POINT('Ctrl Pts',(-0.641714904684869,7.47170549021206,-0.5));
#3837=CARTESIAN_POINT('Ctrl Pts',(-0.652584552089804,7.44845801875727,-0.5));
#3838=CARTESIAN_POINT('Ctrl Pts',(-0.663269353663903,7.42518989444757,-0.5));
#3839=CARTESIAN_POINT('Ctrl Pts',(-0.673767653616531,7.40190195539557,-0.5));
#3840=CARTESIAN_POINT('Ctrl Pts',(-0.684077755798165,7.3785950527577,-0.5));
#3841=CARTESIAN_POINT('Ctrl Pts',(-0.694198020142615,7.35527004474724,-0.5));
#3842=CARTESIAN_POINT('Ctrl Pts',(-0.704126943598497,7.33192779114585,-0.5));
#3843=CARTESIAN_POINT('Ctrl Pts',(-0.713863299501327,7.30856914516286,-0.5));
#3844=CARTESIAN_POINT('Ctrl Pts',(-0.723406030529254,7.28519495803936,-0.5));
#3845=CARTESIAN_POINT('Ctrl Pts',(-0.732753985316028,7.26180609196638,-0.5));
#3846=CARTESIAN_POINT('Ctrl Pts',(-0.741905681965996,7.23840343157706,-0.5));
#3847=CARTESIAN_POINT('Ctrl Pts',(-0.750859107449479,7.21498789410649,-0.5));
#3848=CARTESIAN_POINT('Ctrl Pts',(-0.75961138875356,7.19156044536297,-0.5));
#3849=CARTESIAN_POINT('Ctrl Pts',(-0.768159016457242,7.1681220910755,-0.5));
#3850=CARTESIAN_POINT('Ctrl Pts',(-0.77649843338025,7.14467385191801,-0.5));
#3851=CARTESIAN_POINT('Ctrl Pts',(-0.784626566359105,7.12121674131662,-0.5));
#3852=CARTESIAN_POINT('Ctrl Pts',(-0.792541274106697,7.09775174688353,-0.5));
#3853=CARTESIAN_POINT('Ctrl Pts',(-0.80024210469829,7.0742797986884,-0.5));
#3854=CARTESIAN_POINT('Ctrl Pts',(-0.807729722794658,7.05080179481158,-0.5));
#3855=CARTESIAN_POINT('Ctrl Pts',(-0.815004487612946,7.02731866356643,-0.5));
#3856=CARTESIAN_POINT('Ctrl Pts',(-0.822065170286231,7.00383141973208,-0.5));
#3857=CARTESIAN_POINT('Ctrl Pts',(-0.828907865645332,6.9803412127244,-0.5));
#3858=CARTESIAN_POINT('Ctrl Pts',(-0.835524191667621,6.95684940497902,-0.5));
#3859=CARTESIAN_POINT('Ctrl Pts',(-0.84190269431815,6.93335751477297,-0.5));
#3860=CARTESIAN_POINT('Ctrl Pts',(-0.848032080182033,6.90986708187115,-0.5));
#3861=CARTESIAN_POINT('Ctrl Pts',(-0.853904157913483,6.88637954538076,-0.5));
#3862=CARTESIAN_POINT('Ctrl Pts',(-0.859516323825147,6.86289614142964,-0.5));
#3863=CARTESIAN_POINT('Ctrl Pts',(-0.864875709530408,6.83941772944835,-0.5));
#3864=CARTESIAN_POINT('Ctrl Pts',(-0.869995291804869,6.81594496396828,-0.5));
#3865=CARTESIAN_POINT('Ctrl Pts',(-0.874886221356462,6.79247862919114,-0.5));
#3866=CARTESIAN_POINT('Ctrl Pts',(-0.879550777930927,6.76901994628675,-0.5));
#3867=CARTESIAN_POINT('Ctrl Pts',(-0.88397630624078,6.74557083961386,-0.5));
#3868=CARTESIAN_POINT('Ctrl Pts',(-0.888125543974225,6.72213435550073,-0.5));
#3869=CARTESIAN_POINT('Ctrl Pts',(-0.891946890586321,6.69871423921015,-0.5));
#3870=CARTESIAN_POINT('Ctrl Pts',(-0.895391678549426,6.67531421972684,-0.5));
#3871=CARTESIAN_POINT('Ctrl Pts',(-0.898430271836105,6.6519373371481,-0.5));
#3872=CARTESIAN_POINT('Ctrl Pts',(-0.9010661787369,6.62858537017198,-0.5));
#3873=CARTESIAN_POINT('Ctrl Pts',(-0.903357522037562,6.60525791195515,-0.5));
#3874=CARTESIAN_POINT('Ctrl Pts',(-0.905386776363814,6.58195390072161,-0.5));
#3875=CARTESIAN_POINT('Ctrl Pts',(-0.907218416175499,6.5586737175737,-0.5));
#3876=CARTESIAN_POINT('Ctrl Pts',(-0.908859323612598,6.53542116725981,-0.5));
#3877=CARTESIAN_POINT('Ctrl Pts',(-0.910221050248128,6.5122053410738,-0.5));
#3878=CARTESIAN_POINT('Ctrl Pts',(-0.911072987219754,6.4890429911396,-0.5));
#3879=CARTESIAN_POINT('Ctrl Pts',(-0.911105068738671,6.46595481719808,-0.5));
#3880=CARTESIAN_POINT('Ctrl Pts',(-0.910223780411021,6.44755978970361,-0.5));
#3881=CARTESIAN_POINT('Ctrl Pts',(-0.908941672619339,6.43381299344649,-0.5));
#3882=CARTESIAN_POINT('Ctrl Pts',(-0.907796702189696,6.42467133104104,-0.5));
#3883=CARTESIAN_POINT('Ctrl Pts',(-0.90715165822288,6.42010621698977,-0.5));
#3884=CARTESIAN_POINT('Origin',(-4.86277684785819E-13,6.31088724176809E-29,
-0.499999999999998));
#3885=CARTESIAN_POINT('Origin',(-5.32907051820075E-13,8.97060203897126E-13,
-0.499999999999998));
#3886=CARTESIAN_POINT('',(0.907151658222881,6.42010621698978,-0.5));
#3887=CARTESIAN_POINT('',(0.313187475600058,8.04390537022454,-0.5));
#3888=CARTESIAN_POINT('Ctrl Pts',(0.907151658222881,6.42010621698978,-0.5));
#3889=CARTESIAN_POINT('Ctrl Pts',(0.907796702189697,6.42467133104104,-0.5));
#3890=CARTESIAN_POINT('Ctrl Pts',(0.908941672619341,6.43381299344649,-0.5));
#3891=CARTESIAN_POINT('Ctrl Pts',(0.910223780411022,6.44755978970361,-0.5));
#3892=CARTESIAN_POINT('Ctrl Pts',(0.911105068738672,6.46595481719808,-0.5));
#3893=CARTESIAN_POINT('Ctrl Pts',(0.911072987219754,6.4890429911396,-0.5));
#3894=CARTESIAN_POINT('Ctrl Pts',(0.910221050248129,6.5122053410738,-0.5));
#3895=CARTESIAN_POINT('Ctrl Pts',(0.9088593236126,6.53542116725981,-0.5));
#3896=CARTESIAN_POINT('Ctrl Pts',(0.9072184161755,6.5586737175737,-0.5));
#3897=CARTESIAN_POINT('Ctrl Pts',(0.905386776363815,6.58195390072161,-0.5));
#3898=CARTESIAN_POINT('Ctrl Pts',(0.903357522037564,6.60525791195515,-0.5));
#3899=CARTESIAN_POINT('Ctrl Pts',(0.901066178736901,6.62858537017199,-0.5));
#3900=CARTESIAN_POINT('Ctrl Pts',(0.898430271836106,6.6519373371481,-0.5));
#3901=CARTESIAN_POINT('Ctrl Pts',(0.895391678549427,6.67531421972684,-0.5));
#3902=CARTESIAN_POINT('Ctrl Pts',(0.891946890586323,6.69871423921015,-0.5));
#3903=CARTESIAN_POINT('Ctrl Pts',(0.888125543974226,6.72213435550073,-0.5));
#3904=CARTESIAN_POINT('Ctrl Pts',(0.883976306240782,6.74557083961386,-0.5));
#3905=CARTESIAN_POINT('Ctrl Pts',(0.879550777930928,6.76901994628675,-0.5));
#3906=CARTESIAN_POINT('Ctrl Pts',(0.874886221356462,6.79247862919114,-0.5));
#3907=CARTESIAN_POINT('Ctrl Pts',(0.86999529180487,6.81594496396828,-0.5));
#3908=CARTESIAN_POINT('Ctrl Pts',(0.864875709530408,6.83941772944835,-0.5));
#3909=CARTESIAN_POINT('Ctrl Pts',(0.859516323825147,6.86289614142964,-0.5));
#3910=CARTESIAN_POINT('Ctrl Pts',(0.853904157913484,6.88637954538076,-0.5));
#3911=CARTESIAN_POINT('Ctrl Pts',(0.848032080182035,6.90986708187115,-0.5));
#3912=CARTESIAN_POINT('Ctrl Pts',(0.841902694318151,6.93335751477297,-0.5));
#3913=CARTESIAN_POINT('Ctrl Pts',(0.835524191667622,6.95684940497902,-0.5));
#3914=CARTESIAN_POINT('Ctrl Pts',(0.828907865645333,6.9803412127244,-0.5));
#3915=CARTESIAN_POINT('Ctrl Pts',(0.822065170286232,7.00383141973208,-0.5));
#3916=CARTESIAN_POINT('Ctrl Pts',(0.815004487612948,7.02731866356643,-0.5));
#3917=CARTESIAN_POINT('Ctrl Pts',(0.807729722794659,7.05080179481158,-0.5));
#3918=CARTESIAN_POINT('Ctrl Pts',(0.800242104698292,7.0742797986884,-0.5));
#3919=CARTESIAN_POINT('Ctrl Pts',(0.792541274106698,7.09775174688353,-0.5));
#3920=CARTESIAN_POINT('Ctrl Pts',(0.784626566359106,7.12121674131662,-0.5));
#3921=CARTESIAN_POINT('Ctrl Pts',(0.776498433380252,7.14467385191801,-0.5));
#3922=CARTESIAN_POINT('Ctrl Pts',(0.768159016457243,7.1681220910755,-0.5));
#3923=CARTESIAN_POINT('Ctrl Pts',(0.759611388753561,7.19156044536297,-0.5));
#3924=CARTESIAN_POINT('Ctrl Pts',(0.75085910744948,7.21498789410648,-0.5));
#3925=CARTESIAN_POINT('Ctrl Pts',(0.741905681965997,7.23840343157706,-0.5));
#3926=CARTESIAN_POINT('Ctrl Pts',(0.732753985316029,7.26180609196637,-0.5));
#3927=CARTESIAN_POINT('Ctrl Pts',(0.723406030529256,7.28519495803936,-0.5));
#3928=CARTESIAN_POINT('Ctrl Pts',(0.713863299501327,7.30856914516286,-0.5));
#3929=CARTESIAN_POINT('Ctrl Pts',(0.704126943598499,7.33192779114585,-0.5));
#3930=CARTESIAN_POINT('Ctrl Pts',(0.694198020142615,7.35527004474723,-0.5));
#3931=CARTESIAN_POINT('Ctrl Pts',(0.684077755798166,7.3785950527577,-0.5));
#3932=CARTESIAN_POINT('Ctrl Pts',(0.673767653616532,7.40190195539557,-0.5));
#3933=CARTESIAN_POINT('Ctrl Pts',(0.663269353663905,7.42518989444757,-0.5));
#3934=CARTESIAN_POINT('Ctrl Pts',(0.652584552089806,7.44845801875727,-0.5));
#3935=CARTESIAN_POINT('Ctrl Pts',(0.64171490468487,7.47170549021206,-0.5));
#3936=CARTESIAN_POINT('Ctrl Pts',(0.630661922416645,7.49493149140951,-0.5));
#3937=CARTESIAN_POINT('Ctrl Pts',(0.619426927356793,7.51813522678576,-0.5));
#3938=CARTESIAN_POINT('Ctrl Pts',(0.608011115336903,7.54131591281093,-0.5));
#3939=CARTESIAN_POINT('Ctrl Pts',(0.596415596117561,7.56447277044292,-0.5));
#3940=CARTESIAN_POINT('Ctrl Pts',(0.584641440571027,7.58760501779217,-0.5));
#3941=CARTESIAN_POINT('Ctrl Pts',(0.572689733904962,7.61071186060966,-0.5));
#3942=CARTESIAN_POINT('Ctrl Pts',(0.560561601581151,7.63379249140354,-0.5));
#3943=CARTESIAN_POINT('Ctrl Pts',(0.548258175947977,7.65684610542876,-0.5));
#3944=CARTESIAN_POINT('Ctrl Pts',(0.535780576080236,7.6798719140331,-0.5));
#3945=CARTESIAN_POINT('Ctrl Pts',(0.523129885150077,7.70286915756226,-0.5));
#3946=CARTESIAN_POINT('Ctrl Pts',(0.510307126413401,7.72583712276135,-0.5));
#3947=CARTESIAN_POINT('Ctrl Pts',(0.497313252795217,7.74877514556158,-0.5));
#3948=CARTESIAN_POINT('Ctrl Pts',(0.484149173653468,7.77168257484129,-0.5));
#3949=CARTESIAN_POINT('Ctrl Pts',(0.470815776301977,7.79455874244928,-0.5));
#3950=CARTESIAN_POINT('Ctrl Pts',(0.457313949184187,7.81740293354563,-0.5));
#3951=CARTESIAN_POINT('Ctrl Pts',(0.443644609440337,7.84021435087634,-0.5));
#3952=CARTESIAN_POINT('Ctrl Pts',(0.429808718159518,7.86299210035576,-0.5));
#3953=CARTESIAN_POINT('Ctrl Pts',(0.415807239642699,7.88573526609423,-0.5));
#3954=CARTESIAN_POINT('Ctrl Pts',(0.401641109761651,7.90844297327769,-0.5));
#3955=CARTESIAN_POINT('Ctrl Pts',(0.387311202242903,7.93111445438293,-0.5));
#3956=CARTESIAN_POINT('Ctrl Pts',(0.372818296272027,7.95374911831087,-0.5));
#3957=CARTESIAN_POINT('Ctrl Pts',(0.358163046702124,7.97634660729582,-0.5));
#3958=CARTESIAN_POINT('Ctrl Pts',(0.343345976616106,7.99890673560413,-0.5));
#3959=CARTESIAN_POINT('Ctrl Pts',(0.331363170220354,8.01692489842179,-0.5));
#3960=CARTESIAN_POINT('Ctrl Pts',(0.322303524068118,8.03042168088932,-0.5));
#3961=CARTESIAN_POINT('Ctrl Pts',(0.31623153007186,8.03941205407817,-0.5));
#3962=CARTESIAN_POINT('Ctrl Pts',(0.313187475600059,8.04390537022454,-0.5));
#3963=CARTESIAN_POINT('',(0.859068586894755,6.07981204195579,-0.5));
#3964=CARTESIAN_POINT('',(0.777815906407205,5.50476945186989,-0.5));
#3965=CARTESIAN_POINT('',(1.31184176851737,5.41274832934926,-0.5));
#3966=CARTESIAN_POINT('Origin',(1.45316722455171,5.99586676969967,-0.5));
#3967=CARTESIAN_POINT('',(1.57028586739308,5.34349844176693,-0.5));
#3968=CARTESIAN_POINT('Origin',(0.,0.,-0.5));
#3969=CARTESIAN_POINT('',(2.29593080113384,5.69480597201563,-0.5));
#3970=CARTESIAN_POINT('Origin',(1.73945365244113,5.9191565525427,-0.5));
#3971=CARTESIAN_POINT('',(2.4244367273887,6.01355090801899,-0.5));
#3972=CARTESIAN_POINT('',(2.07877639151869,5.15617814049947,-0.5));
#3973=CARTESIAN_POINT('',(3.75072437509551,7.12282013405255,-0.5));
#3974=CARTESIAN_POINT('Ctrl Pts',(3.7507243750955,7.12282013405255,-0.5));
#3975=CARTESIAN_POINT('Ctrl Pts',(3.74584148851923,7.12045083535846,-0.5));
#3976=CARTESIAN_POINT('Ctrl Pts',(3.73608780087242,7.11570094078554,-0.5));
#3977=CARTESIAN_POINT('Ctrl Pts',(3.72149352592152,7.10854220737543,-0.5));
#3978=CARTESIAN_POINT('Ctrl Pts',(3.70210702976534,7.09892942384368,-0.5));
#3979=CARTESIAN_POINT('Ctrl Pts',(3.67799500650704,7.08680031465906,-0.5));
#3980=CARTESIAN_POINT('Ctrl Pts',(3.65400444358822,7.0745579399213,-0.5));
#3981=CARTESIAN_POINT('Ctrl Pts',(3.63013588687882,7.06220219893903,-0.5));
#3982=CARTESIAN_POINT('Ctrl Pts',(3.60639008238108,7.04973307411984,-0.5));
#3983=CARTESIAN_POINT('Ctrl Pts',(3.58276800043905,7.03715068777779,-0.5));
#3984=CARTESIAN_POINT('Ctrl Pts',(3.55927078148371,7.02445526774421,-0.5));
#3985=CARTESIAN_POINT('Ctrl Pts',(3.53589967341081,7.0116471036944,-0.5));
#3986=CARTESIAN_POINT('Ctrl Pts',(3.51265596927433,6.99872650666161,-0.5));
#3987=CARTESIAN_POINT('Ctrl Pts',(3.48954094844464,6.98569377040216,-0.5));
#3988=CARTESIAN_POINT('Ctrl Pts',(3.4665558038155,6.97254912678815,-0.5));
#3989=CARTESIAN_POINT('Ctrl Pts',(3.44370166222146,6.9592927506674,-0.5));
#3990=CARTESIAN_POINT('Ctrl Pts',(3.42097962617443,6.9459247770189,-0.5));
#3991=CARTESIAN_POINT('Ctrl Pts',(3.39839080876233,6.93244531505159,-0.5));
#3992=CARTESIAN_POINT('Ctrl Pts',(3.37593636727681,6.9188544634034,-0.5));
#3993=CARTESIAN_POINT('Ctrl Pts',(3.35361754451092,6.90515232814324,-0.5));
#3994=CARTESIAN_POINT('Ctrl Pts',(3.3314356583464,6.89133902556494,-0.5));
#3995=CARTESIAN_POINT('Ctrl Pts',(3.30939207225658,6.87741467912398,-0.5));
#3996=CARTESIAN_POINT('Ctrl Pts',(3.28748816925645,6.86337941957581,-0.5));
#3997=CARTESIAN_POINT('Ctrl Pts',(3.26572532777042,6.849233383498,-0.5));
#3998=CARTESIAN_POINT('Ctrl Pts',(3.2441048847404,6.83497671612654,-0.5));
#3999=CARTESIAN_POINT('Ctrl Pts',(3.22262815851376,6.82060955916155,-0.5));
#4000=CARTESIAN_POINT('Ctrl Pts',(3.20129649969241,6.80613203239295,-0.5));
#4001=CARTESIAN_POINT('Ctrl Pts',(3.18011133566183,6.79154421646174,-0.5));
#4002=CARTESIAN_POINT('Ctrl Pts',(3.15907420915158,6.77684613931061,-0.5));
#4003=CARTESIAN_POINT('Ctrl Pts',(3.13818683739916,6.76203775334704,-0.5));
#4004=CARTESIAN_POINT('Ctrl Pts',(3.11745107341763,6.74711895650254,-0.5));
#4005=CARTESIAN_POINT('Ctrl Pts',(3.09686881169379,6.73208963782543,-0.5));
#4006=CARTESIAN_POINT('Ctrl Pts',(3.07644190167325,6.71694972051712,-0.5));
#4007=CARTESIAN_POINT('Ctrl Pts',(3.05617207492754,6.70169919764469,-0.5));
#4008=CARTESIAN_POINT('Ctrl Pts',(3.0360608203839,6.68633819477682,-0.5));
#4009=CARTESIAN_POINT('Ctrl Pts',(3.01610947933049,6.67086692044902,-0.5));
#4010=CARTESIAN_POINT('Ctrl Pts',(2.99631947997522,6.65528554565749,-0.5));
#4011=CARTESIAN_POINT('Ctrl Pts',(2.97669254799396,6.63959409556919,-0.5));
#4012=CARTESIAN_POINT('Ctrl Pts',(2.95723088533908,6.62379235801815,-0.5));
#4013=CARTESIAN_POINT('Ctrl Pts',(2.93793746301693,6.60787973291245,-0.5));
#4014=CARTESIAN_POINT('Ctrl Pts',(2.91881582313971,6.59185533652843,-0.5));
#4015=CARTESIAN_POINT('Ctrl Pts',(2.89986955665289,6.57571827420554,-0.5));
#4016=CARTESIAN_POINT('Ctrl Pts',(2.88110183170717,6.55946788701478,-0.5));
#4017=CARTESIAN_POINT('Ctrl Pts',(2.86251499651768,6.54310395960986,-0.5));
#4018=CARTESIAN_POINT('Ctrl Pts',(2.84410990749756,6.52662707149237,-0.5));
#4019=CARTESIAN_POINT('Ctrl Pts',(2.82588643807385,6.51003833275307,-0.5));
#4020=CARTESIAN_POINT('Ctrl Pts',(2.80784474131208,6.49333872694351,-0.5));
#4021=CARTESIAN_POINT('Ctrl Pts',(2.78998638883178,6.47652851845473,-0.5));
#4022=CARTESIAN_POINT('Ctrl Pts',(2.77231533731661,6.45960675012547,-0.5));
#4023=CARTESIAN_POINT('Ctrl Pts',(2.75483952702889,6.4425704108483,-0.5));
#4024=CARTESIAN_POINT('Ctrl Pts',(2.7375696365924,6.42541508847221,-0.5));
#4025=CARTESIAN_POINT('Ctrl Pts',(2.72051621627377,6.40813646976528,-0.5));
#4026=CARTESIAN_POINT('Ctrl Pts',(2.70368707954015,6.39073170535801,-0.5));
#4027=CARTESIAN_POINT('Ctrl Pts',(2.68708509931483,6.37320056392484,-0.5));
#4028=CARTESIAN_POINT('Ctrl Pts',(2.67070452915475,6.35554735556116,-0.5));
#4029=CARTESIAN_POINT('Ctrl Pts',(2.65453445810827,6.33777913549557,-0.5));
#4030=CARTESIAN_POINT('Ctrl Pts',(2.6385656214799,6.31990215822066,-0.5));
#4031=CARTESIAN_POINT('Ctrl Pts',(2.62279665553683,6.30191862117336,-0.5));
#4032=CARTESIAN_POINT('Ctrl Pts',(2.60723948225888,6.28382386325352,-0.5));
#4033=CARTESIAN_POINT('Ctrl Pts',(2.59192789491881,6.26560189150288,-0.5));
#4034=CARTESIAN_POINT('Ctrl Pts',(2.57690845353078,6.2472301491417,-0.5));
#4035=CARTESIAN_POINT('Ctrl Pts',(2.56222516990243,6.22868753180166,-0.5));
#4036=CARTESIAN_POINT('Ctrl Pts',(2.54790522963502,6.20996185427052,-0.5));
#4037=CARTESIAN_POINT('Ctrl Pts',(2.53394648380887,6.19105641109127,-0.5));
#4038=CARTESIAN_POINT('Ctrl Pts',(2.52029839319328,6.1719999113201,-0.5));
#4039=CARTESIAN_POINT('Ctrl Pts',(2.50688900177924,6.1528326727449,-0.5));
#4040=CARTESIAN_POINT('Ctrl Pts',(2.49366266359779,6.1335872626399,-0.5));
#4041=CARTESIAN_POINT('Ctrl Pts',(2.48061532091505,6.11427041708384,-0.5));
#4042=CARTESIAN_POINT('Ctrl Pts',(2.46782811796267,6.09484578515468,-0.5));
#4043=CARTESIAN_POINT('Ctrl Pts',(2.45550914393572,6.07521257018613,-0.5));
#4044=CARTESIAN_POINT('Ctrl Pts',(2.44393727355458,6.05523366578524,-0.5));
#4045=CARTESIAN_POINT('Ctrl Pts',(2.43550297788715,6.03886246050789,-0.5));
#4046=CARTESIAN_POINT('Ctrl Pts',(2.42973991767658,6.02631633183274,-0.5));
#4047=CARTESIAN_POINT('Ctrl Pts',(2.42616065995251,6.01782693474197,-0.5));
#4048=CARTESIAN_POINT('Ctrl Pts',(2.4244367273887,6.01355090801899,-0.5));
#4049=CARTESIAN_POINT('Origin',(-4.86277684785819E-13,6.31088724176809E-29,
-0.499999999999998));
#4050=CARTESIAN_POINT('Origin',(-5.32907051820075E-13,8.97060203897126E-13,
-0.499999999999998));
#4051=CARTESIAN_POINT('',(6.01355090801899,2.42443672738869,-0.5));
#4052=CARTESIAN_POINT('',(7.12282013405255,3.7507243750955,-0.5));
#4053=CARTESIAN_POINT('Ctrl Pts',(6.01355090801899,2.42443672738869,-0.5));
#4054=CARTESIAN_POINT('Ctrl Pts',(6.01782693474197,2.42616065995251,-0.5));
#4055=CARTESIAN_POINT('Ctrl Pts',(6.02631633183274,2.42973991767658,-0.5));
#4056=CARTESIAN_POINT('Ctrl Pts',(6.03886246050789,2.43550297788715,-0.5));
#4057=CARTESIAN_POINT('Ctrl Pts',(6.05523366578524,2.44393727355458,-0.5));
#4058=CARTESIAN_POINT('Ctrl Pts',(6.07521257018613,2.45550914393572,-0.5));
#4059=CARTESIAN_POINT('Ctrl Pts',(6.09484578515468,2.46782811796267,-0.5));
#4060=CARTESIAN_POINT('Ctrl Pts',(6.11427041708384,2.48061532091505,-0.5));
#4061=CARTESIAN_POINT('Ctrl Pts',(6.1335872626399,2.49366266359778,-0.5));
#4062=CARTESIAN_POINT('Ctrl Pts',(6.1528326727449,2.50688900177924,-0.5));
#4063=CARTESIAN_POINT('Ctrl Pts',(6.1719999113201,2.52029839319328,-0.5));
#4064=CARTESIAN_POINT('Ctrl Pts',(6.19105641109127,2.53394648380887,-0.5));
#4065=CARTESIAN_POINT('Ctrl Pts',(6.20996185427052,2.54790522963502,-0.5));
#4066=CARTESIAN_POINT('Ctrl Pts',(6.22868753180166,2.56222516990243,-0.5));
#4067=CARTESIAN_POINT('Ctrl Pts',(6.2472301491417,2.57690845353078,-0.5));
#4068=CARTESIAN_POINT('Ctrl Pts',(6.26560189150288,2.59192789491881,-0.5));
#4069=CARTESIAN_POINT('Ctrl Pts',(6.28382386325352,2.60723948225888,-0.5));
#4070=CARTESIAN_POINT('Ctrl Pts',(6.30191862117336,2.62279665553683,-0.5));
#4071=CARTESIAN_POINT('Ctrl Pts',(6.31990215822066,2.6385656214799,-0.5));
#4072=CARTESIAN_POINT('Ctrl Pts',(6.33777913549558,2.65453445810827,-0.5));
#4073=CARTESIAN_POINT('Ctrl Pts',(6.35554735556116,2.67070452915475,-0.5));
#4074=CARTESIAN_POINT('Ctrl Pts',(6.37320056392484,2.68708509931483,-0.5));
#4075=CARTESIAN_POINT('Ctrl Pts',(6.39073170535801,2.70368707954014,-0.5));
#4076=CARTESIAN_POINT('Ctrl Pts',(6.40813646976528,2.72051621627377,-0.5));
#4077=CARTESIAN_POINT('Ctrl Pts',(6.42541508847221,2.7375696365924,-0.5));
#4078=CARTESIAN_POINT('Ctrl Pts',(6.4425704108483,2.75483952702889,-0.5));
#4079=CARTESIAN_POINT('Ctrl Pts',(6.45960675012547,2.7723153373166,-0.5));
#4080=CARTESIAN_POINT('Ctrl Pts',(6.47652851845473,2.78998638883178,-0.5));
#4081=CARTESIAN_POINT('Ctrl Pts',(6.49333872694351,2.80784474131208,-0.5));
#4082=CARTESIAN_POINT('Ctrl Pts',(6.51003833275307,2.82588643807385,-0.5));
#4083=CARTESIAN_POINT('Ctrl Pts',(6.52662707149237,2.84410990749755,-0.5));
#4084=CARTESIAN_POINT('Ctrl Pts',(6.54310395960986,2.86251499651768,-0.5));
#4085=CARTESIAN_POINT('Ctrl Pts',(6.55946788701478,2.88110183170717,-0.5));
#4086=CARTESIAN_POINT('Ctrl Pts',(6.57571827420554,2.89986955665289,-0.5));
#4087=CARTESIAN_POINT('Ctrl Pts',(6.59185533652843,2.91881582313971,-0.5));
#4088=CARTESIAN_POINT('Ctrl Pts',(6.60787973291245,2.93793746301693,-0.5));
#4089=CARTESIAN_POINT('Ctrl Pts',(6.62379235801815,2.95723088533908,-0.5));
#4090=CARTESIAN_POINT('Ctrl Pts',(6.63959409556919,2.97669254799396,-0.5));
#4091=CARTESIAN_POINT('Ctrl Pts',(6.65528554565749,2.99631947997522,-0.5));
#4092=CARTESIAN_POINT('Ctrl Pts',(6.67086692044902,3.01610947933048,-0.5));
#4093=CARTESIAN_POINT('Ctrl Pts',(6.68633819477682,3.0360608203839,-0.5));
#4094=CARTESIAN_POINT('Ctrl Pts',(6.70169919764469,3.05617207492754,-0.5));
#4095=CARTESIAN_POINT('Ctrl Pts',(6.71694972051712,3.07644190167325,-0.5));
#4096=CARTESIAN_POINT('Ctrl Pts',(6.73208963782543,3.09686881169379,-0.5));
#4097=CARTESIAN_POINT('Ctrl Pts',(6.74711895650254,3.11745107341763,-0.5));
#4098=CARTESIAN_POINT('Ctrl Pts',(6.76203775334704,3.13818683739916,-0.5));
#4099=CARTESIAN_POINT('Ctrl Pts',(6.77684613931061,3.15907420915158,-0.5));
#4100=CARTESIAN_POINT('Ctrl Pts',(6.79154421646174,3.18011133566182,-0.5));
#4101=CARTESIAN_POINT('Ctrl Pts',(6.80613203239295,3.20129649969241,-0.5));
#4102=CARTESIAN_POINT('Ctrl Pts',(6.82060955916155,3.22262815851376,-0.5));
#4103=CARTESIAN_POINT('Ctrl Pts',(6.83497671612654,3.24410488474039,-0.5));
#4104=CARTESIAN_POINT('Ctrl Pts',(6.84923338349801,3.26572532777041,-0.5));
#4105=CARTESIAN_POINT('Ctrl Pts',(6.86337941957581,3.28748816925644,-0.5));
#4106=CARTESIAN_POINT('Ctrl Pts',(6.87741467912398,3.30939207225658,-0.5));
#4107=CARTESIAN_POINT('Ctrl Pts',(6.89133902556494,3.3314356583464,-0.5));
#4108=CARTESIAN_POINT('Ctrl Pts',(6.90515232814324,3.35361754451092,-0.5));
#4109=CARTESIAN_POINT('Ctrl Pts',(6.91885446340341,3.3759363672768,-0.5));
#4110=CARTESIAN_POINT('Ctrl Pts',(6.93244531505159,3.39839080876233,-0.5));
#4111=CARTESIAN_POINT('Ctrl Pts',(6.94592477701891,3.42097962617443,-0.5));
#4112=CARTESIAN_POINT('Ctrl Pts',(6.9592927506674,3.44370166222146,-0.5));
#4113=CARTESIAN_POINT('Ctrl Pts',(6.97254912678815,3.4665558038155,-0.5));
#4114=CARTESIAN_POINT('Ctrl Pts',(6.98569377040216,3.48954094844464,-0.5));
#4115=CARTESIAN_POINT('Ctrl Pts',(6.99872650666161,3.51265596927433,-0.5));
#4116=CARTESIAN_POINT('Ctrl Pts',(7.0116471036944,3.53589967341081,-0.5));
#4117=CARTESIAN_POINT('Ctrl Pts',(7.02445526774421,3.55927078148371,-0.5));
#4118=CARTESIAN_POINT('Ctrl Pts',(7.03715068777779,3.58276800043905,-0.5));
#4119=CARTESIAN_POINT('Ctrl Pts',(7.04973307411984,3.60639008238108,-0.5));
#4120=CARTESIAN_POINT('Ctrl Pts',(7.06220219893903,3.63013588687882,-0.5));
#4121=CARTESIAN_POINT('Ctrl Pts',(7.0745579399213,3.65400444358822,-0.5));
#4122=CARTESIAN_POINT('Ctrl Pts',(7.08680031465906,3.67799500650704,-0.5));
#4123=CARTESIAN_POINT('Ctrl Pts',(7.09892942384368,3.70210702976534,-0.5));
#4124=CARTESIAN_POINT('Ctrl Pts',(7.10854220737543,3.72149352592152,-0.5));
#4125=CARTESIAN_POINT('Ctrl Pts',(7.11570094078554,3.73608780087242,-0.5));
#4126=CARTESIAN_POINT('Ctrl Pts',(7.12045083535846,3.74584148851923,-0.5));
#4127=CARTESIAN_POINT('Ctrl Pts',(7.12282013405255,3.7507243750955,-0.5));
#4128=CARTESIAN_POINT('',(5.69480597201564,2.29593080113384,-0.5));
#4129=CARTESIAN_POINT('',(5.15617814049947,2.07877639151869,-0.5));
#4130=CARTESIAN_POINT('',(5.34349844176693,1.57028586739308,-0.5));
#4131=CARTESIAN_POINT('Origin',(5.91915655254271,1.73945365244113,-0.5));
#4132=CARTESIAN_POINT('',(5.41274832934926,1.31184176851737,-0.5));
#4133=CARTESIAN_POINT('Origin',(0.,0.,-0.5));
#4134=CARTESIAN_POINT('',(6.07981204195579,0.859068586894755,-0.5));
#4135=CARTESIAN_POINT('Origin',(5.99586676969967,1.45316722455171,-0.5));
#4136=CARTESIAN_POINT('',(6.42010621698977,0.907151658222881,-0.5));
#4137=CARTESIAN_POINT('',(5.50476945186989,0.777815906407205,-0.5));
#4138=CARTESIAN_POINT('',(8.04390537022454,0.313187475600047,-0.5));
#4139=CARTESIAN_POINT('Ctrl Pts',(8.04390537022454,0.313187475600057,-0.5));
#4140=CARTESIAN_POINT('Ctrl Pts',(8.03941205407817,0.31623153007186,-0.5));
#4141=CARTESIAN_POINT('Ctrl Pts',(8.03042168088932,0.322303524068118,-0.5));
#4142=CARTESIAN_POINT('Ctrl Pts',(8.01692489842179,0.331363170220354,-0.5));
#4143=CARTESIAN_POINT('Ctrl Pts',(7.99890673560413,0.343345976616105,-0.5));
#4144=CARTESIAN_POINT('Ctrl Pts',(7.97634660729582,0.358163046702123,-0.5));
#4145=CARTESIAN_POINT('Ctrl Pts',(7.95374911831087,0.372818296272026,-0.5));
#4146=CARTESIAN_POINT('Ctrl Pts',(7.93111445438293,0.387311202242902,-0.5));
#4147=CARTESIAN_POINT('Ctrl Pts',(7.90844297327769,0.40164110976165,-0.5));
#4148=CARTESIAN_POINT('Ctrl Pts',(7.88573526609423,0.415807239642698,-0.5));
#4149=CARTESIAN_POINT('Ctrl Pts',(7.86299210035576,0.429808718159518,-0.5));
#4150=CARTESIAN_POINT('Ctrl Pts',(7.84021435087634,0.443644609440336,-0.5));
#4151=CARTESIAN_POINT('Ctrl Pts',(7.81740293354563,0.457313949184186,-0.5));
#4152=CARTESIAN_POINT('Ctrl Pts',(7.79455874244928,0.470815776301977,-0.5));
#4153=CARTESIAN_POINT('Ctrl Pts',(7.77168257484129,0.484149173653467,-0.5));
#4154=CARTESIAN_POINT('Ctrl Pts',(7.74877514556158,0.497313252795216,-0.5));
#4155=CARTESIAN_POINT('Ctrl Pts',(7.72583712276135,0.5103071264134,-0.5));
#4156=CARTESIAN_POINT('Ctrl Pts',(7.70286915756226,0.523129885150076,-0.5));
#4157=CARTESIAN_POINT('Ctrl Pts',(7.6798719140331,0.535780576080236,-0.5));
#4158=CARTESIAN_POINT('Ctrl Pts',(7.65684610542876,0.548258175947976,-0.5));
#4159=CARTESIAN_POINT('Ctrl Pts',(7.63379249140354,0.560561601581151,-0.5));
#4160=CARTESIAN_POINT('Ctrl Pts',(7.61071186060966,0.572689733904962,-0.5));
#4161=CARTESIAN_POINT('Ctrl Pts',(7.58760501779217,0.584641440571026,-0.5));
#4162=CARTESIAN_POINT('Ctrl Pts',(7.56447277044292,0.59641559611756,-0.5));
#4163=CARTESIAN_POINT('Ctrl Pts',(7.54131591281093,0.608011115336903,-0.5));
#4164=CARTESIAN_POINT('Ctrl Pts',(7.51813522678576,0.619426927356793,-0.5));
#4165=CARTESIAN_POINT('Ctrl Pts',(7.49493149140951,0.630661922416644,-0.5));
#4166=CARTESIAN_POINT('Ctrl Pts',(7.47170549021206,0.641714904684869,-0.5));
#4167=CARTESIAN_POINT('Ctrl Pts',(7.44845801875727,0.652584552089805,-0.5));
#4168=CARTESIAN_POINT('Ctrl Pts',(7.42518989444757,0.663269353663904,-0.5));
#4169=CARTESIAN_POINT('Ctrl Pts',(7.40190195539556,0.673767653616532,-0.5));
#4170=CARTESIAN_POINT('Ctrl Pts',(7.3785950527577,0.684077755798166,-0.5));
#4171=CARTESIAN_POINT('Ctrl Pts',(7.35527004474723,0.694198020142615,-0.5));
#4172=CARTESIAN_POINT('Ctrl Pts',(7.33192779114585,0.704126943598497,-0.5));
#4173=CARTESIAN_POINT('Ctrl Pts',(7.30856914516286,0.713863299501327,-0.5));
#4174=CARTESIAN_POINT('Ctrl Pts',(7.28519495803936,0.723406030529254,-0.5));
#4175=CARTESIAN_POINT('Ctrl Pts',(7.26180609196637,0.732753985316028,-0.5));
#4176=CARTESIAN_POINT('Ctrl Pts',(7.23840343157706,0.741905681965997,-0.5));
#4177=CARTESIAN_POINT('Ctrl Pts',(7.21498789410648,0.750859107449479,-0.5));
#4178=CARTESIAN_POINT('Ctrl Pts',(7.19156044536297,0.75961138875356,-0.5));
#4179=CARTESIAN_POINT('Ctrl Pts',(7.1681220910755,0.768159016457242,-0.5));
#4180=CARTESIAN_POINT('Ctrl Pts',(7.14467385191801,0.776498433380251,-0.5));
#4181=CARTESIAN_POINT('Ctrl Pts',(7.12121674131662,0.784626566359105,-0.5));
#4182=CARTESIAN_POINT('Ctrl Pts',(7.09775174688353,0.792541274106697,-0.5));
#4183=CARTESIAN_POINT('Ctrl Pts',(7.0742797986884,0.800242104698291,-0.5));
#4184=CARTESIAN_POINT('Ctrl Pts',(7.05080179481158,0.807729722794659,-0.5));
#4185=CARTESIAN_POINT('Ctrl Pts',(7.02731866356643,0.815004487612946,-0.5));
#4186=CARTESIAN_POINT('Ctrl Pts',(7.00383141973208,0.822065170286232,-0.5));
#4187=CARTESIAN_POINT('Ctrl Pts',(6.9803412127244,0.828907865645332,-0.5));
#4188=CARTESIAN_POINT('Ctrl Pts',(6.95684940497902,0.835524191667621,-0.5));
#4189=CARTESIAN_POINT('Ctrl Pts',(6.93335751477297,0.84190269431815,-0.5));
#4190=CARTESIAN_POINT('Ctrl Pts',(6.90986708187115,0.848032080182034,-0.5));
#4191=CARTESIAN_POINT('Ctrl Pts',(6.88637954538076,0.853904157913483,-0.5));
#4192=CARTESIAN_POINT('Ctrl Pts',(6.86289614142963,0.859516323825147,-0.5));
#4193=CARTESIAN_POINT('Ctrl Pts',(6.83941772944835,0.864875709530408,-0.5));
#4194=CARTESIAN_POINT('Ctrl Pts',(6.81594496396828,0.869995291804869,-0.5));
#4195=CARTESIAN_POINT('Ctrl Pts',(6.79247862919114,0.874886221356462,-0.5));
#4196=CARTESIAN_POINT('Ctrl Pts',(6.76901994628675,0.879550777930927,-0.5));
#4197=CARTESIAN_POINT('Ctrl Pts',(6.74557083961386,0.883976306240781,-0.5));
#4198=CARTESIAN_POINT('Ctrl Pts',(6.72213435550073,0.888125543974225,-0.5));
#4199=CARTESIAN_POINT('Ctrl Pts',(6.69871423921015,0.891946890586322,-0.5));
#4200=CARTESIAN_POINT('Ctrl Pts',(6.67531421972684,0.895391678549427,-0.5));
#4201=CARTESIAN_POINT('Ctrl Pts',(6.6519373371481,0.898430271836105,-0.5));
#4202=CARTESIAN_POINT('Ctrl Pts',(6.62858537017198,0.901066178736901,-0.5));
#4203=CARTESIAN_POINT('Ctrl Pts',(6.60525791195515,0.903357522037563,-0.5));
#4204=CARTESIAN_POINT('Ctrl Pts',(6.58195390072161,0.905386776363815,-0.5));
#4205=CARTESIAN_POINT('Ctrl Pts',(6.5586737175737,0.907218416175499,-0.5));
#4206=CARTESIAN_POINT('Ctrl Pts',(6.53542116725981,0.908859323612599,-0.5));
#4207=CARTESIAN_POINT('Ctrl Pts',(6.5122053410738,0.910221050248129,-0.5));
#4208=CARTESIAN_POINT('Ctrl Pts',(6.4890429911396,0.911072987219754,-0.5));
#4209=CARTESIAN_POINT('Ctrl Pts',(6.46595481719808,0.911105068738672,-0.5));
#4210=CARTESIAN_POINT('Ctrl Pts',(6.44755978970361,0.910223780411022,-0.5));
#4211=CARTESIAN_POINT('Ctrl Pts',(6.43381299344649,0.90894167261934,-0.5));
#4212=CARTESIAN_POINT('Ctrl Pts',(6.42467133104104,0.907796702189697,-0.5));
#4213=CARTESIAN_POINT('Ctrl Pts',(6.42010621698977,0.907151658222881,-0.5));
#4214=CARTESIAN_POINT('Origin',(-4.86277684785819E-13,6.31088724176809E-29,
-0.499999999999998));
#4215=CARTESIAN_POINT('Origin',(-5.32907051820075E-13,8.97060203897126E-13,
-0.499999999999998));
#4216=CARTESIAN_POINT('',(-5.10639924979611,3.99566948960108,-0.5));
#4217=CARTESIAN_POINT('',(-6.80963265845249,4.29318099512904,-0.5));
#4218=CARTESIAN_POINT('Ctrl Pts',(-5.10639924979611,3.99566948960108,-0.5));
#4219=CARTESIAN_POINT('Ctrl Pts',(-5.11003023255228,3.99851067108854,-0.5));
#4220=CARTESIAN_POINT('Ctrl Pts',(-5.1173746592134,4.00407307576992,-0.5));
#4221=CARTESIAN_POINT('Ctrl Pts',(-5.12863868009687,4.01205681181646,-0.5));
#4222=CARTESIAN_POINT('Ctrl Pts',(-5.14412859704656,4.0220175436435,-0.5));
#4223=CARTESIAN_POINT('Ctrl Pts',(-5.16413958296637,4.03353384720388,-0.5));
#4224=CARTESIAN_POINT('Ctrl Pts',(-5.18462473490655,4.04437722311113,-0.5));
#4225=CARTESIAN_POINT('Ctrl Pts',(-5.20541109347124,4.05480584634476,-0.5));
#4226=CARTESIAN_POINT('Ctrl Pts',(-5.2263688464644,4.06501105397592,-0.5));
#4227=CARTESIAN_POINT('Ctrl Pts',(-5.24744589638109,4.07506489894237,-0.5));
#4228=CARTESIAN_POINT('Ctrl Pts',(-5.26864238928253,4.08495951876187,-0.5));
#4229=CARTESIAN_POINT('Ctrl Pts',(-5.28999023235436,4.09463888636312,-0.5));
#4230=CARTESIAN_POINT('Ctrl Pts',(-5.31153158243441,4.10403210751308,-0.5));
#4231=CARTESIAN_POINT('Ctrl Pts',(-5.33329585325223,4.11308904982442,-0.5));
#4232=CARTESIAN_POINT('Ctrl Pts',(-5.35528325855538,4.12180578567937,-0.5));
#4233=CARTESIAN_POINT('Ctrl Pts',(-5.37747634752865,4.13020646058192,-0.5));
#4234=CARTESIAN_POINT('Ctrl Pts',(-5.39984755701274,4.13833135735498,-0.5));
#4235=CARTESIAN_POINT('Ctrl Pts',(-5.42236784324244,4.14622329074993,-0.5));
#4236=CARTESIAN_POINT('Ctrl Pts',(-5.44501593686419,4.15391300771124,-0.5));
#4237=CARTESIAN_POINT('Ctrl Pts',(-5.4677838436907,4.16141050586001,-0.5));
#4238=CARTESIAN_POINT('Ctrl Pts',(-5.49067164603075,4.1687132002936,-0.5));
#4239=CARTESIAN_POINT('Ctrl Pts',(-5.51368424009969,4.17581104211481,-0.5));
#4240=CARTESIAN_POINT('Ctrl Pts',(-5.53682754744453,4.18269246584062,-0.5));
#4241=CARTESIAN_POINT('Ctrl Pts',(-5.56010438958324,4.18935086559738,-0.5));
#4242=CARTESIAN_POINT('Ctrl Pts',(-5.58351239415406,4.19578787818057,-0.5));
#4243=CARTESIAN_POINT('Ctrl Pts',(-5.60704621918068,4.20200987795013,-0.5));
#4244=CARTESIAN_POINT('Ctrl Pts',(-5.63069888448014,4.2080258754078,-0.5));
#4245=CARTESIAN_POINT('Ctrl Pts',(-5.6544633481685,4.2138450309003,-0.5));
#4246=CARTESIAN_POINT('Ctrl Pts',(-5.67833423933056,4.21947392225435,-0.5));
#4247=CARTESIAN_POINT('Ctrl Pts',(-5.70230860995841,4.22491535673773,-0.5));
#4248=CARTESIAN_POINT('Ctrl Pts',(-5.72638496679408,4.23016989119085,-0.5));
#4249=CARTESIAN_POINT('Ctrl Pts',(-5.75056268550316,4.23523675036585,-0.5));
#4250=CARTESIAN_POINT('Ctrl Pts',(-5.77484132065568,4.24011490960945,-0.5));
#4251=CARTESIAN_POINT('Ctrl Pts',(-5.79921984082528,4.24480429526512,-0.5));
#4252=CARTESIAN_POINT('Ctrl Pts',(-5.82369632007119,4.24930626793579,-0.5));
#4253=CARTESIAN_POINT('Ctrl Pts',(-5.84826834415888,4.25362298234605,-0.5));
#4254=CARTESIAN_POINT('Ctrl Pts',(-5.87293325056867,4.2577570087674,-0.5));
#4255=CARTESIAN_POINT('Ctrl Pts',(-5.89768841360319,4.26171088358311,-0.5));
#4256=CARTESIAN_POINT('Ctrl Pts',(-5.92253156034146,4.26548661199116,-0.5));
#4257=CARTESIAN_POINT('Ctrl Pts',(-5.94746088991977,4.26908547870888,-0.5));
#4258=CARTESIAN_POINT('Ctrl Pts',(-5.97247489527549,4.27250832477896,-0.5));
#4259=CARTESIAN_POINT('Ctrl Pts',(-5.99757225404619,4.27575571621832,-0.5));
#4260=CARTESIAN_POINT('Ctrl Pts',(-6.0227517003745,4.27882814307399,-0.5));
#4261=CARTESIAN_POINT('Ctrl Pts',(-6.04801188202726,4.28172624106391,-0.5));
#4262=CARTESIAN_POINT('Ctrl Pts',(-6.073351302886,4.28445088197793,-0.5));
#4263=CARTESIAN_POINT('Ctrl Pts',(-6.09876839968314,4.28700305704841,-0.5));
#4264=CARTESIAN_POINT('Ctrl Pts',(-6.1242615872208,4.2893838096057,-0.5));
#4265=CARTESIAN_POINT('Ctrl Pts',(-6.14982931177687,4.29159415455024,-0.5));
#4266=CARTESIAN_POINT('Ctrl Pts',(-6.1754701099763,4.2936349917171,-0.5));
#4267=CARTESIAN_POINT('Ctrl Pts',(-6.20118263180475,4.295507068272,-0.5));
#4268=CARTESIAN_POINT('Ctrl Pts',(-6.22696560078964,4.29721102807053,-0.5));
#4269=CARTESIAN_POINT('Ctrl Pts',(-6.25281778738044,4.29874744267251,-0.5));
#4270=CARTESIAN_POINT('Ctrl Pts',(-6.27873797900478,4.30011684853572,-0.5));
#4271=CARTESIAN_POINT('Ctrl Pts',(-6.30472494521901,4.30131978835308,-0.5));
#4272=CARTESIAN_POINT('Ctrl Pts',(-6.33077742398379,4.30235683305714,-0.5));
#4273=CARTESIAN_POINT('Ctrl Pts',(-6.35689415219526,4.30322856091785,-0.5));
#4274=CARTESIAN_POINT('Ctrl Pts',(-6.38307388732317,4.3039355467563,-0.5));
#4275=CARTESIAN_POINT('Ctrl Pts',(-6.40931542990151,4.30447834879993,-0.5));
#4276=CARTESIAN_POINT('Ctrl Pts',(-6.4356176506055,4.30485749658692,-0.5));
#4277=CARTESIAN_POINT('Ctrl Pts',(-6.46197949787218,4.30507348334012,-0.5));
#4278=CARTESIAN_POINT('Ctrl Pts',(-6.48839995313468,4.30512677102579,-0.5));
#4279=CARTESIAN_POINT('Ctrl Pts',(-6.51487799410018,4.30501779400465,-0.5));
#4280=CARTESIAN_POINT('Ctrl Pts',(-6.54141255747742,4.30474696427131,-0.5));
#4281=CARTESIAN_POINT('Ctrl Pts',(-6.56800249425406,4.30431467746553,-0.5));
#4282=CARTESIAN_POINT('Ctrl Pts',(-6.59464654958469,4.30372131887205,-0.5));
#4283=CARTESIAN_POINT('Ctrl Pts',(-6.62134344813509,4.30296726565518,-0.5));
#4284=CARTESIAN_POINT('Ctrl Pts',(-6.64809196435819,4.30205289089661,-0.5));
#4285=CARTESIAN_POINT('Ctrl Pts',(-6.67489099669613,4.30097856750411,-0.5));
#4286=CARTESIAN_POINT('Ctrl Pts',(-6.70173964364928,4.29974467472264,-0.5));
#4287=CARTESIAN_POINT('Ctrl Pts',(-6.72863726795694,4.29835160078879,-0.5));
#4288=CARTESIAN_POINT('Ctrl Pts',(-6.75558344722758,4.29679970583879,-0.5));
#4289=CARTESIAN_POINT('Ctrl Pts',(-6.77717903715507,4.29543137250027,-0.5));
#4290=CARTESIAN_POINT('Ctrl Pts',(-6.79339741671742,4.2943338800169,-0.5));
#4291=CARTESIAN_POINT('Ctrl Pts',(-6.8042193052866,4.29357056555894,-0.5));
#4292=CARTESIAN_POINT('Ctrl Pts',(-6.80963265845249,4.29318099512904,-0.5));
#4293=CARTESIAN_POINT('',(-4.83573738512088,3.78388124082196,-0.5));
#4294=CARTESIAN_POINT('',(-4.37836223409226,3.42599306035121,-0.5));
#4295=CARTESIAN_POINT('',(-4.03165667324955,3.84246246195618,-0.5));
#4296=CARTESIAN_POINT('Origin',(-4.465989327991,4.25641311725854,-0.5));
#4297=CARTESIAN_POINT('',(-3.84246246195618,4.03165667324955,-0.5));
#4298=CARTESIAN_POINT('Origin',(0.,0.,-0.5));
#4299=CARTESIAN_POINT('',(-3.78388124082195,4.83573738512088,-0.5));
#4300=CARTESIAN_POINT('Origin',(-4.25641311725854,4.465989327991,-0.5));
#4301=CARTESIAN_POINT('',(-3.99566948960108,5.10639924979611,-0.5));
#4302=CARTESIAN_POINT('',(-3.4259930603512,4.37836223409226,-0.5));
#4303=CARTESIAN_POINT('',(-4.29318099512903,6.8096326584525,-0.5));
#4304=CARTESIAN_POINT('Ctrl Pts',(-4.29318099512904,6.8096326584525,-0.5));
#4305=CARTESIAN_POINT('Ctrl Pts',(-4.29357056555894,6.8042193052866,-0.5));
#4306=CARTESIAN_POINT('Ctrl Pts',(-4.2943338800169,6.79339741671742,-0.5));
#4307=CARTESIAN_POINT('Ctrl Pts',(-4.29543137250027,6.77717903715507,-0.5));
#4308=CARTESIAN_POINT('Ctrl Pts',(-4.29679970583879,6.75558344722758,-0.5));
#4309=CARTESIAN_POINT('Ctrl Pts',(-4.29835160078878,6.72863726795694,-0.5));
#4310=CARTESIAN_POINT('Ctrl Pts',(-4.29974467472264,6.70173964364928,-0.5));
#4311=CARTESIAN_POINT('Ctrl Pts',(-4.30097856750411,6.67489099669613,-0.5));
#4312=CARTESIAN_POINT('Ctrl Pts',(-4.30205289089661,6.6480919643582,-0.5));
#4313=CARTESIAN_POINT('Ctrl Pts',(-4.30296726565517,6.62134344813509,-0.5));
#4314=CARTESIAN_POINT('Ctrl Pts',(-4.30372131887205,6.59464654958469,-0.5));
#4315=CARTESIAN_POINT('Ctrl Pts',(-4.30431467746552,6.56800249425406,-0.5));
#4316=CARTESIAN_POINT('Ctrl Pts',(-4.30474696427131,6.54141255747742,-0.5));
#4317=CARTESIAN_POINT('Ctrl Pts',(-4.30501779400464,6.51487799410018,-0.5));
#4318=CARTESIAN_POINT('Ctrl Pts',(-4.30512677102579,6.48839995313468,-0.5));
#4319=CARTESIAN_POINT('Ctrl Pts',(-4.30507348334012,6.46197949787219,-0.5));
#4320=CARTESIAN_POINT('Ctrl Pts',(-4.30485749658691,6.43561765060551,-0.5));
#4321=CARTESIAN_POINT('Ctrl Pts',(-4.30447834879993,6.40931542990152,-0.5));
#4322=CARTESIAN_POINT('Ctrl Pts',(-4.30393554675629,6.38307388732317,-0.5));
#4323=CARTESIAN_POINT('Ctrl Pts',(-4.30322856091785,6.35689415219526,-0.5));
#4324=CARTESIAN_POINT('Ctrl Pts',(-4.30235683305713,6.33077742398379,-0.5));
#4325=CARTESIAN_POINT('Ctrl Pts',(-4.30131978835307,6.30472494521902,-0.5));
#4326=CARTESIAN_POINT('Ctrl Pts',(-4.30011684853572,6.27873797900478,-0.5));
#4327=CARTESIAN_POINT('Ctrl Pts',(-4.29874744267251,6.25281778738045,-0.5));
#4328=CARTESIAN_POINT('Ctrl Pts',(-4.29721102807053,6.22696560078964,-0.5));
#4329=CARTESIAN_POINT('Ctrl Pts',(-4.295507068272,6.20118263180475,-0.5));
#4330=CARTESIAN_POINT('Ctrl Pts',(-4.2936349917171,6.1754701099763,-0.5));
#4331=CARTESIAN_POINT('Ctrl Pts',(-4.29159415455024,6.14982931177688,-0.5));
#4332=CARTESIAN_POINT('Ctrl Pts',(-4.2893838096057,6.12426158722081,-0.5));
#4333=CARTESIAN_POINT('Ctrl Pts',(-4.28700305704841,6.09876839968314,-0.5));
#4334=CARTESIAN_POINT('Ctrl Pts',(-4.28445088197793,6.073351302886,-0.5));
#4335=CARTESIAN_POINT('Ctrl Pts',(-4.28172624106391,6.04801188202727,-0.5));
#4336=CARTESIAN_POINT('Ctrl Pts',(-4.27882814307398,6.0227517003745,-0.5));
#4337=CARTESIAN_POINT('Ctrl Pts',(-4.27575571621832,5.99757225404619,-0.5));
#4338=CARTESIAN_POINT('Ctrl Pts',(-4.27250832477896,5.97247489527549,-0.5));
#4339=CARTESIAN_POINT('Ctrl Pts',(-4.26908547870887,5.94746088991977,-0.5));
#4340=CARTESIAN_POINT('Ctrl Pts',(-4.26548661199116,5.92253156034146,-0.5));
#4341=CARTESIAN_POINT('Ctrl Pts',(-4.2617108835831,5.89768841360319,-0.5));
#4342=CARTESIAN_POINT('Ctrl Pts',(-4.2577570087674,5.87293325056867,-0.5));
#4343=CARTESIAN_POINT('Ctrl Pts',(-4.25362298234605,5.84826834415889,-0.5));
#4344=CARTESIAN_POINT('Ctrl Pts',(-4.24930626793579,5.82369632007119,-0.5));
#4345=CARTESIAN_POINT('Ctrl Pts',(-4.24480429526512,5.79921984082529,-0.5));
#4346=CARTESIAN_POINT('Ctrl Pts',(-4.24011490960945,5.77484132065568,-0.5));
#4347=CARTESIAN_POINT('Ctrl Pts',(-4.23523675036585,5.75056268550317,-0.5));
#4348=CARTESIAN_POINT('Ctrl Pts',(-4.23016989119085,5.72638496679408,-0.5));
#4349=CARTESIAN_POINT('Ctrl Pts',(-4.22491535673773,5.70230860995842,-0.5));
#4350=CARTESIAN_POINT('Ctrl Pts',(-4.21947392225434,5.67833423933057,-0.5));
#4351=CARTESIAN_POINT('Ctrl Pts',(-4.2138450309003,5.6544633481685,-0.5));
#4352=CARTESIAN_POINT('Ctrl Pts',(-4.2080258754078,5.63069888448014,-0.5));
#4353=CARTESIAN_POINT('Ctrl Pts',(-4.20200987795013,5.60704621918068,-0.5));
#4354=CARTESIAN_POINT('Ctrl Pts',(-4.19578787818056,5.58351239415406,-0.5));
#4355=CARTESIAN_POINT('Ctrl Pts',(-4.18935086559738,5.56010438958324,-0.5));
#4356=CARTESIAN_POINT('Ctrl Pts',(-4.18269246584061,5.53682754744453,-0.5));
#4357=CARTESIAN_POINT('Ctrl Pts',(-4.17581104211481,5.51368424009969,-0.5));
#4358=CARTESIAN_POINT('Ctrl Pts',(-4.1687132002936,5.49067164603075,-0.5));
#4359=CARTESIAN_POINT('Ctrl Pts',(-4.16141050586001,5.46778384369071,-0.5));
#4360=CARTESIAN_POINT('Ctrl Pts',(-4.15391300771124,5.44501593686419,-0.5));
#4361=CARTESIAN_POINT('Ctrl Pts',(-4.14622329074992,5.42236784324244,-0.5));
#4362=CARTESIAN_POINT('Ctrl Pts',(-4.13833135735498,5.39984755701274,-0.5));
#4363=CARTESIAN_POINT('Ctrl Pts',(-4.13020646058192,5.37747634752865,-0.5));
#4364=CARTESIAN_POINT('Ctrl Pts',(-4.12180578567937,5.35528325855538,-0.5));
#4365=CARTESIAN_POINT('Ctrl Pts',(-4.11308904982441,5.33329585325223,-0.5));
#4366=CARTESIAN_POINT('Ctrl Pts',(-4.10403210751308,5.31153158243442,-0.5));
#4367=CARTESIAN_POINT('Ctrl Pts',(-4.09463888636312,5.28999023235437,-0.5));
#4368=CARTESIAN_POINT('Ctrl Pts',(-4.08495951876186,5.26864238928253,-0.5));
#4369=CARTESIAN_POINT('Ctrl Pts',(-4.07506489894237,5.24744589638109,-0.5));
#4370=CARTESIAN_POINT('Ctrl Pts',(-4.06501105397591,5.2263688464644,-0.5));
#4371=CARTESIAN_POINT('Ctrl Pts',(-4.05480584634476,5.20541109347124,-0.5));
#4372=CARTESIAN_POINT('Ctrl Pts',(-4.04437722311113,5.18462473490655,-0.5));
#4373=CARTESIAN_POINT('Ctrl Pts',(-4.03353384720388,5.16413958296638,-0.5));
#4374=CARTESIAN_POINT('Ctrl Pts',(-4.02201754364349,5.14412859704656,-0.5));
#4375=CARTESIAN_POINT('Ctrl Pts',(-4.01205681181646,5.12863868009687,-0.5));
#4376=CARTESIAN_POINT('Ctrl Pts',(-4.00407307576991,5.1173746592134,-0.5));
#4377=CARTESIAN_POINT('Ctrl Pts',(-3.99851067108853,5.11003023255228,-0.5));
#4378=CARTESIAN_POINT('Ctrl Pts',(-3.99566948960108,5.10639924979611,-0.5));
#4379=CARTESIAN_POINT('Origin',(-4.86277684785819E-13,6.31088724176809E-29,
-0.499999999999998));
#4380=CARTESIAN_POINT('Origin',(-5.32907051820075E-13,8.97060203897126E-13,
-0.499999999999998));
#4381=CARTESIAN_POINT('',(-8.04390537022454,-0.313187475600046,-0.5));
#4382=CARTESIAN_POINT('',(-6.42010621698977,-0.907151658222879,-0.5));
#4383=CARTESIAN_POINT('Ctrl Pts',(-8.04390537022454,-0.313187475600057,
-0.5));
#4384=CARTESIAN_POINT('Ctrl Pts',(-8.03941205407817,-0.316231530071859,
-0.5));
#4385=CARTESIAN_POINT('Ctrl Pts',(-8.03042168088932,-0.322303524068117,
-0.5));
#4386=CARTESIAN_POINT('Ctrl Pts',(-8.01692489842179,-0.331363170220352,
-0.5));
#4387=CARTESIAN_POINT('Ctrl Pts',(-7.99890673560413,-0.343345976616104,
-0.5));
#4388=CARTESIAN_POINT('Ctrl Pts',(-7.97634660729582,-0.358163046702121,
-0.5));
#4389=CARTESIAN_POINT('Ctrl Pts',(-7.95374911831087,-0.372818296272026,
-0.5));
#4390=CARTESIAN_POINT('Ctrl Pts',(-7.93111445438293,-0.387311202242901,
-0.5));
#4391=CARTESIAN_POINT('Ctrl Pts',(-7.90844297327769,-0.401641109761649,
-0.5));
#4392=CARTESIAN_POINT('Ctrl Pts',(-7.88573526609423,-0.415807239642697,
-0.5));
#4393=CARTESIAN_POINT('Ctrl Pts',(-7.86299210035576,-0.429808718159517,
-0.5));
#4394=CARTESIAN_POINT('Ctrl Pts',(-7.84021435087634,-0.443644609440336,
-0.5));
#4395=CARTESIAN_POINT('Ctrl Pts',(-7.81740293354563,-0.457313949184185,
-0.5));
#4396=CARTESIAN_POINT('Ctrl Pts',(-7.79455874244928,-0.470815776301976,
-0.5));
#4397=CARTESIAN_POINT('Ctrl Pts',(-7.77168257484129,-0.484149173653466,
-0.5));
#4398=CARTESIAN_POINT('Ctrl Pts',(-7.74877514556158,-0.497313252795215,
-0.5));
#4399=CARTESIAN_POINT('Ctrl Pts',(-7.72583712276135,-0.5103071264134,-0.5));
#4400=CARTESIAN_POINT('Ctrl Pts',(-7.70286915756226,-0.523129885150075,
-0.5));
#4401=CARTESIAN_POINT('Ctrl Pts',(-7.6798719140331,-0.535780576080235,-0.5));
#4402=CARTESIAN_POINT('Ctrl Pts',(-7.65684610542876,-0.548258175947975,
-0.5));
#4403=CARTESIAN_POINT('Ctrl Pts',(-7.63379249140354,-0.560561601581149,
-0.5));
#4404=CARTESIAN_POINT('Ctrl Pts',(-7.61071186060966,-0.572689733904961,
-0.5));
#4405=CARTESIAN_POINT('Ctrl Pts',(-7.58760501779216,-0.584641440571025,
-0.5));
#4406=CARTESIAN_POINT('Ctrl Pts',(-7.56447277044292,-0.596415596117559,
-0.5));
#4407=CARTESIAN_POINT('Ctrl Pts',(-7.54131591281092,-0.608011115336901,
-0.5));
#4408=CARTESIAN_POINT('Ctrl Pts',(-7.51813522678576,-0.619426927356791,
-0.5));
#4409=CARTESIAN_POINT('Ctrl Pts',(-7.49493149140951,-0.630661922416643,
-0.5));
#4410=CARTESIAN_POINT('Ctrl Pts',(-7.47170549021206,-0.641714904684868,
-0.5));
#4411=CARTESIAN_POINT('Ctrl Pts',(-7.44845801875727,-0.652584552089804,
-0.5));
#4412=CARTESIAN_POINT('Ctrl Pts',(-7.42518989444757,-0.663269353663903,
-0.5));
#4413=CARTESIAN_POINT('Ctrl Pts',(-7.40190195539557,-0.673767653616531,
-0.5));
#4414=CARTESIAN_POINT('Ctrl Pts',(-7.3785950527577,-0.684077755798165,-0.5));
#4415=CARTESIAN_POINT('Ctrl Pts',(-7.35527004474723,-0.694198020142614,
-0.5));
#4416=CARTESIAN_POINT('Ctrl Pts',(-7.33192779114586,-0.704126943598496,
-0.5));
#4417=CARTESIAN_POINT('Ctrl Pts',(-7.30856914516286,-0.713863299501326,
-0.5));
#4418=CARTESIAN_POINT('Ctrl Pts',(-7.28519495803936,-0.723406030529253,
-0.5));
#4419=CARTESIAN_POINT('Ctrl Pts',(-7.26180609196637,-0.732753985316027,
-0.5));
#4420=CARTESIAN_POINT('Ctrl Pts',(-7.23840343157706,-0.741905681965996,
-0.5));
#4421=CARTESIAN_POINT('Ctrl Pts',(-7.21498789410648,-0.750859107449478,
-0.5));
#4422=CARTESIAN_POINT('Ctrl Pts',(-7.19156044536297,-0.759611388753559,
-0.5));
#4423=CARTESIAN_POINT('Ctrl Pts',(-7.1681220910755,-0.768159016457241,-0.5));
#4424=CARTESIAN_POINT('Ctrl Pts',(-7.14467385191801,-0.77649843338025,-0.5));
#4425=CARTESIAN_POINT('Ctrl Pts',(-7.12121674131662,-0.784626566359105,
-0.5));
#4426=CARTESIAN_POINT('Ctrl Pts',(-7.09775174688353,-0.792541274106696,
-0.5));
#4427=CARTESIAN_POINT('Ctrl Pts',(-7.0742797986884,-0.800242104698289,-0.5));
#4428=CARTESIAN_POINT('Ctrl Pts',(-7.05080179481158,-0.807729722794658,
-0.5));
#4429=CARTESIAN_POINT('Ctrl Pts',(-7.02731866356643,-0.815004487612946,
-0.5));
#4430=CARTESIAN_POINT('Ctrl Pts',(-7.00383141973208,-0.82206517028623,-0.5));
#4431=CARTESIAN_POINT('Ctrl Pts',(-6.9803412127244,-0.828907865645332,-0.5));
#4432=CARTESIAN_POINT('Ctrl Pts',(-6.95684940497902,-0.835524191667621,
-0.5));
#4433=CARTESIAN_POINT('Ctrl Pts',(-6.93335751477297,-0.84190269431815,-0.5));
#4434=CARTESIAN_POINT('Ctrl Pts',(-6.90986708187115,-0.848032080182033,
-0.5));
#4435=CARTESIAN_POINT('Ctrl Pts',(-6.88637954538076,-0.853904157913482,
-0.5));
#4436=CARTESIAN_POINT('Ctrl Pts',(-6.86289614142963,-0.859516323825146,
-0.5));
#4437=CARTESIAN_POINT('Ctrl Pts',(-6.83941772944835,-0.864875709530407,
-0.5));
#4438=CARTESIAN_POINT('Ctrl Pts',(-6.81594496396828,-0.869995291804869,
-0.5));
#4439=CARTESIAN_POINT('Ctrl Pts',(-6.79247862919114,-0.874886221356461,
-0.5));
#4440=CARTESIAN_POINT('Ctrl Pts',(-6.76901994628675,-0.879550777930926,
-0.5));
#4441=CARTESIAN_POINT('Ctrl Pts',(-6.74557083961386,-0.88397630624078,-0.5));
#4442=CARTESIAN_POINT('Ctrl Pts',(-6.72213435550073,-0.888125543974224,
-0.5));
#4443=CARTESIAN_POINT('Ctrl Pts',(-6.69871423921015,-0.891946890586321,
-0.5));
#4444=CARTESIAN_POINT('Ctrl Pts',(-6.67531421972684,-0.895391678549425,
-0.5));
#4445=CARTESIAN_POINT('Ctrl Pts',(-6.6519373371481,-0.898430271836105,-0.5));
#4446=CARTESIAN_POINT('Ctrl Pts',(-6.62858537017198,-0.9010661787369,-0.5));
#4447=CARTESIAN_POINT('Ctrl Pts',(-6.60525791195515,-0.903357522037562,
-0.5));
#4448=CARTESIAN_POINT('Ctrl Pts',(-6.58195390072161,-0.905386776363814,
-0.5));
#4449=CARTESIAN_POINT('Ctrl Pts',(-6.5586737175737,-0.907218416175498,-0.5));
#4450=CARTESIAN_POINT('Ctrl Pts',(-6.53542116725981,-0.908859323612598,
-0.5));
#4451=CARTESIAN_POINT('Ctrl Pts',(-6.5122053410738,-0.910221050248127,-0.5));
#4452=CARTESIAN_POINT('Ctrl Pts',(-6.4890429911396,-0.911072987219753,-0.5));
#4453=CARTESIAN_POINT('Ctrl Pts',(-6.46595481719808,-0.911105068738671,
-0.5));
#4454=CARTESIAN_POINT('Ctrl Pts',(-6.44755978970361,-0.91022378041102,-0.5));
#4455=CARTESIAN_POINT('Ctrl Pts',(-6.43381299344649,-0.908941672619339,
-0.5));
#4456=CARTESIAN_POINT('Ctrl Pts',(-6.42467133104104,-0.907796702189696,
-0.5));
#4457=CARTESIAN_POINT('Ctrl Pts',(-6.42010621698977,-0.907151658222879,
-0.5));
#4458=CARTESIAN_POINT('',(-7.12282013405255,-3.7507243750955,-0.5));
#4459=CARTESIAN_POINT('Origin',(-4.86277684785819E-13,6.31088724176809E-29,
-0.499999999999998));
#4460=CARTESIAN_POINT('',(-6.013550908019,-2.42443672738869,-0.5));
#4461=CARTESIAN_POINT('Ctrl Pts',(-6.013550908019,-2.42443672738869,-0.5));
#4462=CARTESIAN_POINT('Ctrl Pts',(-6.01782693474198,-2.42616065995251,-0.5));
#4463=CARTESIAN_POINT('Ctrl Pts',(-6.02631633183274,-2.42973991767658,-0.5));
#4464=CARTESIAN_POINT('Ctrl Pts',(-6.03886246050789,-2.43550297788715,-0.5));
#4465=CARTESIAN_POINT('Ctrl Pts',(-6.05523366578524,-2.44393727355458,-0.5));
#4466=CARTESIAN_POINT('Ctrl Pts',(-6.07521257018613,-2.45550914393571,-0.5));
#4467=CARTESIAN_POINT('Ctrl Pts',(-6.09484578515468,-2.46782811796267,-0.5));
#4468=CARTESIAN_POINT('Ctrl Pts',(-6.11427041708384,-2.48061532091505,-0.5));
#4469=CARTESIAN_POINT('Ctrl Pts',(-6.1335872626399,-2.49366266359778,-0.5));
#4470=CARTESIAN_POINT('Ctrl Pts',(-6.15283267274491,-2.50688900177924,-0.5));
#4471=CARTESIAN_POINT('Ctrl Pts',(-6.1719999113201,-2.52029839319328,-0.5));
#4472=CARTESIAN_POINT('Ctrl Pts',(-6.19105641109127,-2.53394648380886,-0.5));
#4473=CARTESIAN_POINT('Ctrl Pts',(-6.20996185427052,-2.54790522963502,-0.5));
#4474=CARTESIAN_POINT('Ctrl Pts',(-6.22868753180166,-2.56222516990243,-0.5));
#4475=CARTESIAN_POINT('Ctrl Pts',(-6.2472301491417,-2.57690845353078,-0.5));
#4476=CARTESIAN_POINT('Ctrl Pts',(-6.26560189150288,-2.59192789491881,-0.5));
#4477=CARTESIAN_POINT('Ctrl Pts',(-6.28382386325352,-2.60723948225888,-0.5));
#4478=CARTESIAN_POINT('Ctrl Pts',(-6.30191862117337,-2.62279665553682,-0.5));
#4479=CARTESIAN_POINT('Ctrl Pts',(-6.31990215822066,-2.63856562147989,-0.5));
#4480=CARTESIAN_POINT('Ctrl Pts',(-6.33777913549558,-2.65453445810827,-0.5));
#4481=CARTESIAN_POINT('Ctrl Pts',(-6.35554735556116,-2.67070452915475,-0.5));
#4482=CARTESIAN_POINT('Ctrl Pts',(-6.37320056392484,-2.68708509931483,-0.5));
#4483=CARTESIAN_POINT('Ctrl Pts',(-6.39073170535802,-2.70368707954014,-0.5));
#4484=CARTESIAN_POINT('Ctrl Pts',(-6.40813646976528,-2.72051621627377,-0.5));
#4485=CARTESIAN_POINT('Ctrl Pts',(-6.42541508847221,-2.7375696365924,-0.5));
#4486=CARTESIAN_POINT('Ctrl Pts',(-6.4425704108483,-2.75483952702889,-0.5));
#4487=CARTESIAN_POINT('Ctrl Pts',(-6.45960675012548,-2.7723153373166,-0.5));
#4488=CARTESIAN_POINT('Ctrl Pts',(-6.47652851845473,-2.78998638883178,-0.5));
#4489=CARTESIAN_POINT('Ctrl Pts',(-6.49333872694351,-2.80784474131208,-0.5));
#4490=CARTESIAN_POINT('Ctrl Pts',(-6.51003833275307,-2.82588643807385,-0.5));
#4491=CARTESIAN_POINT('Ctrl Pts',(-6.52662707149237,-2.84410990749755,-0.5));
#4492=CARTESIAN_POINT('Ctrl Pts',(-6.54310395960986,-2.86251499651768,-0.5));
#4493=CARTESIAN_POINT('Ctrl Pts',(-6.55946788701478,-2.88110183170717,-0.5));
#4494=CARTESIAN_POINT('Ctrl Pts',(-6.57571827420554,-2.89986955665289,-0.5));
#4495=CARTESIAN_POINT('Ctrl Pts',(-6.59185533652843,-2.91881582313971,-0.5));
#4496=CARTESIAN_POINT('Ctrl Pts',(-6.60787973291245,-2.93793746301692,-0.5));
#4497=CARTESIAN_POINT('Ctrl Pts',(-6.62379235801815,-2.95723088533908,-0.5));
#4498=CARTESIAN_POINT('Ctrl Pts',(-6.63959409556919,-2.97669254799396,-0.5));
#4499=CARTESIAN_POINT('Ctrl Pts',(-6.65528554565749,-2.99631947997522,-0.5));
#4500=CARTESIAN_POINT('Ctrl Pts',(-6.67086692044902,-3.01610947933048,-0.5));
#4501=CARTESIAN_POINT('Ctrl Pts',(-6.68633819477682,-3.0360608203839,-0.5));
#4502=CARTESIAN_POINT('Ctrl Pts',(-6.70169919764469,-3.05617207492753,-0.5));
#4503=CARTESIAN_POINT('Ctrl Pts',(-6.71694972051712,-3.07644190167325,-0.5));
#4504=CARTESIAN_POINT('Ctrl Pts',(-6.73208963782543,-3.09686881169379,-0.5));
#4505=CARTESIAN_POINT('Ctrl Pts',(-6.74711895650254,-3.11745107341763,-0.5));
#4506=CARTESIAN_POINT('Ctrl Pts',(-6.76203775334704,-3.13818683739916,-0.5));
#4507=CARTESIAN_POINT('Ctrl Pts',(-6.77684613931061,-3.15907420915157,-0.5));
#4508=CARTESIAN_POINT('Ctrl Pts',(-6.79154421646175,-3.18011133566182,-0.5));
#4509=CARTESIAN_POINT('Ctrl Pts',(-6.80613203239295,-3.20129649969241,-0.5));
#4510=CARTESIAN_POINT('Ctrl Pts',(-6.82060955916155,-3.22262815851376,-0.5));
#4511=CARTESIAN_POINT('Ctrl Pts',(-6.83497671612655,-3.24410488474039,-0.5));
#4512=CARTESIAN_POINT('Ctrl Pts',(-6.84923338349801,-3.26572532777041,-0.5));
#4513=CARTESIAN_POINT('Ctrl Pts',(-6.86337941957581,-3.28748816925644,-0.5));
#4514=CARTESIAN_POINT('Ctrl Pts',(-6.87741467912398,-3.30939207225658,-0.5));
#4515=CARTESIAN_POINT('Ctrl Pts',(-6.89133902556494,-3.3314356583464,-0.5));
#4516=CARTESIAN_POINT('Ctrl Pts',(-6.90515232814324,-3.35361754451091,-0.5));
#4517=CARTESIAN_POINT('Ctrl Pts',(-6.91885446340341,-3.3759363672768,-0.5));
#4518=CARTESIAN_POINT('Ctrl Pts',(-6.93244531505159,-3.39839080876232,-0.5));
#4519=CARTESIAN_POINT('Ctrl Pts',(-6.94592477701891,-3.42097962617443,-0.5));
#4520=CARTESIAN_POINT('Ctrl Pts',(-6.9592927506674,-3.44370166222146,-0.5));
#4521=CARTESIAN_POINT('Ctrl Pts',(-6.97254912678815,-3.4665558038155,-0.5));
#4522=CARTESIAN_POINT('Ctrl Pts',(-6.98569377040216,-3.48954094844464,-0.5));
#4523=CARTESIAN_POINT('Ctrl Pts',(-6.99872650666161,-3.51265596927432,-0.5));
#4524=CARTESIAN_POINT('Ctrl Pts',(-7.0116471036944,-3.53589967341081,-0.5));
#4525=CARTESIAN_POINT('Ctrl Pts',(-7.02445526774421,-3.55927078148371,-0.5));
#4526=CARTESIAN_POINT('Ctrl Pts',(-7.03715068777779,-3.58276800043905,-0.5));
#4527=CARTESIAN_POINT('Ctrl Pts',(-7.04973307411985,-3.60639008238108,-0.5));
#4528=CARTESIAN_POINT('Ctrl Pts',(-7.06220219893903,-3.63013588687882,-0.5));
#4529=CARTESIAN_POINT('Ctrl Pts',(-7.0745579399213,-3.65400444358822,-0.5));
#4530=CARTESIAN_POINT('Ctrl Pts',(-7.08680031465907,-3.67799500650704,-0.5));
#4531=CARTESIAN_POINT('Ctrl Pts',(-7.09892942384368,-3.70210702976534,-0.5));
#4532=CARTESIAN_POINT('Ctrl Pts',(-7.10854220737543,-3.72149352592152,-0.5));
#4533=CARTESIAN_POINT('Ctrl Pts',(-7.11570094078554,-3.73608780087242,-0.5));
#4534=CARTESIAN_POINT('Ctrl Pts',(-7.12045083535846,-3.74584148851923,-0.5));
#4535=CARTESIAN_POINT('Ctrl Pts',(-7.12282013405255,-3.7507243750955,-0.5));
#4536=CARTESIAN_POINT('',(-5.69480597201563,-2.29593080113384,-0.5));
#4537=CARTESIAN_POINT('',(-5.15617814049947,-2.07877639151869,-0.5));
#4538=CARTESIAN_POINT('',(-5.34349844176693,-1.57028586739308,-0.5));
#4539=CARTESIAN_POINT('Origin',(-5.91915655254271,-1.73945365244113,-0.5));
#4540=CARTESIAN_POINT('',(-5.41274832934926,-1.31184176851737,-0.5));
#4541=CARTESIAN_POINT('Origin',(0.,0.,-0.5));
#4542=CARTESIAN_POINT('',(-6.07981204195579,-0.859068586894754,-0.5));
#4543=CARTESIAN_POINT('Origin',(-5.99586676969967,-1.4531672245517,-0.5));
#4544=CARTESIAN_POINT('',(-5.50476945186989,-0.777815906407204,-0.5));
#4545=CARTESIAN_POINT('Origin',(-5.32907051820075E-13,8.97060203897126E-13,
-0.499999999999998));
#4546=CARTESIAN_POINT('',(-3.75072437509551,-7.12282013405254,-0.5));
#4547=CARTESIAN_POINT('',(-2.4244367273887,-6.01355090801899,-0.5));
#4548=CARTESIAN_POINT('Ctrl Pts',(-3.75072437509551,-7.12282013405255,-0.5));
#4549=CARTESIAN_POINT('Ctrl Pts',(-3.74584148851923,-7.12045083535846,-0.5));
#4550=CARTESIAN_POINT('Ctrl Pts',(-3.73608780087242,-7.11570094078554,-0.5));
#4551=CARTESIAN_POINT('Ctrl Pts',(-3.72149352592152,-7.10854220737542,-0.5));
#4552=CARTESIAN_POINT('Ctrl Pts',(-3.70210702976534,-7.09892942384368,-0.5));
#4553=CARTESIAN_POINT('Ctrl Pts',(-3.67799500650704,-7.08680031465906,-0.5));
#4554=CARTESIAN_POINT('Ctrl Pts',(-3.65400444358823,-7.0745579399213,-0.5));
#4555=CARTESIAN_POINT('Ctrl Pts',(-3.63013588687882,-7.06220219893902,-0.5));
#4556=CARTESIAN_POINT('Ctrl Pts',(-3.60639008238109,-7.04973307411984,-0.5));
#4557=CARTESIAN_POINT('Ctrl Pts',(-3.58276800043906,-7.03715068777779,-0.5));
#4558=CARTESIAN_POINT('Ctrl Pts',(-3.55927078148372,-7.02445526774421,-0.5));
#4559=CARTESIAN_POINT('Ctrl Pts',(-3.53589967341081,-7.0116471036944,-0.5));
#4560=CARTESIAN_POINT('Ctrl Pts',(-3.51265596927433,-6.9987265066616,-0.5));
#4561=CARTESIAN_POINT('Ctrl Pts',(-3.48954094844464,-6.98569377040215,-0.5));
#4562=CARTESIAN_POINT('Ctrl Pts',(-3.4665558038155,-6.97254912678815,-0.5));
#4563=CARTESIAN_POINT('Ctrl Pts',(-3.44370166222147,-6.9592927506674,-0.5));
#4564=CARTESIAN_POINT('Ctrl Pts',(-3.42097962617444,-6.9459247770189,-0.5));
#4565=CARTESIAN_POINT('Ctrl Pts',(-3.39839080876233,-6.93244531505159,-0.5));
#4566=CARTESIAN_POINT('Ctrl Pts',(-3.37593636727681,-6.9188544634034,-0.5));
#4567=CARTESIAN_POINT('Ctrl Pts',(-3.35361754451092,-6.90515232814324,-0.5));
#4568=CARTESIAN_POINT('Ctrl Pts',(-3.33143565834641,-6.89133902556494,-0.5));
#4569=CARTESIAN_POINT('Ctrl Pts',(-3.30939207225659,-6.87741467912397,-0.5));
#4570=CARTESIAN_POINT('Ctrl Pts',(-3.28748816925645,-6.8633794195758,-0.5));
#4571=CARTESIAN_POINT('Ctrl Pts',(-3.26572532777042,-6.849233383498,-0.5));
#4572=CARTESIAN_POINT('Ctrl Pts',(-3.2441048847404,-6.83497671612654,-0.5));
#4573=CARTESIAN_POINT('Ctrl Pts',(-3.22262815851376,-6.82060955916154,-0.5));
#4574=CARTESIAN_POINT('Ctrl Pts',(-3.20129649969241,-6.80613203239294,-0.5));
#4575=CARTESIAN_POINT('Ctrl Pts',(-3.18011133566183,-6.79154421646174,-0.5));
#4576=CARTESIAN_POINT('Ctrl Pts',(-3.15907420915158,-6.77684613931061,-0.5));
#4577=CARTESIAN_POINT('Ctrl Pts',(-3.13818683739916,-6.76203775334704,-0.5));
#4578=CARTESIAN_POINT('Ctrl Pts',(-3.11745107341763,-6.74711895650253,-0.5));
#4579=CARTESIAN_POINT('Ctrl Pts',(-3.09686881169379,-6.73208963782543,-0.5));
#4580=CARTESIAN_POINT('Ctrl Pts',(-3.07644190167325,-6.71694972051712,-0.5));
#4581=CARTESIAN_POINT('Ctrl Pts',(-3.05617207492754,-6.70169919764468,-0.5));
#4582=CARTESIAN_POINT('Ctrl Pts',(-3.03606082038391,-6.68633819477682,-0.5));
#4583=CARTESIAN_POINT('Ctrl Pts',(-3.01610947933049,-6.67086692044902,-0.5));
#4584=CARTESIAN_POINT('Ctrl Pts',(-2.99631947997522,-6.65528554565749,-0.5));
#4585=CARTESIAN_POINT('Ctrl Pts',(-2.97669254799396,-6.63959409556919,-0.5));
#4586=CARTESIAN_POINT('Ctrl Pts',(-2.95723088533909,-6.62379235801814,-0.5));
#4587=CARTESIAN_POINT('Ctrl Pts',(-2.93793746301693,-6.60787973291245,-0.5));
#4588=CARTESIAN_POINT('Ctrl Pts',(-2.91881582313971,-6.59185533652843,-0.5));
#4589=CARTESIAN_POINT('Ctrl Pts',(-2.89986955665289,-6.57571827420553,-0.5));
#4590=CARTESIAN_POINT('Ctrl Pts',(-2.88110183170717,-6.55946788701478,-0.5));
#4591=CARTESIAN_POINT('Ctrl Pts',(-2.86251499651768,-6.54310395960986,-0.5));
#4592=CARTESIAN_POINT('Ctrl Pts',(-2.84410990749756,-6.52662707149237,-0.5));
#4593=CARTESIAN_POINT('Ctrl Pts',(-2.82588643807386,-6.51003833275307,-0.5));
#4594=CARTESIAN_POINT('Ctrl Pts',(-2.80784474131209,-6.49333872694351,-0.5));
#4595=CARTESIAN_POINT('Ctrl Pts',(-2.78998638883179,-6.47652851845473,-0.5));
#4596=CARTESIAN_POINT('Ctrl Pts',(-2.77231533731661,-6.45960675012547,-0.5));
#4597=CARTESIAN_POINT('Ctrl Pts',(-2.75483952702889,-6.4425704108483,-0.5));
#4598=CARTESIAN_POINT('Ctrl Pts',(-2.7375696365924,-6.4254150884722,-0.5));
#4599=CARTESIAN_POINT('Ctrl Pts',(-2.72051621627377,-6.40813646976528,-0.5));
#4600=CARTESIAN_POINT('Ctrl Pts',(-2.70368707954015,-6.39073170535801,-0.5));
#4601=CARTESIAN_POINT('Ctrl Pts',(-2.68708509931483,-6.37320056392484,-0.5));
#4602=CARTESIAN_POINT('Ctrl Pts',(-2.67070452915475,-6.35554735556116,-0.5));
#4603=CARTESIAN_POINT('Ctrl Pts',(-2.65453445810827,-6.33777913549557,-0.5));
#4604=CARTESIAN_POINT('Ctrl Pts',(-2.6385656214799,-6.31990215822065,-0.5));
#4605=CARTESIAN_POINT('Ctrl Pts',(-2.62279665553683,-6.30191862117336,-0.5));
#4606=CARTESIAN_POINT('Ctrl Pts',(-2.60723948225889,-6.28382386325352,-0.5));
#4607=CARTESIAN_POINT('Ctrl Pts',(-2.59192789491881,-6.26560189150288,-0.5));
#4608=CARTESIAN_POINT('Ctrl Pts',(-2.57690845353078,-6.2472301491417,-0.5));
#4609=CARTESIAN_POINT('Ctrl Pts',(-2.56222516990243,-6.22868753180165,-0.5));
#4610=CARTESIAN_POINT('Ctrl Pts',(-2.54790522963503,-6.20996185427052,-0.5));
#4611=CARTESIAN_POINT('Ctrl Pts',(-2.53394648380887,-6.19105641109126,-0.5));
#4612=CARTESIAN_POINT('Ctrl Pts',(-2.52029839319329,-6.1719999113201,-0.5));
#4613=CARTESIAN_POINT('Ctrl Pts',(-2.50688900177925,-6.1528326727449,-0.5));
#4614=CARTESIAN_POINT('Ctrl Pts',(-2.49366266359779,-6.1335872626399,-0.5));
#4615=CARTESIAN_POINT('Ctrl Pts',(-2.48061532091505,-6.11427041708384,-0.5));
#4616=CARTESIAN_POINT('Ctrl Pts',(-2.46782811796267,-6.09484578515468,-0.5));
#4617=CARTESIAN_POINT('Ctrl Pts',(-2.45550914393572,-6.07521257018613,-0.5));
#4618=CARTESIAN_POINT('Ctrl Pts',(-2.44393727355458,-6.05523366578523,-0.5));
#4619=CARTESIAN_POINT('Ctrl Pts',(-2.43550297788716,-6.03886246050789,-0.5));
#4620=CARTESIAN_POINT('Ctrl Pts',(-2.42973991767658,-6.02631633183274,-0.5));
#4621=CARTESIAN_POINT('Ctrl Pts',(-2.42616065995251,-6.01782693474197,-0.5));
#4622=CARTESIAN_POINT('Ctrl Pts',(-2.4244367273887,-6.01355090801899,-0.5));
#4623=CARTESIAN_POINT('',(-0.31318747560006,-8.04390537022454,-0.5));
#4624=CARTESIAN_POINT('Origin',(-4.86277684785819E-13,6.31088724176809E-29,
-0.499999999999998));
#4625=CARTESIAN_POINT('',(-0.907151658222883,-6.42010621698977,-0.5));
#4626=CARTESIAN_POINT('Ctrl Pts',(-0.907151658222883,-6.42010621698977,
-0.5));
#4627=CARTESIAN_POINT('Ctrl Pts',(-0.907796702189698,-6.42467133104104,
-0.5));
#4628=CARTESIAN_POINT('Ctrl Pts',(-0.908941672619341,-6.43381299344649,
-0.5));
#4629=CARTESIAN_POINT('Ctrl Pts',(-0.910223780411023,-6.44755978970361,
-0.5));
#4630=CARTESIAN_POINT('Ctrl Pts',(-0.911105068738673,-6.46595481719808,
-0.5));
#4631=CARTESIAN_POINT('Ctrl Pts',(-0.911072987219756,-6.4890429911396,-0.5));
#4632=CARTESIAN_POINT('Ctrl Pts',(-0.91022105024813,-6.5122053410738,-0.5));
#4633=CARTESIAN_POINT('Ctrl Pts',(-0.9088593236126,-6.53542116725981,-0.5));
#4634=CARTESIAN_POINT('Ctrl Pts',(-0.9072184161755,-6.5586737175737,-0.5));
#4635=CARTESIAN_POINT('Ctrl Pts',(-0.905386776363816,-6.58195390072162,
-0.5));
#4636=CARTESIAN_POINT('Ctrl Pts',(-0.903357522037565,-6.60525791195515,
-0.5));
#4637=CARTESIAN_POINT('Ctrl Pts',(-0.901066178736902,-6.62858537017198,
-0.5));
#4638=CARTESIAN_POINT('Ctrl Pts',(-0.898430271836107,-6.6519373371481,-0.5));
#4639=CARTESIAN_POINT('Ctrl Pts',(-0.895391678549428,-6.67531421972684,
-0.5));
#4640=CARTESIAN_POINT('Ctrl Pts',(-0.891946890586323,-6.69871423921015,
-0.5));
#4641=CARTESIAN_POINT('Ctrl Pts',(-0.888125543974227,-6.72213435550073,
-0.5));
#4642=CARTESIAN_POINT('Ctrl Pts',(-0.883976306240782,-6.74557083961386,
-0.5));
#4643=CARTESIAN_POINT('Ctrl Pts',(-0.879550777930928,-6.76901994628675,
-0.5));
#4644=CARTESIAN_POINT('Ctrl Pts',(-0.874886221356463,-6.79247862919114,
-0.5));
#4645=CARTESIAN_POINT('Ctrl Pts',(-0.869995291804871,-6.81594496396828,
-0.5));
#4646=CARTESIAN_POINT('Ctrl Pts',(-0.864875709530409,-6.83941772944835,
-0.5));
#4647=CARTESIAN_POINT('Ctrl Pts',(-0.859516323825149,-6.86289614142963,
-0.5));
#4648=CARTESIAN_POINT('Ctrl Pts',(-0.853904157913484,-6.88637954538076,
-0.5));
#4649=CARTESIAN_POINT('Ctrl Pts',(-0.848032080182035,-6.90986708187115,
-0.5));
#4650=CARTESIAN_POINT('Ctrl Pts',(-0.841902694318152,-6.93335751477297,
-0.5));
#4651=CARTESIAN_POINT('Ctrl Pts',(-0.835524191667623,-6.95684940497902,
-0.5));
#4652=CARTESIAN_POINT('Ctrl Pts',(-0.828907865645333,-6.9803412127244,-0.5));
#4653=CARTESIAN_POINT('Ctrl Pts',(-0.822065170286234,-7.00383141973208,
-0.5));
#4654=CARTESIAN_POINT('Ctrl Pts',(-0.815004487612948,-7.02731866356643,
-0.5));
#4655=CARTESIAN_POINT('Ctrl Pts',(-0.80772972279466,-7.05080179481158,-0.5));
#4656=CARTESIAN_POINT('Ctrl Pts',(-0.800242104698292,-7.0742797986884,-0.5));
#4657=CARTESIAN_POINT('Ctrl Pts',(-0.792541274106699,-7.09775174688353,
-0.5));
#4658=CARTESIAN_POINT('Ctrl Pts',(-0.784626566359107,-7.12121674131662,
-0.5));
#4659=CARTESIAN_POINT('Ctrl Pts',(-0.776498433380252,-7.14467385191801,
-0.5));
#4660=CARTESIAN_POINT('Ctrl Pts',(-0.768159016457244,-7.1681220910755,-0.5));
#4661=CARTESIAN_POINT('Ctrl Pts',(-0.759611388753562,-7.19156044536297,
-0.5));
#4662=CARTESIAN_POINT('Ctrl Pts',(-0.750859107449481,-7.21498789410648,
-0.5));
#4663=CARTESIAN_POINT('Ctrl Pts',(-0.741905681965999,-7.23840343157706,
-0.5));
#4664=CARTESIAN_POINT('Ctrl Pts',(-0.732753985316029,-7.26180609196637,
-0.5));
#4665=CARTESIAN_POINT('Ctrl Pts',(-0.723406030529256,-7.28519495803936,
-0.5));
#4666=CARTESIAN_POINT('Ctrl Pts',(-0.713863299501328,-7.30856914516286,
-0.5));
#4667=CARTESIAN_POINT('Ctrl Pts',(-0.704126943598499,-7.33192779114585,
-0.5));
#4668=CARTESIAN_POINT('Ctrl Pts',(-0.694198020142616,-7.35527004474723,
-0.5));
#4669=CARTESIAN_POINT('Ctrl Pts',(-0.684077755798168,-7.3785950527577,-0.5));
#4670=CARTESIAN_POINT('Ctrl Pts',(-0.673767653616533,-7.40190195539556,
-0.5));
#4671=CARTESIAN_POINT('Ctrl Pts',(-0.663269353663906,-7.42518989444757,
-0.5));
#4672=CARTESIAN_POINT('Ctrl Pts',(-0.652584552089807,-7.44845801875727,
-0.5));
#4673=CARTESIAN_POINT('Ctrl Pts',(-0.641714904684871,-7.47170549021206,
-0.5));
#4674=CARTESIAN_POINT('Ctrl Pts',(-0.630661922416646,-7.49493149140951,
-0.5));
#4675=CARTESIAN_POINT('Ctrl Pts',(-0.619426927356794,-7.51813522678576,
-0.5));
#4676=CARTESIAN_POINT('Ctrl Pts',(-0.608011115336904,-7.54131591281093,
-0.5));
#4677=CARTESIAN_POINT('Ctrl Pts',(-0.596415596117562,-7.56447277044292,
-0.5));
#4678=CARTESIAN_POINT('Ctrl Pts',(-0.584641440571028,-7.58760501779217,
-0.5));
#4679=CARTESIAN_POINT('Ctrl Pts',(-0.572689733904964,-7.61071186060966,
-0.5));
#4680=CARTESIAN_POINT('Ctrl Pts',(-0.560561601581153,-7.63379249140354,
-0.5));
#4681=CARTESIAN_POINT('Ctrl Pts',(-0.548258175947978,-7.65684610542876,
-0.5));
#4682=CARTESIAN_POINT('Ctrl Pts',(-0.535780576080238,-7.6798719140331,-0.5));
#4683=CARTESIAN_POINT('Ctrl Pts',(-0.523129885150078,-7.70286915756226,
-0.5));
#4684=CARTESIAN_POINT('Ctrl Pts',(-0.510307126413402,-7.72583712276135,
-0.5));
#4685=CARTESIAN_POINT('Ctrl Pts',(-0.497313252795218,-7.74877514556159,
-0.5));
#4686=CARTESIAN_POINT('Ctrl Pts',(-0.48414917365347,-7.77168257484129,-0.5));
#4687=CARTESIAN_POINT('Ctrl Pts',(-0.470815776301979,-7.79455874244928,
-0.5));
#4688=CARTESIAN_POINT('Ctrl Pts',(-0.457313949184188,-7.81740293354563,
-0.5));
#4689=CARTESIAN_POINT('Ctrl Pts',(-0.443644609440338,-7.84021435087634,
-0.5));
#4690=CARTESIAN_POINT('Ctrl Pts',(-0.429808718159519,-7.86299210035576,
-0.5));
#4691=CARTESIAN_POINT('Ctrl Pts',(-0.4158072396427,-7.88573526609423,-0.5));
#4692=CARTESIAN_POINT('Ctrl Pts',(-0.401641109761652,-7.90844297327769,
-0.5));
#4693=CARTESIAN_POINT('Ctrl Pts',(-0.387311202242904,-7.93111445438293,
-0.5));
#4694=CARTESIAN_POINT('Ctrl Pts',(-0.372818296272028,-7.95374911831087,
-0.5));
#4695=CARTESIAN_POINT('Ctrl Pts',(-0.358163046702125,-7.97634660729582,
-0.5));
#4696=CARTESIAN_POINT('Ctrl Pts',(-0.343345976616107,-7.99890673560413,
-0.5));
#4697=CARTESIAN_POINT('Ctrl Pts',(-0.331363170220356,-8.01692489842179,
-0.5));
#4698=CARTESIAN_POINT('Ctrl Pts',(-0.32230352406812,-8.03042168088932,-0.5));
#4699=CARTESIAN_POINT('Ctrl Pts',(-0.316231530071862,-8.03941205407817,
-0.5));
#4700=CARTESIAN_POINT('Ctrl Pts',(-0.31318747560006,-8.04390537022454,-0.5));
#4701=CARTESIAN_POINT('',(-0.859068586894756,-6.07981204195579,-0.5));
#4702=CARTESIAN_POINT('',(-0.777815906407206,-5.50476945186989,-0.5));
#4703=CARTESIAN_POINT('',(-1.31184176851737,-5.41274832934926,-0.5));
#4704=CARTESIAN_POINT('Origin',(-1.45316722455171,-5.99586676969967,-0.5));
#4705=CARTESIAN_POINT('',(-1.57028586739308,-5.34349844176693,-0.5));
#4706=CARTESIAN_POINT('Origin',(0.,0.,-0.5));
#4707=CARTESIAN_POINT('',(-2.29593080113384,-5.69480597201563,-0.5));
#4708=CARTESIAN_POINT('Origin',(-1.73945365244113,-5.9191565525427,-0.5));
#4709=CARTESIAN_POINT('',(-2.07877639151869,-5.15617814049947,-0.5));
#4710=CARTESIAN_POINT('Origin',(-5.32907051820075E-13,8.97060203897126E-13,
-0.499999999999998));
#4711=CARTESIAN_POINT('',(4.29318099512902,-6.8096326584525,-0.5));
#4712=CARTESIAN_POINT('',(3.99566948960108,-5.10639924979612,-0.5));
#4713=CARTESIAN_POINT('Ctrl Pts',(4.29318099512903,-6.8096326584525,-0.5));
#4714=CARTESIAN_POINT('Ctrl Pts',(4.29357056555893,-6.8042193052866,-0.5));
#4715=CARTESIAN_POINT('Ctrl Pts',(4.29433388001689,-6.79339741671743,-0.5));
#4716=CARTESIAN_POINT('Ctrl Pts',(4.29543137250026,-6.77717903715508,-0.5));
#4717=CARTESIAN_POINT('Ctrl Pts',(4.29679970583878,-6.75558344722758,-0.5));
#4718=CARTESIAN_POINT('Ctrl Pts',(4.29835160078878,-6.72863726795694,-0.5));
#4719=CARTESIAN_POINT('Ctrl Pts',(4.29974467472264,-6.70173964364928,-0.5));
#4720=CARTESIAN_POINT('Ctrl Pts',(4.30097856750411,-6.67489099669613,-0.5));
#4721=CARTESIAN_POINT('Ctrl Pts',(4.3020528908966,-6.6480919643582,-0.5));
#4722=CARTESIAN_POINT('Ctrl Pts',(4.30296726565517,-6.62134344813509,-0.5));
#4723=CARTESIAN_POINT('Ctrl Pts',(4.30372131887204,-6.59464654958469,-0.5));
#4724=CARTESIAN_POINT('Ctrl Pts',(4.30431467746552,-6.56800249425407,-0.5));
#4725=CARTESIAN_POINT('Ctrl Pts',(4.3047469642713,-6.54141255747742,-0.5));
#4726=CARTESIAN_POINT('Ctrl Pts',(4.30501779400464,-6.51487799410018,-0.5));
#4727=CARTESIAN_POINT('Ctrl Pts',(4.30512677102579,-6.48839995313468,-0.5));
#4728=CARTESIAN_POINT('Ctrl Pts',(4.30507348334012,-6.46197949787219,-0.5));
#4729=CARTESIAN_POINT('Ctrl Pts',(4.30485749658691,-6.43561765060551,-0.5));
#4730=CARTESIAN_POINT('Ctrl Pts',(4.30447834879993,-6.40931542990152,-0.5));
#4731=CARTESIAN_POINT('Ctrl Pts',(4.30393554675629,-6.38307388732317,-0.5));
#4732=CARTESIAN_POINT('Ctrl Pts',(4.30322856091784,-6.35689415219527,-0.5));
#4733=CARTESIAN_POINT('Ctrl Pts',(4.30235683305713,-6.33077742398379,-0.5));
#4734=CARTESIAN_POINT('Ctrl Pts',(4.30131978835307,-6.30472494521902,-0.5));
#4735=CARTESIAN_POINT('Ctrl Pts',(4.30011684853572,-6.27873797900478,-0.5));
#4736=CARTESIAN_POINT('Ctrl Pts',(4.2987474426725,-6.25281778738045,-0.5));
#4737=CARTESIAN_POINT('Ctrl Pts',(4.29721102807053,-6.22696560078965,-0.5));
#4738=CARTESIAN_POINT('Ctrl Pts',(4.29550706827199,-6.20118263180476,-0.5));
#4739=CARTESIAN_POINT('Ctrl Pts',(4.29363499171709,-6.17547010997631,-0.5));
#4740=CARTESIAN_POINT('Ctrl Pts',(4.29159415455023,-6.14982931177688,-0.5));
#4741=CARTESIAN_POINT('Ctrl Pts',(4.28938380960569,-6.12426158722081,-0.5));
#4742=CARTESIAN_POINT('Ctrl Pts',(4.2870030570484,-6.09876839968314,-0.5));
#4743=CARTESIAN_POINT('Ctrl Pts',(4.28445088197793,-6.07335130288601,-0.5));
#4744=CARTESIAN_POINT('Ctrl Pts',(4.2817262410639,-6.04801188202727,-0.5));
#4745=CARTESIAN_POINT('Ctrl Pts',(4.27882814307398,-6.02275170037451,-0.5));
#4746=CARTESIAN_POINT('Ctrl Pts',(4.27575571621831,-5.99757225404619,-0.5));
#4747=CARTESIAN_POINT('Ctrl Pts',(4.27250832477895,-5.97247489527549,-0.5));
#4748=CARTESIAN_POINT('Ctrl Pts',(4.26908547870887,-5.94746088991977,-0.5));
#4749=CARTESIAN_POINT('Ctrl Pts',(4.26548661199115,-5.92253156034146,-0.5));
#4750=CARTESIAN_POINT('Ctrl Pts',(4.2617108835831,-5.8976884136032,-0.5));
#4751=CARTESIAN_POINT('Ctrl Pts',(4.2577570087674,-5.87293325056867,-0.5));
#4752=CARTESIAN_POINT('Ctrl Pts',(4.25362298234604,-5.84826834415889,-0.5));
#4753=CARTESIAN_POINT('Ctrl Pts',(4.24930626793578,-5.82369632007119,-0.5));
#4754=CARTESIAN_POINT('Ctrl Pts',(4.24480429526511,-5.79921984082529,-0.5));
#4755=CARTESIAN_POINT('Ctrl Pts',(4.24011490960945,-5.77484132065568,-0.5));
#4756=CARTESIAN_POINT('Ctrl Pts',(4.23523675036585,-5.75056268550317,-0.5));
#4757=CARTESIAN_POINT('Ctrl Pts',(4.23016989119084,-5.72638496679408,-0.5));
#4758=CARTESIAN_POINT('Ctrl Pts',(4.22491535673772,-5.70230860995842,-0.5));
#4759=CARTESIAN_POINT('Ctrl Pts',(4.21947392225434,-5.67833423933057,-0.5));
#4760=CARTESIAN_POINT('Ctrl Pts',(4.21384503090029,-5.6544633481685,-0.5));
#4761=CARTESIAN_POINT('Ctrl Pts',(4.20802587540779,-5.63069888448014,-0.5));
#4762=CARTESIAN_POINT('Ctrl Pts',(4.20200987795012,-5.60704621918068,-0.5));
#4763=CARTESIAN_POINT('Ctrl Pts',(4.19578787818056,-5.58351239415406,-0.5));
#4764=CARTESIAN_POINT('Ctrl Pts',(4.18935086559737,-5.56010438958325,-0.5));
#4765=CARTESIAN_POINT('Ctrl Pts',(4.18269246584061,-5.53682754744453,-0.5));
#4766=CARTESIAN_POINT('Ctrl Pts',(4.1758110421148,-5.5136842400997,-0.5));
#4767=CARTESIAN_POINT('Ctrl Pts',(4.16871320029359,-5.49067164603075,-0.5));
#4768=CARTESIAN_POINT('Ctrl Pts',(4.16141050586001,-5.46778384369071,-0.5));
#4769=CARTESIAN_POINT('Ctrl Pts',(4.15391300771124,-5.4450159368642,-0.5));
#4770=CARTESIAN_POINT('Ctrl Pts',(4.14622329074992,-5.42236784324244,-0.5));
#4771=CARTESIAN_POINT('Ctrl Pts',(4.13833135735497,-5.39984755701274,-0.5));
#4772=CARTESIAN_POINT('Ctrl Pts',(4.13020646058191,-5.37747634752866,-0.5));
#4773=CARTESIAN_POINT('Ctrl Pts',(4.12180578567937,-5.35528325855538,-0.5));
#4774=CARTESIAN_POINT('Ctrl Pts',(4.11308904982441,-5.33329585325223,-0.5));
#4775=CARTESIAN_POINT('Ctrl Pts',(4.10403210751307,-5.31153158243442,-0.5));
#4776=CARTESIAN_POINT('Ctrl Pts',(4.09463888636311,-5.28999023235437,-0.5));
#4777=CARTESIAN_POINT('Ctrl Pts',(4.08495951876186,-5.26864238928254,-0.5));
#4778=CARTESIAN_POINT('Ctrl Pts',(4.07506489894237,-5.24744589638109,-0.5));
#4779=CARTESIAN_POINT('Ctrl Pts',(4.06501105397591,-5.2263688464644,-0.5));
#4780=CARTESIAN_POINT('Ctrl Pts',(4.05480584634475,-5.20541109347125,-0.5));
#4781=CARTESIAN_POINT('Ctrl Pts',(4.04437722311113,-5.18462473490656,-0.5));
#4782=CARTESIAN_POINT('Ctrl Pts',(4.03353384720388,-5.16413958296638,-0.5));
#4783=CARTESIAN_POINT('Ctrl Pts',(4.02201754364349,-5.14412859704657,-0.5));
#4784=CARTESIAN_POINT('Ctrl Pts',(4.01205681181646,-5.12863868009687,-0.5));
#4785=CARTESIAN_POINT('Ctrl Pts',(4.00407307576991,-5.1173746592134,-0.5));
#4786=CARTESIAN_POINT('Ctrl Pts',(3.99851067108853,-5.11003023255228,-0.5));
#4787=CARTESIAN_POINT('Ctrl Pts',(3.99566948960108,-5.10639924979612,-0.5));
#4788=CARTESIAN_POINT('',(6.80963265845249,-4.29318099512904,-0.5));
#4789=CARTESIAN_POINT('Origin',(-4.86277684785819E-13,6.31088724176809E-29,
-0.499999999999998));
#4790=CARTESIAN_POINT('',(5.10639924979611,-3.99566948960108,-0.5));
#4791=CARTESIAN_POINT('Ctrl Pts',(5.10639924979611,-3.99566948960108,-0.5));
#4792=CARTESIAN_POINT('Ctrl Pts',(5.11003023255228,-3.99851067108854,-0.5));
#4793=CARTESIAN_POINT('Ctrl Pts',(5.11737465921339,-4.00407307576992,-0.5));
#4794=CARTESIAN_POINT('Ctrl Pts',(5.12863868009687,-4.01205681181646,-0.5));
#4795=CARTESIAN_POINT('Ctrl Pts',(5.14412859704656,-4.0220175436435,-0.5));
#4796=CARTESIAN_POINT('Ctrl Pts',(5.16413958296637,-4.03353384720388,-0.5));
#4797=CARTESIAN_POINT('Ctrl Pts',(5.18462473490655,-4.04437722311113,-0.5));
#4798=CARTESIAN_POINT('Ctrl Pts',(5.20541109347124,-4.05480584634476,-0.5));
#4799=CARTESIAN_POINT('Ctrl Pts',(5.2263688464644,-4.06501105397592,-0.5));
#4800=CARTESIAN_POINT('Ctrl Pts',(5.24744589638109,-4.07506489894237,-0.5));
#4801=CARTESIAN_POINT('Ctrl Pts',(5.26864238928253,-4.08495951876187,-0.5));
#4802=CARTESIAN_POINT('Ctrl Pts',(5.28999023235436,-4.09463888636312,-0.5));
#4803=CARTESIAN_POINT('Ctrl Pts',(5.31153158243441,-4.10403210751308,-0.5));
#4804=CARTESIAN_POINT('Ctrl Pts',(5.33329585325223,-4.11308904982442,-0.5));
#4805=CARTESIAN_POINT('Ctrl Pts',(5.35528325855538,-4.12180578567937,-0.5));
#4806=CARTESIAN_POINT('Ctrl Pts',(5.37747634752865,-4.13020646058192,-0.5));
#4807=CARTESIAN_POINT('Ctrl Pts',(5.39984755701274,-4.13833135735498,-0.5));
#4808=CARTESIAN_POINT('Ctrl Pts',(5.42236784324244,-4.14622329074993,-0.5));
#4809=CARTESIAN_POINT('Ctrl Pts',(5.44501593686419,-4.15391300771124,-0.5));
#4810=CARTESIAN_POINT('Ctrl Pts',(5.4677838436907,-4.16141050586001,-0.5));
#4811=CARTESIAN_POINT('Ctrl Pts',(5.49067164603075,-4.1687132002936,-0.5));
#4812=CARTESIAN_POINT('Ctrl Pts',(5.51368424009969,-4.17581104211481,-0.5));
#4813=CARTESIAN_POINT('Ctrl Pts',(5.53682754744453,-4.18269246584062,-0.5));
#4814=CARTESIAN_POINT('Ctrl Pts',(5.56010438958324,-4.18935086559738,-0.5));
#4815=CARTESIAN_POINT('Ctrl Pts',(5.58351239415405,-4.19578787818057,-0.5));
#4816=CARTESIAN_POINT('Ctrl Pts',(5.60704621918067,-4.20200987795013,-0.5));
#4817=CARTESIAN_POINT('Ctrl Pts',(5.63069888448014,-4.2080258754078,-0.5));
#4818=CARTESIAN_POINT('Ctrl Pts',(5.6544633481685,-4.2138450309003,-0.5));
#4819=CARTESIAN_POINT('Ctrl Pts',(5.67833423933056,-4.21947392225435,-0.5));
#4820=CARTESIAN_POINT('Ctrl Pts',(5.70230860995841,-4.22491535673773,-0.5));
#4821=CARTESIAN_POINT('Ctrl Pts',(5.72638496679407,-4.23016989119085,-0.5));
#4822=CARTESIAN_POINT('Ctrl Pts',(5.75056268550316,-4.23523675036585,-0.5));
#4823=CARTESIAN_POINT('Ctrl Pts',(5.77484132065567,-4.24011490960945,-0.5));
#4824=CARTESIAN_POINT('Ctrl Pts',(5.79921984082528,-4.24480429526512,-0.5));
#4825=CARTESIAN_POINT('Ctrl Pts',(5.82369632007119,-4.24930626793579,-0.5));
#4826=CARTESIAN_POINT('Ctrl Pts',(5.84826834415888,-4.25362298234605,-0.5));
#4827=CARTESIAN_POINT('Ctrl Pts',(5.87293325056866,-4.2577570087674,-0.5));
#4828=CARTESIAN_POINT('Ctrl Pts',(5.89768841360319,-4.26171088358311,-0.5));
#4829=CARTESIAN_POINT('Ctrl Pts',(5.92253156034146,-4.26548661199116,-0.5));
#4830=CARTESIAN_POINT('Ctrl Pts',(5.94746088991976,-4.26908547870888,-0.5));
#4831=CARTESIAN_POINT('Ctrl Pts',(5.97247489527549,-4.27250832477896,-0.5));
#4832=CARTESIAN_POINT('Ctrl Pts',(5.99757225404618,-4.27575571621832,-0.5));
#4833=CARTESIAN_POINT('Ctrl Pts',(6.0227517003745,-4.27882814307399,-0.5));
#4834=CARTESIAN_POINT('Ctrl Pts',(6.04801188202726,-4.28172624106391,-0.5));
#4835=CARTESIAN_POINT('Ctrl Pts',(6.073351302886,-4.28445088197794,-0.5));
#4836=CARTESIAN_POINT('Ctrl Pts',(6.09876839968313,-4.28700305704841,-0.5));
#4837=CARTESIAN_POINT('Ctrl Pts',(6.1242615872208,-4.2893838096057,-0.5));
#4838=CARTESIAN_POINT('Ctrl Pts',(6.14982931177687,-4.29159415455024,-0.5));
#4839=CARTESIAN_POINT('Ctrl Pts',(6.1754701099763,-4.2936349917171,-0.5));
#4840=CARTESIAN_POINT('Ctrl Pts',(6.20118263180475,-4.295507068272,-0.5));
#4841=CARTESIAN_POINT('Ctrl Pts',(6.22696560078964,-4.29721102807053,-0.5));
#4842=CARTESIAN_POINT('Ctrl Pts',(6.25281778738044,-4.29874744267251,-0.5));
#4843=CARTESIAN_POINT('Ctrl Pts',(6.27873797900478,-4.30011684853572,-0.5));
#4844=CARTESIAN_POINT('Ctrl Pts',(6.30472494521901,-4.30131978835308,-0.5));
#4845=CARTESIAN_POINT('Ctrl Pts',(6.33077742398379,-4.30235683305714,-0.5));
#4846=CARTESIAN_POINT('Ctrl Pts',(6.35689415219526,-4.30322856091785,-0.5));
#4847=CARTESIAN_POINT('Ctrl Pts',(6.38307388732317,-4.3039355467563,-0.5));
#4848=CARTESIAN_POINT('Ctrl Pts',(6.40931542990151,-4.30447834879993,-0.5));
#4849=CARTESIAN_POINT('Ctrl Pts',(6.4356176506055,-4.30485749658692,-0.5));
#4850=CARTESIAN_POINT('Ctrl Pts',(6.46197949787218,-4.30507348334012,-0.5));
#4851=CARTESIAN_POINT('Ctrl Pts',(6.48839995313468,-4.30512677102579,-0.5));
#4852=CARTESIAN_POINT('Ctrl Pts',(6.51487799410018,-4.30501779400465,-0.5));
#4853=CARTESIAN_POINT('Ctrl Pts',(6.54141255747742,-4.30474696427131,-0.5));
#4854=CARTESIAN_POINT('Ctrl Pts',(6.56800249425406,-4.30431467746553,-0.5));
#4855=CARTESIAN_POINT('Ctrl Pts',(6.59464654958469,-4.30372131887205,-0.5));
#4856=CARTESIAN_POINT('Ctrl Pts',(6.62134344813509,-4.30296726565518,-0.5));
#4857=CARTESIAN_POINT('Ctrl Pts',(6.64809196435819,-4.30205289089661,-0.5));
#4858=CARTESIAN_POINT('Ctrl Pts',(6.67489099669612,-4.30097856750412,-0.5));
#4859=CARTESIAN_POINT('Ctrl Pts',(6.70173964364927,-4.29974467472264,-0.5));
#4860=CARTESIAN_POINT('Ctrl Pts',(6.72863726795694,-4.29835160078879,-0.5));
#4861=CARTESIAN_POINT('Ctrl Pts',(6.75558344722758,-4.29679970583879,-0.5));
#4862=CARTESIAN_POINT('Ctrl Pts',(6.77717903715507,-4.29543137250027,-0.5));
#4863=CARTESIAN_POINT('Ctrl Pts',(6.79339741671742,-4.2943338800169,-0.5));
#4864=CARTESIAN_POINT('Ctrl Pts',(6.8042193052866,-4.29357056555894,-0.5));
#4865=CARTESIAN_POINT('Ctrl Pts',(6.80963265845249,-4.29318099512904,-0.5));
#4866=CARTESIAN_POINT('',(4.83573738512088,-3.78388124082196,-0.5));
#4867=CARTESIAN_POINT('',(4.37836223409226,-3.42599306035121,-0.5));
#4868=CARTESIAN_POINT('',(4.03165667324955,-3.84246246195618,-0.5));
#4869=CARTESIAN_POINT('Origin',(4.465989327991,-4.25641311725854,-0.5));
#4870=CARTESIAN_POINT('',(3.84246246195618,-4.03165667324956,-0.5));
#4871=CARTESIAN_POINT('Origin',(0.,0.,-0.5));
#4872=CARTESIAN_POINT('',(3.78388124082195,-4.83573738512088,-0.5));
#4873=CARTESIAN_POINT('Origin',(4.25641311725853,-4.465989327991,-0.5));
#4874=CARTESIAN_POINT('',(3.4259930603512,-4.37836223409227,-0.5));
#4875=CARTESIAN_POINT('Origin',(0.,0.,5.5));
#4876=CARTESIAN_POINT('',(5.41274832934926,-1.31184176851737,5.5));
#4877=CARTESIAN_POINT('',(5.34349844176693,-1.57028586739308,5.5));
#4878=CARTESIAN_POINT('Origin',(0.,0.,5.5));
#4879=CARTESIAN_POINT('',(6.07981204195579,-0.859068586894755,5.5));
#4880=CARTESIAN_POINT('Origin',(5.99586676969967,-1.45316722455171,5.5));
#4881=CARTESIAN_POINT('',(6.42010621698977,-0.907151658222881,5.5));
#4882=CARTESIAN_POINT('',(2.75238472593495,-0.388907953203603,5.5));
#4883=CARTESIAN_POINT('',(8.04390537022454,-0.313187475600057,5.5));
#4884=CARTESIAN_POINT('Ctrl Pts',(8.04390537022454,-0.313187475600057,5.5));
#4885=CARTESIAN_POINT('Ctrl Pts',(7.99542086679616,-0.346033922337032,5.5));
#4886=CARTESIAN_POINT('Ctrl Pts',(7.94667263743173,-0.377758071836488,5.5));
#4887=CARTESIAN_POINT('Ctrl Pts',(7.8976701049661,-0.408338347195094,5.5));
#4888=CARTESIAN_POINT('Ctrl Pts',(7.82517196019762,-0.453581176870546,5.5));
#4889=CARTESIAN_POINT('Ctrl Pts',(7.75212886411483,-0.496313219325585,5.5));
#4890=CARTESIAN_POINT('Ctrl Pts',(7.67865261611136,-0.536398868123365,5.5));
#4891=CARTESIAN_POINT('Ctrl Pts',(7.6113433490293,-0.573120063263322,5.5));
#4892=CARTESIAN_POINT('Ctrl Pts',(7.5436678439077,-0.607619832167505,5.5));
#4893=CARTESIAN_POINT('Ctrl Pts',(7.47571517128403,-0.639772203511603,5.5));
#4894=CARTESIAN_POINT('Ctrl Pts',(7.41788108734815,-0.667136880591347,5.5));
#4895=CARTESIAN_POINT('Ctrl Pts',(7.35984580008715,-0.692798180752293,5.5));
#4896=CARTESIAN_POINT('Ctrl Pts',(7.30166832430212,-0.716651408613698,5.5));
#4897=CARTESIAN_POINT('Ctrl Pts',(7.2631094436448,-0.732460856410957,5.5));
#4898=CARTESIAN_POINT('Ctrl Pts',(7.22448786097075,-0.74748301959804,5.5));
#4899=CARTESIAN_POINT('Ctrl Pts',(7.18582246305764,-0.76167099899999,5.5));
#4900=CARTESIAN_POINT('Ctrl Pts',(7.15284045535004,-0.773773500752127,5.5));
#4901=CARTESIAN_POINT('Ctrl Pts',(7.11982690684901,-0.78526127400771,5.5));
#4902=CARTESIAN_POINT('Ctrl Pts',(7.08679410854567,-0.796109242909408,5.5));
#4903=CARTESIAN_POINT('Ctrl Pts',(7.05888918505865,-0.805273218041386,5.5));
#4904=CARTESIAN_POINT('Ctrl Pts',(7.03097022914235,-0.813987625720011,5.5));
#4905=CARTESIAN_POINT('Ctrl Pts',(7.00304488837961,-0.822243059094108,5.5));
#4906=CARTESIAN_POINT('Ctrl Pts',(6.97856023301974,-0.829481339290163,5.5));
#4907=CARTESIAN_POINT('Ctrl Pts',(6.95407073114336,-0.836365321896319,5.5));
#4908=CARTESIAN_POINT('Ctrl Pts',(6.92958391920598,-0.842841830018738,5.5));
#4909=CARTESIAN_POINT('Ctrl Pts',(6.90953685428074,-0.848144071043455,5.5));
#4910=CARTESIAN_POINT('Ctrl Pts',(6.8894917658845,-0.853169214046757,5.5));
#4911=CARTESIAN_POINT('Ctrl Pts',(6.86945203024271,-0.857911796818483,5.5));
#4912=CARTESIAN_POINT('Ctrl Pts',(6.85058883848516,-0.862375939951315,5.5));
#4913=CARTESIAN_POINT('Ctrl Pts',(6.83173022191463,-0.866593579883856,5.5));
#4914=CARTESIAN_POINT('Ctrl Pts',(6.81287794781428,-0.870590611105032,5.5));
#4915=CARTESIAN_POINT('Ctrl Pts',(6.79637138799689,-0.874090307459599,5.5));
#4916=CARTESIAN_POINT('Ctrl Pts',(6.77986955568655,-0.877424059951121,5.5));
#4917=CARTESIAN_POINT('Ctrl Pts',(6.76337519562899,-0.880577611659382,5.5));
#4918=CARTESIAN_POINT('Ctrl Pts',(6.74020914464234,-0.885006721937546,5.5));
#4919=CARTESIAN_POINT('Ctrl Pts',(6.71705790540528,-0.88907712943885,5.5));
#4920=CARTESIAN_POINT('Ctrl Pts',(6.69393692787545,-0.892586652173692,5.5));
#4921=CARTESIAN_POINT('Ctrl Pts',(6.68095267059624,-0.894557526720742,5.5));
#4922=CARTESIAN_POINT('Ctrl Pts',(6.66797807923982,-0.8963491361905,5.5));
#4923=CARTESIAN_POINT('Ctrl Pts',(6.65501492779667,-0.897953359546451,5.5));
#4924=CARTESIAN_POINT('Ctrl Pts',(6.64038798977352,-0.89976348077397,5.5));
#4925=CARTESIAN_POINT('Ctrl Pts',(6.62577562682025,-0.901334068612564,5.5));
#4926=CARTESIAN_POINT('Ctrl Pts',(6.61117735943045,-0.902733724857506,5.5));
#4927=CARTESIAN_POINT('Ctrl Pts',(6.59880192448104,-0.903920259831027,5.5));
#4928=CARTESIAN_POINT('Ctrl Pts',(6.58643635169216,-0.904989720091142,5.5));
#4929=CARTESIAN_POINT('Ctrl Pts',(6.57408121859382,-0.905979342609123,5.5));
#4930=CARTESIAN_POINT('Ctrl Pts',(6.56386698268407,-0.906797483359191,5.5));
#4931=CARTESIAN_POINT('Ctrl Pts',(6.55365984346834,-0.907562050759116,5.5));
#4932=CARTESIAN_POINT('Ctrl Pts',(6.54346227807622,-0.908256988733394,5.5));
#4933=CARTESIAN_POINT('Ctrl Pts',(6.53356350178464,-0.908931564995412,5.5));
#4934=CARTESIAN_POINT('Ctrl Pts',(6.5236737150469,-0.909541254726859,5.5));
#4935=CARTESIAN_POINT('Ctrl Pts',(6.51379808438406,-0.910017893901811,5.5));
#4936=CARTESIAN_POINT('Ctrl Pts',(6.49807405940984,-0.910776801008255,5.5));
#4937=CARTESIAN_POINT('Ctrl Pts',(6.48238633311035,-0.911193169384619,5.5));
#4938=CARTESIAN_POINT('Ctrl Pts',(6.46676299712373,-0.910840562530653,5.5));
#4939=CARTESIAN_POINT('Ctrl Pts',(6.45735910465598,-0.910628323803858,5.5));
#4940=CARTESIAN_POINT('Ctrl Pts',(6.44797865299576,-0.910134911778604,5.5));
#4941=CARTESIAN_POINT('Ctrl Pts',(6.43862601941637,-0.90929107446169,5.5));
#4942=CARTESIAN_POINT('Ctrl Pts',(6.43244047694029,-0.908732986568868,5.5));
#4943=CARTESIAN_POINT('Ctrl Pts',(6.42626706414589,-0.908022176953388,5.5));
#4944=CARTESIAN_POINT('Ctrl Pts',(6.42010621698977,-0.907151658222881,5.5));
#4945=CARTESIAN_POINT('',(8.04390537022454,0.313187475600047,5.5));
#4946=CARTESIAN_POINT('Origin',(-4.86277684785819E-13,6.31088724176809E-29,
5.5));
#4947=CARTESIAN_POINT('',(6.42010621698977,0.907151658222881,5.5));
#4948=CARTESIAN_POINT('Ctrl Pts',(6.42010621698977,0.907151658222881,5.5));
#4949=CARTESIAN_POINT('Ctrl Pts',(6.42899130427777,0.908407108116441,5.5));
#4950=CARTESIAN_POINT('Ctrl Pts',(6.4379026696768,0.909328109756327,5.5));
#4951=CARTESIAN_POINT('Ctrl Pts',(6.4468384980917,0.909943684985116,5.5));
#4952=CARTESIAN_POINT('Ctrl Pts',(6.45793340744543,0.910707995919336,5.5));
#4953=CARTESIAN_POINT('Ctrl Pts',(6.46906597528585,0.911002639345632,5.5));
#4954=CARTESIAN_POINT('Ctrl Pts',(6.48022749629411,0.91096417036368,5.5));
#4955=CARTESIAN_POINT('Ctrl Pts',(6.49218543054847,0.910922956486407,5.5));
#4956=CARTESIAN_POINT('Ctrl Pts',(6.50417623192684,0.910505741168144,5.5));
#4957=CARTESIAN_POINT('Ctrl Pts',(6.51618738277943,0.90989995910743,5.5));
#4958=CARTESIAN_POINT('Ctrl Pts',(6.52598673962366,0.909405728816293,5.5));
#4959=CARTESIAN_POINT('Ctrl Pts',(6.53579951791714,0.908787857306827,5.5));
#4960=CARTESIAN_POINT('Ctrl Pts',(6.54562089080295,0.908108806180363,5.5));
#4961=CARTESIAN_POINT('Ctrl Pts',(6.55655640269622,0.907352723323525,5.5));
#4962=CARTESIAN_POINT('Ctrl Pts',(6.56750258506371,0.906520322983133,5.5));
#4963=CARTESIAN_POINT('Ctrl Pts',(6.57845671978945,0.905625382241993,5.5));
#4964=CARTESIAN_POINT('Ctrl Pts',(6.59335269089984,0.904408397810149,5.5));
#4965=CARTESIAN_POINT('Ctrl Pts',(6.60826343944316,0.903073351163782,5.5));
#4966=CARTESIAN_POINT('Ctrl Pts',(6.62318878173649,0.901542970982111,5.5));
#4967=CARTESIAN_POINT('Ctrl Pts',(6.63599159339758,0.900230225930725,5.5));
#4968=CARTESIAN_POINT('Ctrl Pts',(6.6488054718076,0.898767565188962,5.5));
#4969=CARTESIAN_POINT('Ctrl Pts',(6.66163040310729,0.897118809999647,5.5));
#4970=CARTESIAN_POINT('Ctrl Pts',(6.67609670734597,0.895259042206249,5.5));
#4971=CARTESIAN_POINT('Ctrl Pts',(6.69057705064012,0.893163148421226,5.5));
#4972=CARTESIAN_POINT('Ctrl Pts',(6.70506849280164,0.890854944955358,5.5));
#4973=CARTESIAN_POINT('Ctrl Pts',(6.72265672627737,0.88805348316745,5.5));
#4974=CARTESIAN_POINT('Ctrl Pts',(6.74026103550862,0.884945590682085,5.5));
#4975=CARTESIAN_POINT('Ctrl Pts',(6.75787455905116,0.881622390906683,5.5));
#4976=CARTESIAN_POINT('Ctrl Pts',(6.77385567423931,0.878607182832291,5.5));
#4977=CARTESIAN_POINT('Ctrl Pts',(6.78984426831209,0.875417485865017,5.5));
#4978=CARTESIAN_POINT('Ctrl Pts',(6.80583752792381,0.872073075946605,5.5));
#4979=CARTESIAN_POINT('Ctrl Pts',(6.83195911974959,0.866610692860997,5.5));
#4980=CARTESIAN_POINT('Ctrl Pts',(6.85809341712452,0.860728414314052,5.5));
#4981=CARTESIAN_POINT('Ctrl Pts',(6.88423553635125,0.854362662544355,5.5));
#4982=CARTESIAN_POINT('Ctrl Pts',(6.90679215528591,0.848870000084349,5.5));
#4983=CARTESIAN_POINT('Ctrl Pts',(6.92935473826096,0.843014743795525,5.5));
#4984=CARTESIAN_POINT('Ctrl Pts',(6.95191778996751,0.836823276933811,5.5));
#4985=CARTESIAN_POINT('Ctrl Pts',(6.97665778074902,0.830034442024642,5.5));
#4986=CARTESIAN_POINT('Ctrl Pts',(7.00139798385065,0.822849708118281,5.5));
#4987=CARTESIAN_POINT('Ctrl Pts',(7.02613123266052,0.815312752693739,5.5));
#4988=CARTESIAN_POINT('Ctrl Pts',(7.06501136460458,0.803464821853141,5.5));
#4989=CARTESIAN_POINT('Ctrl Pts',(7.10387461707705,0.790737768162249,5.5));
#4990=CARTESIAN_POINT('Ctrl Pts',(7.14270182379445,0.777136410216179,5.5));
#4991=CARTESIAN_POINT('Ctrl Pts',(7.18500453997755,0.762317564526732,5.5));
#4992=CARTESIAN_POINT('Ctrl Pts',(7.22726416541935,0.746468134055174,5.5));
#4993=CARTESIAN_POINT('Ctrl Pts',(7.26945468498033,0.72966883019089,5.5));
#4994=CARTESIAN_POINT('Ctrl Pts',(7.32578306797854,0.707240151141249,5.5));
#4995=CARTESIAN_POINT('Ctrl Pts',(7.38198879096226,0.683106336930955,5.5));
#4996=CARTESIAN_POINT('Ctrl Pts',(7.43801803459292,0.657354013323841,5.5));
#4997=CARTESIAN_POINT('Ctrl Pts',(7.51139902840278,0.623626427928258,5.5));
#4998=CARTESIAN_POINT('Ctrl Pts',(7.58447702458478,0.587137815600166,5.5));
#4999=CARTESIAN_POINT('Ctrl Pts',(7.65714011850394,0.548052761345593,5.5));
#5000=CARTESIAN_POINT('Ctrl Pts',(7.72236792833694,0.512967103018603,5.5));
#5001=CARTESIAN_POINT('Ctrl Pts',(7.78726153550602,0.475789605142839,5.5));
#5002=CARTESIAN_POINT('Ctrl Pts',(7.85174773062351,0.436615533869142,5.5));
#5003=CARTESIAN_POINT('Ctrl Pts',(7.90070828952733,0.406872975471891,5.5));
#5004=CARTESIAN_POINT('Ctrl Pts',(7.94942864797422,0.375981665339165,5.5));
#5005=CARTESIAN_POINT('Ctrl Pts',(7.99788569359748,0.34397405834535,5.5));
#5006=CARTESIAN_POINT('Ctrl Pts',(8.01325166325101,0.333824287317774,5.5));
#5007=CARTESIAN_POINT('Ctrl Pts',(8.02859155299076,0.323562016876989,5.5));
#5008=CARTESIAN_POINT('Ctrl Pts',(8.04390537022454,0.313187475600057,5.5));
#5009=CARTESIAN_POINT('',(6.07981204195579,0.859068586894755,5.5));
#5010=CARTESIAN_POINT('',(3.21005310849489,0.453575829111441,5.5));
#5011=CARTESIAN_POINT('',(5.41274832934926,1.31184176851737,5.5));
#5012=CARTESIAN_POINT('Origin',(5.99586676969967,1.45316722455171,5.5));
#5013=CARTESIAN_POINT('',(5.34349844176693,1.57028586739308,5.5));
#5014=CARTESIAN_POINT('Origin',(0.,0.,5.5));
#5015=CARTESIAN_POINT('',(5.69480597201564,2.29593080113384,5.5));
#5016=CARTESIAN_POINT('Origin',(5.91915655254271,1.73945365244113,5.5));
#5017=CARTESIAN_POINT('',(6.01355090801899,2.42443672738869,5.5));
#5018=CARTESIAN_POINT('',(2.57808907024973,1.03938819575934,5.5));
#5019=CARTESIAN_POINT('',(7.12282013405255,3.7507243750955,5.5));
#5020=CARTESIAN_POINT('Ctrl Pts',(7.12282013405255,3.7507243750955,5.5));
#5021=CARTESIAN_POINT('Ctrl Pts',(7.09725454571298,3.69803626598163,5.5));
#5022=CARTESIAN_POINT('Ctrl Pts',(7.07089941539136,3.64618823182125,5.5));
#5023=CARTESIAN_POINT('Ctrl Pts',(7.04375211505036,3.59520367017837,5.5));
#5024=CARTESIAN_POINT('Ctrl Pts',(7.00358829475179,3.51977315789523,5.5));
#5025=CARTESIAN_POINT('Ctrl Pts',(6.96169713915806,3.44624457547486,5.5));
#5026=CARTESIAN_POINT('Ctrl Pts',(6.91810766616575,3.37479126123374,5.5));
#5027=CARTESIAN_POINT('Ctrl Pts',(6.87817672853029,3.30933513985984,5.5));
#5028=CARTESIAN_POINT('Ctrl Pts',(6.83681790633123,3.24561971101894,5.5));
#5029=CARTESIAN_POINT('Ctrl Pts',(6.79404535125458,3.18379860434676,5.5));
#5030=CARTESIAN_POINT('Ctrl Pts',(6.75764190396102,3.13118305696279,5.5));
#5031=CARTESIAN_POINT('Ctrl Pts',(6.72021252102085,3.07994207559556,5.5));
#5032=CARTESIAN_POINT('Ctrl Pts',(6.68175596306065,3.03019583650435,5.5));
#5033=CARTESIAN_POINT('Ctrl Pts',(6.65626771678387,2.99722501278652,5.5));
#5034=CARTESIAN_POINT('Ctrl Pts',(6.63033152666323,2.96490464653193,5.5));
#5035=CARTESIAN_POINT('Ctrl Pts',(6.6039402995405,2.93328479700632,5.5));
#5036=CARTESIAN_POINT('Ctrl Pts',(6.58142829389454,2.90631271921188,5.5));
#5037=CARTESIAN_POINT('Ctrl Pts',(6.55858160887255,2.87985724151423,5.5));
#5038=CARTESIAN_POINT('Ctrl Pts',(6.53539835085644,2.85394622573831,5.5));
#5039=CARTESIAN_POINT('Ctrl Pts',(6.51581396579163,2.83205752873019,5.5));
#5040=CARTESIAN_POINT('Ctrl Pts',(6.4959926445599,2.81055115234276,5.5));
#5041=CARTESIAN_POINT('Ctrl Pts',(6.47593630673667,2.78943906693953,5.5));
#5042=CARTESIAN_POINT('Ctrl Pts',(6.45835111328852,2.77092820472819,5.5));
#5043=CARTESIAN_POINT('Ctrl Pts',(6.44058457383895,2.752721749972,5.5));
#5044=CARTESIAN_POINT('Ctrl Pts',(6.42261662670299,2.73486952343968,5.5));
#5045=CARTESIAN_POINT('Ctrl Pts',(6.40790647971663,2.72025411555044,5.5));
#5046=CARTESIAN_POINT('Ctrl Pts',(6.39305949544384,2.70587966985165,5.5));
#5047=CARTESIAN_POINT('Ctrl Pts',(6.37807586667654,2.69175260486881,5.5));
#5048=CARTESIAN_POINT('Ctrl Pts',(6.36397193498452,2.67845494763094,5.5));
#5049=CARTESIAN_POINT('Ctrl Pts',(6.34974871392054,2.66537305602015,5.5));
#5050=CARTESIAN_POINT('Ctrl Pts',(6.33542068124117,2.65248538839279,5.5));
#5051=CARTESIAN_POINT('Ctrl Pts',(6.32287542928768,2.64120128253567,5.5));
#5052=CARTESIAN_POINT('Ctrl Pts',(6.31025129954387,2.63006325203308,5.5));
#5053=CARTESIAN_POINT('Ctrl Pts',(6.29754354056917,2.61908501611297,5.5));
#5054=CARTESIAN_POINT('Ctrl Pts',(6.27969570705085,2.60366626860469,5.5));
#5055=CARTESIAN_POINT('Ctrl Pts',(6.26168134949558,2.58856557268829,5.5));
#5056=CARTESIAN_POINT('Ctrl Pts',(6.24341275696437,2.5739657480817,5.5));
#5057=CARTESIAN_POINT('Ctrl Pts',(6.23315349758497,2.5657667920167,5.5));
#5058=CARTESIAN_POINT('Ctrl Pts',(6.22281297660163,2.55772791702403,5.5));
#5059=CARTESIAN_POINT('Ctrl Pts',(6.21238866981689,2.54985704312287,5.5));
#5060=CARTESIAN_POINT('Ctrl Pts',(6.20062643052415,2.54097596314508,5.5));
#5061=CARTESIAN_POINT('Ctrl Pts',(6.18875704691776,2.53230961270206,5.5));
#5062=CARTESIAN_POINT('Ctrl Pts',(6.17681440463059,2.52379834114318,5.5));
#5063=CARTESIAN_POINT('Ctrl Pts',(6.16669023106692,2.51658305423786,5.5));
#5064=CARTESIAN_POINT('Ctrl Pts',(6.15651606102809,2.50947408808881,5.5));
#5065=CARTESIAN_POINT('Ctrl Pts',(6.14631101315539,2.50243948329791,5.5));
#5066=CARTESIAN_POINT('Ctrl Pts',(6.13787429575228,2.49662383466954,5.5));
#5067=CARTESIAN_POINT('Ctrl Pts',(6.12941693759142,2.49085813027037,5.5));
#5068=CARTESIAN_POINT('Ctrl Pts',(6.12093305589218,2.48515751363446,5.5));
#5069=CARTESIAN_POINT('Ctrl Pts',(6.11269775228871,2.47962392530919,5.5));
#5070=CARTESIAN_POINT('Ctrl Pts',(6.10443779060193,2.47415102514467,5.5));
#5071=CARTESIAN_POINT('Ctrl Pts',(6.09612356315742,2.46880042817948,5.5));
#5072=CARTESIAN_POINT('Ctrl Pts',(6.08288561163203,2.46028118285815,5.5));
#5073=CARTESIAN_POINT('Ctrl Pts',(6.06950782631605,2.45207673411621,5.5));
#5074=CARTESIAN_POINT('Ctrl Pts',(6.05580131703156,2.44457043261514,5.5));
#5075=CARTESIAN_POINT('Ctrl Pts',(6.04755118789676,2.4400522905103,5.5));
#5076=CARTESIAN_POINT('Ctrl Pts',(6.03918077244753,2.43578937202854,5.5));
#5077=CARTESIAN_POINT('Ctrl Pts',(6.03065923551717,2.43184383979189,5.5));
#5078=CARTESIAN_POINT('Ctrl Pts',(6.0250233546489,2.42923438684585,5.5));
#5079=CARTESIAN_POINT('Ctrl Pts',(6.01932161753174,2.42676325963225,5.5));
#5080=CARTESIAN_POINT('Ctrl Pts',(6.01355090801899,2.42443672738869,5.5));
#5081=CARTESIAN_POINT('',(6.8096326584525,4.29318099512903,5.5));
#5082=CARTESIAN_POINT('Origin',(-4.86277684785819E-13,6.31088724176809E-29,
5.5));
#5083=CARTESIAN_POINT('',(5.10639924979611,3.99566948960108,5.5));
#5084=CARTESIAN_POINT('Ctrl Pts',(5.10639924979611,3.99566948960108,5.5));
#5085=CARTESIAN_POINT('Ctrl Pts',(5.11346623615557,4.00119928474607,5.5));
#5086=CARTESIAN_POINT('Ctrl Pts',(5.12072320415359,4.00645257826265,5.5));
#5087=CARTESIAN_POINT('Ctrl Pts',(5.12815407095034,4.01145359625617,5.5));
#5088=CARTESIAN_POINT('Ctrl Pts',(5.13738038883664,4.01766296361872,5.5));
#5089=CARTESIAN_POINT('Ctrl Pts',(5.14687415368305,4.02348441623138,5.5));
#5090=CARTESIAN_POINT('Ctrl Pts',(5.15655954891247,4.02903186162009,5.5));
#5091=CARTESIAN_POINT('Ctrl Pts',(5.16693603069178,4.03497513648231,5.5));
#5092=CARTESIAN_POINT('Ctrl Pts',(5.17752897695591,4.04060921810681,5.5));
#5093=CARTESIAN_POINT('Ctrl Pts',(5.18823382975288,4.04609017087916,5.5));
#5094=CARTESIAN_POINT('Ctrl Pts',(5.19696743686618,4.05056183331377,5.5));
#5095=CARTESIAN_POINT('Ctrl Pts',(5.20577448790465,4.05493313003697,5.5));
#5096=CARTESIAN_POINT('Ctrl Pts',(5.21461957188691,4.05925574095384,5.5));
#5097=CARTESIAN_POINT('Ctrl Pts',(5.22446804441832,4.0640687099391,5.5));
#5098=CARTESIAN_POINT('Ctrl Pts',(5.23436391659326,4.06882092128197,5.5));
#5099=CARTESIAN_POINT('Ctrl Pts',(5.24429794591282,4.07352294722814,5.5));
#5100=CARTESIAN_POINT('Ctrl Pts',(5.25780672752484,4.07991699334957,5.5));
#5101=CARTESIAN_POINT('Ctrl Pts',(5.27138733787645,4.08621618331045,5.5));
#5102=CARTESIAN_POINT('Ctrl Pts',(5.28507825355395,4.09235350634254,5.5));
#5103=CARTESIAN_POINT('Ctrl Pts',(5.29682218621809,4.09761804160992,5.5));
#5104=CARTESIAN_POINT('Ctrl Pts',(5.30865066081312,4.10275827945546,5.5));
#5105=CARTESIAN_POINT('Ctrl Pts',(5.32058175471517,4.10774288122675,5.5));
#5106=CARTESIAN_POINT('Ctrl Pts',(5.33403982558163,4.11336542719193,5.5));
#5107=CARTESIAN_POINT('Ctrl Pts',(5.34762811762258,4.1187905015776,5.5));
#5108=CARTESIAN_POINT('Ctrl Pts',(5.36133217640506,4.12403725981987,5.5));
#5109=CARTESIAN_POINT('Ctrl Pts',(5.37796476429627,4.13040523948149,5.5));
#5110=CARTESIAN_POINT('Ctrl Pts',(5.39476448954887,4.13651588025239,5.5));
#5111=CARTESIAN_POINT('Ctrl Pts',(5.41167984827412,4.14244466659615,5.5));
#5112=CARTESIAN_POINT('Ctrl Pts',(5.42702750404495,4.14782397740006,5.5));
#5113=CARTESIAN_POINT('Ctrl Pts',(5.4424688811663,4.15305591583238,5.5));
#5114=CARTESIAN_POINT('Ctrl Pts',(5.45799165523847,4.15815620168819,5.5));
#5115=CARTESIAN_POINT('Ctrl Pts',(5.48334480888968,4.16648643508373,5.5));
#5116=CARTESIAN_POINT('Ctrl Pts',(5.5089189135999,4.1744593811174,5.5));
#5117=CARTESIAN_POINT('Ctrl Pts',(5.53474152884385,4.18201753798402,5.5));
#5118=CARTESIAN_POINT('Ctrl Pts',(5.55702246509341,4.18853906222618,5.5));
#5119=CARTESIAN_POINT('Ctrl Pts',(5.57948986326785,4.19474955302155,5.5));
#5120=CARTESIAN_POINT('Ctrl Pts',(5.6021257726621,4.20066911128557,5.5));
#5121=CARTESIAN_POINT('Ctrl Pts',(5.62694565061349,4.20715980318048,5.5));
#5122=CARTESIAN_POINT('Ctrl Pts',(5.65196366193796,4.2133077426468,5.5));
#5123=CARTESIAN_POINT('Ctrl Pts',(5.67715176142807,4.21914717218496,5.5));
#5124=CARTESIAN_POINT('Ctrl Pts',(5.71674690880327,4.22832662906465,5.5));
#5125=CARTESIAN_POINT('Ctrl Pts',(5.75676699955221,4.23673630348756,5.5));
#5126=CARTESIAN_POINT('Ctrl Pts',(5.79719302588893,4.24437078533774,5.5));
#5127=CARTESIAN_POINT('Ctrl Pts',(5.84123767561521,4.25268864661185,5.5));
#5128=CARTESIAN_POINT('Ctrl Pts',(5.88576030005634,4.26009244991247,5.5));
#5129=CARTESIAN_POINT('Ctrl Pts',(5.93069801374585,4.26663908578348,5.5));
#5130=CARTESIAN_POINT('Ctrl Pts',(5.99069416395909,4.27537947146091,5.5));
#5131=CARTESIAN_POINT('Ctrl Pts',(6.05143665506552,4.28258183676209,5.5));
#5132=CARTESIAN_POINT('Ctrl Pts',(6.11283556526857,4.28829429213003,5.5));
#5133=CARTESIAN_POINT('Ctrl Pts',(6.19324916290784,4.29577584328411,5.5));
#5134=CARTESIAN_POINT('Ctrl Pts',(6.27478087037425,4.30071477615106,5.5));
#5135=CARTESIAN_POINT('Ctrl Pts',(6.35725148290719,4.30319767321009,5.5));
#5136=CARTESIAN_POINT('Ctrl Pts',(6.43128325232041,4.30542650669277,5.5));
#5137=CARTESIAN_POINT('Ctrl Pts',(6.50607151350862,4.30567665265929,5.5));
#5138=CARTESIAN_POINT('Ctrl Pts',(6.58150523220735,4.30399400932231,5.5));
#5139=CARTESIAN_POINT('Ctrl Pts',(6.63877759940852,4.30271647761995,5.5));
#5140=CARTESIAN_POINT('Ctrl Pts',(6.69641632278224,4.30032399749553,5.5));
#5141=CARTESIAN_POINT('Ctrl Pts',(6.75438515899439,4.29683311951159,5.5));
#5142=CARTESIAN_POINT('Ctrl Pts',(6.77276736426723,4.2957261448011,5.5));
#5143=CARTESIAN_POINT('Ctrl Pts',(6.79118323337766,4.29450870278777,5.5));
#5144=CARTESIAN_POINT('Ctrl Pts',(6.8096326584525,4.29318099512904,5.5));
#5145=CARTESIAN_POINT('',(4.83573738512088,3.78388124082195,5.5));
#5146=CARTESIAN_POINT('',(2.55319962489806,1.99783474480054,5.5));
#5147=CARTESIAN_POINT('',(4.03165667324955,3.84246246195618,5.5));
#5148=CARTESIAN_POINT('Origin',(4.465989327991,4.25641311725854,5.5));
#5149=CARTESIAN_POINT('',(3.84246246195618,4.03165667324955,5.5));
#5150=CARTESIAN_POINT('Origin',(0.,0.,5.5));
#5151=CARTESIAN_POINT('',(3.78388124082195,4.83573738512088,5.5));
#5152=CARTESIAN_POINT('Origin',(4.25641311725854,4.465989327991,5.5));
#5153=CARTESIAN_POINT('',(3.99566948960108,5.10639924979611,5.5));
#5154=CARTESIAN_POINT('',(1.7129965301756,2.18918111704613,5.5));
#5155=CARTESIAN_POINT('',(4.29318099512904,6.80963265845249,5.5));
#5156=CARTESIAN_POINT('Ctrl Pts',(4.29318099512904,6.8096326584525,5.5));
#5157=CARTESIAN_POINT('Ctrl Pts',(4.29738460072116,6.75122062331339,5.5));
#5158=CARTESIAN_POINT('Ctrl Pts',(4.30048440542276,6.69314134343406,5.5));
#5159=CARTESIAN_POINT('Ctrl Pts',(4.30246643450473,6.63541376768067,5.5));
#5160=CARTESIAN_POINT('Ctrl Pts',(4.30539880195336,6.55000711771397,5.5));
#5161=CARTESIAN_POINT('Ctrl Pts',(4.30588428822645,6.46538391967632,5.5));
#5162=CARTESIAN_POINT('Ctrl Pts',(4.30386135440145,6.38170879790133,5.5));
#5163=CARTESIAN_POINT('Ctrl Pts',(4.30200820870147,6.30505666514407,5.5));
#5164=CARTESIAN_POINT('Ctrl Pts',(4.2980481324295,6.2291980740586,5.5));
#5165=CARTESIAN_POINT('Ctrl Pts',(4.2919165664873,6.1542731476552,5.5));
#5166=CARTESIAN_POINT('Ctrl Pts',(4.28669803003393,6.09050502326603,5.5));
#5167=CARTESIAN_POINT('Ctrl Pts',(4.27990372423598,6.02741434014475,5.5));
#5168=CARTESIAN_POINT('Ctrl Pts',(4.2714724876348,5.9651045542984,5.5));
#5169=CARTESIAN_POINT('Ctrl Pts',(4.26588443071453,5.92380686020333,5.5));
#5170=CARTESIAN_POINT('Ctrl Pts',(4.25958321431322,5.88284850687415,5.5));
#5171=CARTESIAN_POINT('Ctrl Pts',(4.25253766594266,5.84226930032769,5.5));
#5172=CARTESIAN_POINT('Ctrl Pts',(4.24652773607797,5.80765479305556,5.5));
#5173=CARTESIAN_POINT('Ctrl Pts',(4.23996966532665,5.77332033490106,5.5));
#5174=CARTESIAN_POINT('Ctrl Pts',(4.23284788285501,5.73928910810312,5.5));
#5175=CARTESIAN_POINT('Ctrl Pts',(4.22683165637553,5.7105407478989,5.5));
#5176=CARTESIAN_POINT('Ctrl Pts',(4.22041907684587,5.68200501898123,5.5));
#5177=CARTESIAN_POINT('Ctrl Pts',(4.21360582148544,5.65369324777668,5.5));
#5178=CARTESIAN_POINT('Ctrl Pts',(4.20763202833102,5.62886977411185,5.5));
#5179=CARTESIAN_POINT('Ctrl Pts',(4.20134898120451,5.6042192520358,5.5));
#5180=CARTESIAN_POINT('Ctrl Pts',(4.19471439579263,5.57977479675744,5.5));
#5181=CARTESIAN_POINT('Ctrl Pts',(4.18928273875394,5.55976240874414,5.5));
#5182=CARTESIAN_POINT('Ctrl Pts',(4.18361209605379,5.53989028146591,5.5));
#5183=CARTESIAN_POINT('Ctrl Pts',(4.1776994253921,5.52016406992486,5.5));
#5184=CARTESIAN_POINT('Ctrl Pts',(4.17213389087217,5.50159599509694,5.5));
#5185=CARTESIAN_POINT('Ctrl Pts',(4.16635716591209,5.4831551340974,5.5));
#5186=CARTESIAN_POINT('Ctrl Pts',(4.16039255943868,5.46483007019387,5.5));
#5187=CARTESIAN_POINT('Ctrl Pts',(4.15517010547959,5.44878512188751,5.5));
#5188=CARTESIAN_POINT('Ctrl Pts',(4.14980630367305,5.43282723965386,5.5));
#5189=CARTESIAN_POINT('Ctrl Pts',(4.1442901795369,5.41696592897252,5.5));
#5190=CARTESIAN_POINT('Ctrl Pts',(4.13654287604664,5.39468898513142,5.5));
#5191=CARTESIAN_POINT('Ctrl Pts',(4.12849233271301,5.3726042200308,5.5));
#5192=CARTESIAN_POINT('Ctrl Pts',(4.11997117977472,5.35082610472189,5.5));
#5193=CARTESIAN_POINT('Ctrl Pts',(4.1151858785602,5.33859597079604,5.5));
#5194=CARTESIAN_POINT('Ctrl Pts',(4.1102501621961,5.32646384034355,5.5));
#5195=CARTESIAN_POINT('Ctrl Pts',(4.10515788465379,5.31443531020346,5.5));
#5196=CARTESIAN_POINT('Ctrl Pts',(4.09941202659957,5.30086294966112,5.5));
#5197=CARTESIAN_POINT('Ctrl Pts',(4.09346601407984,5.28742297819443,5.5));
#5198=CARTESIAN_POINT('Ctrl Pts',(4.08737901823922,5.27408067964077,5.5));
#5199=CARTESIAN_POINT('Ctrl Pts',(4.08221887019832,5.26276997111632,5.5));
#5200=CARTESIAN_POINT('Ctrl Pts',(4.0769622635621,5.2515263408299,5.5));
#5201=CARTESIAN_POINT('Ctrl Pts',(4.07164173525843,5.24033167045166,5.5));
#5202=CARTESIAN_POINT('Ctrl Pts',(4.0672431479786,5.23107681230277,5.5));
#5203=CARTESIAN_POINT('Ctrl Pts',(4.06280171316365,5.22185488674623,5.5));
#5204=CARTESIAN_POINT('Ctrl Pts',(4.058304764409,5.212676067077,5.5));
#5205=CARTESIAN_POINT('Ctrl Pts',(4.05393957644069,5.20376618720747,5.5));
#5206=CARTESIAN_POINT('Ctrl Pts',(4.04952268986533,5.19489653578531,5.5));
#5207=CARTESIAN_POINT('Ctrl Pts',(4.04499765616516,5.18610566916214,5.5));
#5208=CARTESIAN_POINT('Ctrl Pts',(4.03779287651756,5.17210881054667,5.5));
#5209=CARTESIAN_POINT('Ctrl Pts',(4.03030959896517,5.15831465687073,5.5));
#5210=CARTESIAN_POINT('Ctrl Pts',(4.02219256448579,5.14496075445601,5.5));
#5211=CARTESIAN_POINT('Ctrl Pts',(4.01730681412254,5.13692286404921,5.5));
#5212=CARTESIAN_POINT('Ctrl Pts',(4.01218928094365,5.12904586062648,5.5));
#5213=CARTESIAN_POINT('Ctrl Pts',(4.00678217960045,5.12136816101428,5.5));
#5214=CARTESIAN_POINT('Ctrl Pts',(4.00320609007775,5.11629036805295,5.5));
#5215=CARTESIAN_POINT('Ctrl Pts',(3.99950380450493,5.11129944056501,5.5));
#5216=CARTESIAN_POINT('Ctrl Pts',(3.99566948960108,5.10639924979611,5.5));
#5217=CARTESIAN_POINT('',(3.75072437509551,7.12282013405255,5.5));
#5218=CARTESIAN_POINT('Origin',(-4.86277684785819E-13,6.31088724176809E-29,
5.5));
#5219=CARTESIAN_POINT('',(2.42443672738869,6.01355090801899,5.5));
#5220=CARTESIAN_POINT('Ctrl Pts',(2.4244367273887,6.01355090801899,5.5));
#5221=CARTESIAN_POINT('Ctrl Pts',(2.42779201953177,6.02187334427222,5.5));
#5222=CARTESIAN_POINT('Ctrl Pts',(2.43145009141431,6.03005131391032,5.5));
#5223=CARTESIAN_POINT('Ctrl Pts',(2.4353849018358,6.03809775593607,5.5));
#5224=CARTESIAN_POINT('Ctrl Pts',(2.44027044382706,6.04808838475579,5.5));
#5225=CARTESIAN_POINT('Ctrl Pts',(2.44558155905483,6.05787679302771,5.5));
#5226=CARTESIAN_POINT('Ctrl Pts',(2.45119563467435,6.06752371927438,5.5));
#5227=CARTESIAN_POINT('Ctrl Pts',(2.45721029406615,6.07785898717667,5.5));
#5228=CARTESIAN_POINT('Ctrl Pts',(2.46356701381971,6.08803471812283,5.5));
#5229=CARTESIAN_POINT('Ctrl Pts',(2.47009721189964,6.09813378885938,5.5));
#5230=CARTESIAN_POINT('Ctrl Pts',(2.47542490630916,6.10637316568162,5.5));
#5231=CARTESIAN_POINT('Ctrl Pts',(2.48086638787933,6.11456234521069,5.5));
#5232=CARTESIAN_POINT('Ctrl Pts',(2.48636514984819,6.12272837806657,5.5));
#5233=CARTESIAN_POINT('Ctrl Pts',(2.49248769275633,6.1318207677413,5.5));
#5234=CARTESIAN_POINT('Ctrl Pts',(2.4986816637811,6.140884239576,5.5));
#5235=CARTESIAN_POINT('Ctrl Pts',(2.5049337725608,6.14992332815458,5.5));
#5236=CARTESIAN_POINT('Ctrl Pts',(2.51343569755077,6.16221512533544,5.5));
#5237=CARTESIAN_POINT('Ctrl Pts',(2.52204725613423,6.17446068904135,5.5));
#5238=CARTESIAN_POINT('Ctrl Pts',(2.53083527539651,6.18662122453783,5.5));
#5239=CARTESIAN_POINT('Ctrl Pts',(2.53837355178957,6.19705241214952,5.5));
#5240=CARTESIAN_POINT('Ctrl Pts',(2.54604719235335,6.20741822600172,5.5));
#5241=CARTESIAN_POINT('Ctrl Pts',(2.55388752188102,6.21770056471342,5.5));
#5242=CARTESIAN_POINT('Ctrl Pts',(2.56273128015487,6.22929886778667,5.5));
#5243=CARTESIAN_POINT('Ctrl Pts',(2.5717865490637,6.24079126604278,5.5));
#5244=CARTESIAN_POINT('Ctrl Pts',(2.58103123298332,6.25218712135955,5.5));
#5245=CARTESIAN_POINT('Ctrl Pts',(2.59225148679687,6.2660182474628,5.5));
#5246=CARTESIAN_POINT('Ctrl Pts',(2.60374515525667,6.27971008022999,5.5));
#5247=CARTESIAN_POINT('Ctrl Pts',(2.61542989245489,6.29330223917982,5.5));
#5248=CARTESIAN_POINT('Ctrl Pts',(2.6260316968381,6.30563468687524,5.5));
#5249=CARTESIAN_POINT('Ctrl Pts',(2.63678835247751,6.3178863670283,5.5));
#5250=CARTESIAN_POINT('Ctrl Pts',(2.64768132623236,6.33006473118106,5.5));
#5251=CARTESIAN_POINT('Ctrl Pts',(2.6654726846626,6.34995550174676,5.5));
#5252=CARTESIAN_POINT('Ctrl Pts',(2.68363403600388,6.36964732791014,5.5));
#5253=CARTESIAN_POINT('Ctrl Pts',(2.70221799836401,6.38910419138451,5.5));
#5254=CARTESIAN_POINT('Ctrl Pts',(2.71825309305459,6.40589246517387,5.5));
#5255=CARTESIAN_POINT('Ctrl Pts',(2.73460518523231,6.42250460705933,5.5));
#5256=CARTESIAN_POINT('Ctrl Pts',(2.75124867867288,6.43894904959178,5.5));
#5257=CARTESIAN_POINT('Ctrl Pts',(2.76949797756139,6.4569800926478,5.5));
#5258=CARTESIAN_POINT('Ctrl Pts',(2.78809024119903,6.47481337007974,5.5));
#5259=CARTESIAN_POINT('Ctrl Pts',(2.80698406047345,6.49246451415919,5.5));
#5260=CARTESIAN_POINT('Ctrl Pts',(2.83668473552121,6.52021173069124,5.5));
#5261=CARTESIAN_POINT('Ctrl Pts',(2.86713831355383,6.5475047677474,5.5));
#5262=CARTESIAN_POINT('Ctrl Pts',(2.89833103840382,6.57432943613683,5.5));
#5263=CARTESIAN_POINT('Ctrl Pts',(2.932315893332,6.60355524016951,5.5));
#5264=CARTESIAN_POINT('Ctrl Pts',(2.96717171549243,6.63222843413401,5.5));
#5265=CARTESIAN_POINT('Ctrl Pts',(3.00281559920163,6.66036684395331,5.5));
#5266=CARTESIAN_POINT('Ctrl Pts',(3.05040359655159,6.69793431507506,5.5));
#5267=CARTESIAN_POINT('Ctrl Pts',(3.09940695426151,6.73454299192708,5.5));
#5268=CARTESIAN_POINT('Ctrl Pts',(3.14972374254989,6.77018957847687,5.5));
#5269=CARTESIAN_POINT('Ctrl Pts',(3.21562318525431,6.81687559059837,5.5));
#5270=CARTESIAN_POINT('Ctrl Pts',(3.28376224861132,6.86191868560877,5.5));
#5271=CARTESIAN_POINT('Ctrl Pts',(3.35394244550682,6.90530424375434,5.5));
#5272=CARTESIAN_POINT('Ctrl Pts',(3.41694142181399,6.94425035491667,5.5));
#5273=CARTESIAN_POINT('Ctrl Pts',(3.48158488297726,6.98186111830901,5.5));
#5274=CARTESIAN_POINT('Ctrl Pts',(3.54775372139623,7.01812076581727,5.5));
#5275=CARTESIAN_POINT('Ctrl Pts',(3.59799181209957,7.04565057446915,5.5));
#5276=CARTESIAN_POINT('Ctrl Pts',(3.6491046507636,7.0723979875523,5.5));
#5277=CARTESIAN_POINT('Ctrl Pts',(3.7010525744591,7.09835921660724,5.5));
#5278=CARTESIAN_POINT('Ctrl Pts',(3.71752551869639,7.10659165109414,5.5));
#5279=CARTESIAN_POINT('Ctrl Pts',(3.73408285032507,7.11474525000795,5.5));
#5280=CARTESIAN_POINT('Ctrl Pts',(3.7507243750955,7.12282013405255,5.5));
#5281=CARTESIAN_POINT('',(2.29593080113384,5.69480597201563,5.5));
#5282=CARTESIAN_POINT('',(1.21221836369435,3.0067754540095,5.5));
#5283=CARTESIAN_POINT('',(1.57028586739308,5.34349844176693,5.5));
#5284=CARTESIAN_POINT('Origin',(1.73945365244113,5.9191565525427,5.5));
#5285=CARTESIAN_POINT('',(1.31184176851737,5.41274832934926,5.5));
#5286=CARTESIAN_POINT('Origin',(0.,0.,5.5));
#5287=CARTESIAN_POINT('',(0.859068586894756,6.07981204195579,5.5));
#5288=CARTESIAN_POINT('Origin',(1.45316722455171,5.99586676969967,5.5));
#5289=CARTESIAN_POINT('',(0.907151658222881,6.42010621698978,5.5));
#5290=CARTESIAN_POINT('',(0.388907953203603,2.75238472593495,5.5));
#5291=CARTESIAN_POINT('',(0.313187475600059,8.04390537022454,5.5));
#5292=CARTESIAN_POINT('Ctrl Pts',(0.313187475600059,8.04390537022454,5.5));
#5293=CARTESIAN_POINT('Ctrl Pts',(0.346033922375429,7.99542086673947,5.5));
#5294=CARTESIAN_POINT('Ctrl Pts',(0.377758071910679,7.94667263731773,5.5));
#5295=CARTESIAN_POINT('Ctrl Pts',(0.408338347302357,7.89767010479422,5.5));
#5296=CARTESIAN_POINT('Ctrl Pts',(0.453581176968489,7.82517196003345,5.5));
#5297=CARTESIAN_POINT('Ctrl Pts',(0.496313219414694,7.7521288639586,5.5));
#5298=CARTESIAN_POINT('Ctrl Pts',(0.536398868204173,7.67865261596324,5.5));
#5299=CARTESIAN_POINT('Ctrl Pts',(0.573120063351796,7.61134334886062,5.5));
#5300=CARTESIAN_POINT('Ctrl Pts',(0.607619832262238,7.5436678437183,5.5));
#5301=CARTESIAN_POINT('Ctrl Pts',(0.639772203611056,7.47571517107384,5.5));
#5302=CARTESIAN_POINT('Ctrl Pts',(0.667136880668781,7.41788108717529,5.5));
#5303=CARTESIAN_POINT('Ctrl Pts',(0.692798180809797,7.35984579995196,5.5));
#5304=CARTESIAN_POINT('Ctrl Pts',(0.716651408653593,7.30166832420482,5.5));
#5305=CARTESIAN_POINT('Ctrl Pts',(0.73246085644934,7.26310944354784,5.5));
#5306=CARTESIAN_POINT('Ctrl Pts',(0.747483019634913,7.22448786087413,5.5));
#5307=CARTESIAN_POINT('Ctrl Pts',(0.761670999035309,7.18582246296139,5.5));
#5308=CARTESIAN_POINT('Ctrl Pts',(0.773773500768482,7.15284045530217,5.5));
#5309=CARTESIAN_POINT('Ctrl Pts',(0.785261274006874,7.11982690684962,5.5));
#5310=CARTESIAN_POINT('Ctrl Pts',(0.796109242893269,7.08679410859482,5.5));
#5311=CARTESIAN_POINT('Ctrl Pts',(0.805273218026452,7.05888918510576,5.5));
#5312=CARTESIAN_POINT('Ctrl Pts',(0.813987625706208,7.03097022918743,5.5));
#5313=CARTESIAN_POINT('Ctrl Pts',(0.822243059081387,7.00304488842264,5.5));
#5314=CARTESIAN_POINT('Ctrl Pts',(0.829481339280126,6.97856023305512,5.5));
#5315=CARTESIAN_POINT('Ctrl Pts',(0.83636532188877,6.95407073117107,5.5));
#5316=CARTESIAN_POINT('Ctrl Pts',(0.842841830013438,6.92958391922602,5.5));
#5317=CARTESIAN_POINT('Ctrl Pts',(0.848144071038418,6.90953685430048,5.5));
#5318=CARTESIAN_POINT('Ctrl Pts',(0.853169214041984,6.88949176590393,5.5));
#5319=CARTESIAN_POINT('Ctrl Pts',(0.857911796813959,6.86945203026182,5.5));
#5320=CARTESIAN_POINT('Ctrl Pts',(0.862375939947146,6.85058883850348,5.5));
#5321=CARTESIAN_POINT('Ctrl Pts',(0.866593579880012,6.83173022193216,5.5));
#5322=CARTESIAN_POINT('Ctrl Pts',(0.870590611101488,6.812877947831,5.5));
#5323=CARTESIAN_POINT('Ctrl Pts',(0.874090307456038,6.79637138801423,5.5));
#5324=CARTESIAN_POINT('Ctrl Pts',(0.877424059947549,6.77986955570451,5.5));
#5325=CARTESIAN_POINT('Ctrl Pts',(0.880577611655831,6.76337519564757,5.5));
#5326=CARTESIAN_POINT('Ctrl Pts',(0.885006721936707,6.74020914464774,5.5));
#5327=CARTESIAN_POINT('Ctrl Pts',(0.88907712944036,6.71705790539752,5.5));
#5328=CARTESIAN_POINT('Ctrl Pts',(0.892586652176862,6.69393692785457,5.5));
#5329=CARTESIAN_POINT('Ctrl Pts',(0.894557526723693,6.68095267057556,5.5));
#5330=CARTESIAN_POINT('Ctrl Pts',(0.896349136193224,6.66797807921935,5.5));
#5331=CARTESIAN_POINT('Ctrl Pts',(0.89795335954896,6.65501492777641,5.5));
#5332=CARTESIAN_POINT('Ctrl Pts',(0.899763480777059,6.64038798974684,5.5));
#5333=CARTESIAN_POINT('Ctrl Pts',(0.901334068616036,6.62577562678717,5.5));
#5334=CARTESIAN_POINT('Ctrl Pts',(0.902733724861291,6.61117735939098,5.5));
#5335=CARTESIAN_POINT('Ctrl Pts',(0.903920259834206,6.59880192444525,5.5));
#5336=CARTESIAN_POINT('Ctrl Pts',(0.904989720093842,6.58643635166005,5.5));
#5337=CARTESIAN_POINT('Ctrl Pts',(0.905979342611401,6.57408121856539,5.5));
#5338=CARTESIAN_POINT('Ctrl Pts',(0.906797483361271,6.56386698265678,5.5));
#5339=CARTESIAN_POINT('Ctrl Pts',(0.907562050761017,6.55365984344221,5.5));
#5340=CARTESIAN_POINT('Ctrl Pts',(0.908256988735097,6.54346227805125,5.5));
#5341=CARTESIAN_POINT('Ctrl Pts',(0.908931564997082,6.53356350175845,5.5));
#5342=CARTESIAN_POINT('Ctrl Pts',(0.909541254728446,6.52367371501949,5.5));
#5343=CARTESIAN_POINT('Ctrl Pts',(0.910017893903192,6.51379808435546,5.5));
#5344=CARTESIAN_POINT('Ctrl Pts',(0.910776801008984,6.49807405938605,5.5));
#5345=CARTESIAN_POINT('Ctrl Pts',(0.911193169384657,6.48238633309137,5.5));
#5346=CARTESIAN_POINT('Ctrl Pts',(0.910840562530333,6.46676299710952,5.5));
#5347=CARTESIAN_POINT('Ctrl Pts',(0.910628323803266,6.45735910464214,5.5));
#5348=CARTESIAN_POINT('Ctrl Pts',(0.910134911777715,6.44797865298228,5.5));
#5349=CARTESIAN_POINT('Ctrl Pts',(0.909291074460508,6.43862601940326,5.5));
#5350=CARTESIAN_POINT('Ctrl Pts',(0.908732986567865,6.43244047693157,5.5));
#5351=CARTESIAN_POINT('Ctrl Pts',(0.908022176952773,6.42626706414154,5.5));
#5352=CARTESIAN_POINT('Ctrl Pts',(0.907151658222881,6.42010621698978,5.5));
#5353=CARTESIAN_POINT('',(-0.313187475600046,8.04390537022454,5.5));
#5354=CARTESIAN_POINT('Origin',(-4.86277684785819E-13,6.31088724176809E-29,
5.5));
#5355=CARTESIAN_POINT('',(-0.90715165822288,6.42010621698977,5.5));
#5356=CARTESIAN_POINT('Ctrl Pts',(-0.90715165822288,6.42010621698977,5.5));
#5357=CARTESIAN_POINT('Ctrl Pts',(-0.908407108116394,6.42899130427744,5.5));
#5358=CARTESIAN_POINT('Ctrl Pts',(-0.909328109756259,6.43790266967614,5.5));
#5359=CARTESIAN_POINT('Ctrl Pts',(-0.909943684985047,6.44683849809071,5.5));
#5360=CARTESIAN_POINT('Ctrl Pts',(-0.910707995919285,6.4579334074443,5.5));
#5361=CARTESIAN_POINT('Ctrl Pts',(-0.911002639345608,6.46906597528458,5.5));
#5362=CARTESIAN_POINT('Ctrl Pts',(-0.910964170363685,6.48022749629269,5.5));
#5363=CARTESIAN_POINT('Ctrl Pts',(-0.910922956486441,6.49218543054725,5.5));
#5364=CARTESIAN_POINT('Ctrl Pts',(-0.910505741168186,6.50417623192583,5.5));
#5365=CARTESIAN_POINT('Ctrl Pts',(-0.90989995910747,6.51618738277862,5.5));
#5366=CARTESIAN_POINT('Ctrl Pts',(-0.909405728816341,6.52598673962283,5.5));
#5367=CARTESIAN_POINT('Ctrl Pts',(-0.908787857306881,6.53579951791629,5.5));
#5368=CARTESIAN_POINT('Ctrl Pts',(-0.908108806180422,6.54562089080209,5.5));
#5369=CARTESIAN_POINT('Ctrl Pts',(-0.907352723323592,6.55655640269531,5.5));
#5370=CARTESIAN_POINT('Ctrl Pts',(-0.906520322983207,6.56750258506275,5.5));
#5371=CARTESIAN_POINT('Ctrl Pts',(-0.905625382242075,6.57845671978844,5.5));
#5372=CARTESIAN_POINT('Ctrl Pts',(-0.904408397810291,6.59335269089816,5.5));
#5373=CARTESIAN_POINT('Ctrl Pts',(-0.903073351163996,6.60826343944081,5.5));
#5374=CARTESIAN_POINT('Ctrl Pts',(-0.901542970982421,6.62318878173345,5.5));
#5375=CARTESIAN_POINT('Ctrl Pts',(-0.900230225931042,6.63599159339471,5.5));
#5376=CARTESIAN_POINT('Ctrl Pts',(-0.898767565189286,6.64880547180488,5.5));
#5377=CARTESIAN_POINT('Ctrl Pts',(-0.897118809999975,6.66163040310474,5.5));
#5378=CARTESIAN_POINT('Ctrl Pts',(-0.895259042206635,6.67609670734318,5.5));
#5379=CARTESIAN_POINT('Ctrl Pts',(-0.893163148421679,6.69057705063708,5.5));
#5380=CARTESIAN_POINT('Ctrl Pts',(-0.890854944955882,6.70506849279835,5.5));
#5381=CARTESIAN_POINT('Ctrl Pts',(-0.888053483168005,6.72265672627413,5.5));
#5382=CARTESIAN_POINT('Ctrl Pts',(-0.884945590682662,6.74026103550543,5.5));
#5383=CARTESIAN_POINT('Ctrl Pts',(-0.881622390907278,6.757874559048,5.5));
#5384=CARTESIAN_POINT('Ctrl Pts',(-0.878607182832884,6.77385567423629,5.5));
#5385=CARTESIAN_POINT('Ctrl Pts',(-0.875417485865602,6.7898442683092,5.5));
#5386=CARTESIAN_POINT('Ctrl Pts',(-0.87207307594718,6.80583752792107,5.5));
#5387=CARTESIAN_POINT('Ctrl Pts',(-0.86661069286159,6.83195911974689,5.5));
#5388=CARTESIAN_POINT('Ctrl Pts',(-0.860728414314662,6.85809341712189,5.5));
#5389=CARTESIAN_POINT('Ctrl Pts',(-0.854362662544983,6.88423553634867,5.5));
#5390=CARTESIAN_POINT('Ctrl Pts',(-0.848870000084258,6.90679215528639,5.5));
#5391=CARTESIAN_POINT('Ctrl Pts',(-0.843014743794615,6.92935473826451,5.5));
#5392=CARTESIAN_POINT('Ctrl Pts',(-0.836823276931994,6.95191778997413,5.5));
#5393=CARTESIAN_POINT('Ctrl Pts',(-0.830034442023695,6.97665778075221,5.5));
#5394=CARTESIAN_POINT('Ctrl Pts',(-0.822849708118316,7.00139798385041,5.5));
#5395=CARTESIAN_POINT('Ctrl Pts',(-0.815312752694852,7.02613123265687,5.5));
#5396=CARTESIAN_POINT('Ctrl Pts',(-0.803464821856137,7.06501136459494,5.5));
#5397=CARTESIAN_POINT('Ctrl Pts',(-0.790737768167399,7.10387461706142,5.5));
#5398=CARTESIAN_POINT('Ctrl Pts',(-0.777136410223749,7.14270182377284,5.5));
#5399=CARTESIAN_POINT('Ctrl Pts',(-0.762317564530575,7.1850045399676,5.5));
#5400=CARTESIAN_POINT('Ctrl Pts',(-0.74646813405471,7.22726416542104,5.5));
#5401=CARTESIAN_POINT('Ctrl Pts',(-0.729668830185604,7.26945468499361,5.5));
#5402=CARTESIAN_POINT('Ctrl Pts',(-0.707240151127922,7.32578306801132,5.5));
#5403=CARTESIAN_POINT('Ctrl Pts',(-0.683106336908406,7.38198879101446,5.5));
#5404=CARTESIAN_POINT('Ctrl Pts',(-0.657354013290993,7.43801803466439,5.5));
#5405=CARTESIAN_POINT('Ctrl Pts',(-0.623626427870408,7.51139902852453,5.5));
#5406=CARTESIAN_POINT('Ctrl Pts',(-0.587137815513585,7.58447702475636,5.5));
#5407=CARTESIAN_POINT('Ctrl Pts',(-0.54805276122686,7.65714011872468,5.5));
#5408=CARTESIAN_POINT('Ctrl Pts',(-0.512967102914935,7.72236792852014,5.5));
#5409=CARTESIAN_POINT('Ctrl Pts',(-0.475789605056713,7.78726153565197,5.5));
#5410=CARTESIAN_POINT('Ctrl Pts',(-0.436615533802858,7.85174773073262,5.5));
#5411=CARTESIAN_POINT('Ctrl Pts',(-0.406872975489188,7.90070828949569,5.5));
#5412=CARTESIAN_POINT('Ctrl Pts',(-0.375981665446649,7.9494286478032,5.5));
#5413=CARTESIAN_POINT('Ctrl Pts',(-0.343974058549376,7.9978856932886,5.5));
#5414=CARTESIAN_POINT('Ctrl Pts',(-0.333824287455299,8.01325166304544,5.5));
#5415=CARTESIAN_POINT('Ctrl Pts',(-0.323562016946503,8.02859155288814,5.5));
#5416=CARTESIAN_POINT('Ctrl Pts',(-0.313187475600057,8.04390537022454,5.5));
#5417=CARTESIAN_POINT('',(-0.859068586894755,6.07981204195579,5.5));
#5418=CARTESIAN_POINT('',(-0.453575829111441,3.21005310849489,5.5));
#5419=CARTESIAN_POINT('',(-1.31184176851737,5.41274832934926,5.5));
#5420=CARTESIAN_POINT('Origin',(-1.45316722455171,5.99586676969967,5.5));
#5421=CARTESIAN_POINT('',(-1.57028586739308,5.34349844176693,5.5));
#5422=CARTESIAN_POINT('Origin',(0.,0.,5.5));
#5423=CARTESIAN_POINT('',(-2.29593080113384,5.69480597201564,5.5));
#5424=CARTESIAN_POINT('Origin',(-1.73945365244113,5.91915655254271,5.5));
#5425=CARTESIAN_POINT('',(-2.42443672738869,6.013550908019,5.5));
#5426=CARTESIAN_POINT('',(-1.03938819575934,2.57808907024974,5.5));
#5427=CARTESIAN_POINT('',(-3.7507243750955,7.12282013405255,5.5));
#5428=CARTESIAN_POINT('Ctrl Pts',(-3.7507243750955,7.12282013405255,5.5));
#5429=CARTESIAN_POINT('Ctrl Pts',(-3.69803626600809,7.09725454572583,5.5));
#5430=CARTESIAN_POINT('Ctrl Pts',(-3.64618823187334,7.07089941541784,5.5));
#5431=CARTESIAN_POINT('Ctrl Pts',(-3.5952036702552,7.04375211509127,5.5));
#5432=CARTESIAN_POINT('Ctrl Pts',(-3.51977315793017,7.00358829477226,5.5));
#5433=CARTESIAN_POINT('Ctrl Pts',(-3.44624457546991,6.96169713915622,5.5));
#5434=CARTESIAN_POINT('Ctrl Pts',(-3.37479126119116,6.91810766613977,5.5));
#5435=CARTESIAN_POINT('Ctrl Pts',(-3.30933513982246,6.87817672850641,5.5));
#5436=CARTESIAN_POINT('Ctrl Pts',(-3.24561971098657,6.83681790630964,5.5));
#5437=CARTESIAN_POINT('Ctrl Pts',(-3.18379860431915,6.79404535123547,5.5));
#5438=CARTESIAN_POINT('Ctrl Pts',(-3.13118305691944,6.75764190393035,5.5));
#5439=CARTESIAN_POINT('Ctrl Pts',(-3.07994207553738,6.72021252097797,5.5));
#5440=CARTESIAN_POINT('Ctrl Pts',(-3.03019583643228,6.68175596300494,5.5));
#5441=CARTESIAN_POINT('Ctrl Pts',(-2.99722501272931,6.65626771673826,5.5));
#5442=CARTESIAN_POINT('Ctrl Pts',(-2.96490464648907,6.63033152662809,5.5));
#5443=CARTESIAN_POINT('Ctrl Pts',(-2.93328479697722,6.60394029951622,5.5));
#5444=CARTESIAN_POINT('Ctrl Pts',(-2.90631271920955,6.58142829389205,5.5));
#5445=CARTESIAN_POINT('Ctrl Pts',(-2.87985724153767,6.55858160889252,5.5));
#5446=CARTESIAN_POINT('Ctrl Pts',(-2.85394622578645,6.53539835089951,5.5));
#5447=CARTESIAN_POINT('Ctrl Pts',(-2.83205752877575,6.51581396583325,5.5));
#5448=CARTESIAN_POINT('Ctrl Pts',(-2.81055115238583,6.49599264460003,5.5));
#5449=CARTESIAN_POINT('Ctrl Pts',(-2.78943906698015,6.47593630677527,5.5));
#5450=CARTESIAN_POINT('Ctrl Pts',(-2.77092820476197,6.4583511133213,5.5));
#5451=CARTESIAN_POINT('Ctrl Pts',(-2.75272174999912,6.44058457386582,5.5));
#5452=CARTESIAN_POINT('Ctrl Pts',(-2.73486952346036,6.42261662672381,5.5));
#5453=CARTESIAN_POINT('Ctrl Pts',(-2.72025411557098,6.40790647973766,5.5));
#5454=CARTESIAN_POINT('Ctrl Pts',(-2.70587966987204,6.39305949546508,5.5));
#5455=CARTESIAN_POINT('Ctrl Pts',(-2.69175260488904,6.378075866698,5.5));
#5456=CARTESIAN_POINT('Ctrl Pts',(-2.67845494765012,6.36397193500521,5.5));
#5457=CARTESIAN_POINT('Ctrl Pts',(-2.6653730560383,6.34974871394043,5.5));
#5458=CARTESIAN_POINT('Ctrl Pts',(-2.65248538840995,6.33542068126025,5.5));
#5459=CARTESIAN_POINT('Ctrl Pts',(-2.64120128255304,6.32287542930724,5.5));
#5460=CARTESIAN_POINT('Ctrl Pts',(-2.63006325205065,6.3102512995639,5.5));
#5461=CARTESIAN_POINT('Ctrl Pts',(-2.6190850161307,6.2975435405897,5.5));
#5462=CARTESIAN_POINT('Ctrl Pts',(-2.60366626860857,6.27969570705576,5.5));
#5463=CARTESIAN_POINT('Ctrl Pts',(-2.58856557267882,6.2616813494846,5.5));
#5464=CARTESIAN_POINT('Ctrl Pts',(-2.57396574805984,6.24341275693702,5.5));
#5465=CARTESIAN_POINT('Ctrl Pts',(-2.56576679199511,6.23315349755747,5.5));
#5466=CARTESIAN_POINT('Ctrl Pts',(-2.55772791700274,6.22281297657396,5.5));
#5467=CARTESIAN_POINT('Ctrl Pts',(-2.54985704310186,6.21238866978907,5.5));
#5468=CARTESIAN_POINT('Ctrl Pts',(-2.54097596311929,6.2006264304894,5.5));
#5469=CARTESIAN_POINT('Ctrl Pts',(-2.53230961267172,6.18875704687597,5.5));
#5470=CARTESIAN_POINT('Ctrl Pts',(-2.52379834110836,6.17681440458172,5.5));
#5471=CARTESIAN_POINT('Ctrl Pts',(-2.5165830542066,6.16669023102239,5.5));
#5472=CARTESIAN_POINT('Ctrl Pts',(-2.50947408806093,6.15651606098799,5.5));
#5473=CARTESIAN_POINT('Ctrl Pts',(-2.50243948327335,6.14631101311976,5.5));
#5474=CARTESIAN_POINT('Ctrl Pts',(-2.4966238346461,6.137874295718,5.5));
#5475=CARTESIAN_POINT('Ctrl Pts',(-2.49085813024803,6.1294169375585,5.5));
#5476=CARTESIAN_POINT('Ctrl Pts',(-2.48515751361325,6.12093305586062,5.5));
#5477=CARTESIAN_POINT('Ctrl Pts',(-2.47962392528677,6.11269775225502,5.5));
#5478=CARTESIAN_POINT('Ctrl Pts',(-2.47415102512111,6.10443779056609,5.5));
#5479=CARTESIAN_POINT('Ctrl Pts',(-2.46880042815497,6.09612356311933,5.5));
#5480=CARTESIAN_POINT('Ctrl Pts',(-2.46028118283834,6.08288561160002,5.5));
#5481=CARTESIAN_POINT('Ctrl Pts',(-2.45207673410114,6.06950782629007,5.5));
#5482=CARTESIAN_POINT('Ctrl Pts',(-2.44457043260434,6.05580131701184,5.5));
#5483=CARTESIAN_POINT('Ctrl Pts',(-2.44005229050001,6.04755118787704,5.5));
#5484=CARTESIAN_POINT('Ctrl Pts',(-2.43578937201881,6.0391807724278,5.5));
#5485=CARTESIAN_POINT('Ctrl Pts',(-2.43184383978274,6.03065923549742,5.5));
#5486=CARTESIAN_POINT('Ctrl Pts',(-2.42923438684007,6.02502335463558,5.5));
#5487=CARTESIAN_POINT('Ctrl Pts',(-2.42676325962953,6.019321617525,5.5));
#5488=CARTESIAN_POINT('Ctrl Pts',(-2.42443672738869,6.013550908019,5.5));
#5489=CARTESIAN_POINT('',(-4.29318099512903,6.8096326584525,5.5));
#5490=CARTESIAN_POINT('Origin',(-4.86277684785819E-13,6.31088724176809E-29,
5.5));
#5491=CARTESIAN_POINT('',(-3.99566948960108,5.10639924979611,5.5));
#5492=CARTESIAN_POINT('Ctrl Pts',(-3.99566948960108,5.10639924979611,5.5));
#5493=CARTESIAN_POINT('Ctrl Pts',(-4.00119928474663,5.11346623615628,5.5));
#5494=CARTESIAN_POINT('Ctrl Pts',(-4.0064525782637,5.12072320415503,5.5));
#5495=CARTESIAN_POINT('Ctrl Pts',(-4.01145359625766,5.12815407095257,5.5));
#5496=CARTESIAN_POINT('Ctrl Pts',(-4.01766296362029,5.13738038883912,5.5));
#5497=CARTESIAN_POINT('Ctrl Pts',(-4.02348441623303,5.1468741536858,5.5));
#5498=CARTESIAN_POINT('Ctrl Pts',(-4.02903186162182,5.15655954891548,5.5));
#5499=CARTESIAN_POINT('Ctrl Pts',(-4.03497513648345,5.16693603069391,5.5));
#5500=CARTESIAN_POINT('Ctrl Pts',(-4.04060921810744,5.17752897695713,5.5));
#5501=CARTESIAN_POINT('Ctrl Pts',(-4.0460901708793,5.18823382975316,5.5));
#5502=CARTESIAN_POINT('Ctrl Pts',(-4.05056183331388,5.19696743686642,5.5));
#5503=CARTESIAN_POINT('Ctrl Pts',(-4.05493313003707,5.20577448790484,5.5));
#5504=CARTESIAN_POINT('Ctrl Pts',(-4.05925574095391,5.21461957188706,5.5));
#5505=CARTESIAN_POINT('Ctrl Pts',(-4.06406870993908,5.22446804441828,5.5));
#5506=CARTESIAN_POINT('Ctrl Pts',(-4.06882092128185,5.23436391659301,5.5));
#5507=CARTESIAN_POINT('Ctrl Pts',(-4.07352294722793,5.24429794591238,5.5));
#5508=CARTESIAN_POINT('Ctrl Pts',(-4.07991699334884,5.25780672752329,5.5));
#5509=CARTESIAN_POINT('Ctrl Pts',(-4.08621618330922,5.27138733787378,5.5));
#5510=CARTESIAN_POINT('Ctrl Pts',(-4.09235350634083,5.28507825355014,5.5));
#5511=CARTESIAN_POINT('Ctrl Pts',(-4.09761804160808,5.29682218621393,5.5));
#5512=CARTESIAN_POINT('Ctrl Pts',(-4.10275827945351,5.30865066080859,5.5));
#5513=CARTESIAN_POINT('Ctrl Pts',(-4.10774288122471,5.32058175471028,5.5));
#5514=CARTESIAN_POINT('Ctrl Pts',(-4.1133654271894,5.33403982557542,5.5));
#5515=CARTESIAN_POINT('Ctrl Pts',(-4.11879050157461,5.34762811761504,5.5));
#5516=CARTESIAN_POINT('Ctrl Pts',(-4.12403725981645,5.36133217639615,5.5));
#5517=CARTESIAN_POINT('Ctrl Pts',(-4.13040523947918,5.37796476428994,5.5));
#5518=CARTESIAN_POINT('Ctrl Pts',(-4.13651588025109,5.39476448954518,5.5));
#5519=CARTESIAN_POINT('Ctrl Pts',(-4.14244466659579,5.41167984827311,5.5));
#5520=CARTESIAN_POINT('Ctrl Pts',(-4.14782397739919,5.42702750404244,5.5));
#5521=CARTESIAN_POINT('Ctrl Pts',(-4.15305591583101,5.44246888116227,5.5));
#5522=CARTESIAN_POINT('Ctrl Pts',(-4.15815620168636,5.4579916552329,5.5));
#5523=CARTESIAN_POINT('Ctrl Pts',(-4.16648643508199,5.48334480888419,5.5));
#5524=CARTESIAN_POINT('Ctrl Pts',(-4.17445938111576,5.50891891359449,5.5));
#5525=CARTESIAN_POINT('Ctrl Pts',(-4.18201753798246,5.53474152883853,5.5));
#5526=CARTESIAN_POINT('Ctrl Pts',(-4.18853906222499,5.55702246508916,5.5));
#5527=CARTESIAN_POINT('Ctrl Pts',(-4.1947495530207,5.57948986326468,5.5));
#5528=CARTESIAN_POINT('Ctrl Pts',(-4.20066911128503,5.60212577266003,5.5));
#5529=CARTESIAN_POINT('Ctrl Pts',(-4.20715980318488,5.62694565063024,5.5));
#5530=CARTESIAN_POINT('Ctrl Pts',(-4.21330774265563,5.65196366197383,5.5));
#5531=CARTESIAN_POINT('Ctrl Pts',(-4.21914717219776,5.6771517614833,5.5));
#5532=CARTESIAN_POINT('Ctrl Pts',(-4.22832662907481,5.71674690885065,5.5));
#5533=CARTESIAN_POINT('Ctrl Pts',(-4.23673630349542,5.75676699959152,5.5));
#5534=CARTESIAN_POINT('Ctrl Pts',(-4.24437078534361,5.79719302592001,5.5));
#5535=CARTESIAN_POINT('Ctrl Pts',(-4.25268864661275,5.84123767562248,5.5));
#5536=CARTESIAN_POINT('Ctrl Pts',(-4.26009244990941,5.88576030003927,5.5));
#5537=CARTESIAN_POINT('Ctrl Pts',(-4.26663908577738,5.93069801370399,5.5));
#5538=CARTESIAN_POINT('Ctrl Pts',(-4.27537947145122,5.99069416388729,5.5));
#5539=CARTESIAN_POINT('Ctrl Pts',(-4.28258183675032,6.05143665496305,5.5));
#5540=CARTESIAN_POINT('Ctrl Pts',(-4.28829429211759,6.11283556513485,5.5));
#5541=CARTESIAN_POINT('Ctrl Pts',(-4.29577584325823,6.19324916259807,5.5));
#5542=CARTESIAN_POINT('Ctrl Pts',(-4.30071477612272,6.27478086988371,5.5));
#5543=CARTESIAN_POINT('Ctrl Pts',(-4.30319767318977,6.35725148223223,5.5));
#5544=CARTESIAN_POINT('Ctrl Pts',(-4.30542650668787,6.43128325175333,5.5));
#5545=CARTESIAN_POINT('Ctrl Pts',(-4.30567665266363,6.50607151305208,5.5));
#5546=CARTESIAN_POINT('Ctrl Pts',(-4.30399400932997,6.58150523186348,5.5));
#5547=CARTESIAN_POINT('Ctrl Pts',(-4.30271647762691,6.63877759929479,5.5));
#5548=CARTESIAN_POINT('Ctrl Pts',(-4.30032399749275,6.69641632290168,5.5));
#5549=CARTESIAN_POINT('Ctrl Pts',(-4.29683311949019,6.75438515934964,5.5));
#5550=CARTESIAN_POINT('Ctrl Pts',(-4.29572614478541,6.7727673645045,5.5));
#5551=CARTESIAN_POINT('Ctrl Pts',(-4.29450870277921,6.79118323349651,5.5));
#5552=CARTESIAN_POINT('Ctrl Pts',(-4.29318099512904,6.8096326584525,5.5));
#5553=CARTESIAN_POINT('',(-3.78388124082195,4.83573738512088,5.5));
#5554=CARTESIAN_POINT('',(-1.99783474480054,2.55319962489806,5.5));
#5555=CARTESIAN_POINT('',(-3.84246246195618,4.03165667324955,5.5));
#5556=CARTESIAN_POINT('Origin',(-4.25641311725854,4.465989327991,5.5));
#5557=CARTESIAN_POINT('',(-4.03165667324955,3.84246246195618,5.5));
#5558=CARTESIAN_POINT('Origin',(0.,0.,5.5));
#5559=CARTESIAN_POINT('',(-4.83573738512088,3.78388124082196,5.5));
#5560=CARTESIAN_POINT('Origin',(-4.465989327991,4.25641311725854,5.5));
#5561=CARTESIAN_POINT('',(-5.10639924979611,3.99566948960108,5.5));
#5562=CARTESIAN_POINT('',(-2.18918111704613,1.7129965301756,5.5));
#5563=CARTESIAN_POINT('',(-6.80963265845249,4.29318099512904,5.5));
#5564=CARTESIAN_POINT('Ctrl Pts',(-6.80963265845249,4.29318099512904,5.5));
#5565=CARTESIAN_POINT('Ctrl Pts',(-6.75122062325501,4.29738460072535,5.5));
#5566=CARTESIAN_POINT('Ctrl Pts',(-6.69314134331795,4.30048440542896,5.5));
#5567=CARTESIAN_POINT('Ctrl Pts',(-6.63541376750757,4.30246643451068,5.5));
#5568=CARTESIAN_POINT('Ctrl Pts',(-6.55000711742255,4.3053988019601,5.5));
#5569=CARTESIAN_POINT('Ctrl Pts',(-6.4653839192689,4.30588428822711,5.5));
#5570=CARTESIAN_POINT('Ctrl Pts',(-6.38170879738087,4.30386135438887,5.5));
#5571=CARTESIAN_POINT('Ctrl Pts',(-6.30505666464878,4.30200820867987,5.5));
#5572=CARTESIAN_POINT('Ctrl Pts',(-6.22919807358833,4.29804813239995,5.5));
#5573=CARTESIAN_POINT('Ctrl Pts',(-6.15427314720973,4.29191656645085,5.5));
#5574=CARTESIAN_POINT('Ctrl Pts',(-6.09050502296371,4.28669803000159,5.5));
#5575=CARTESIAN_POINT('Ctrl Pts',(-6.02741433998282,4.27990372421454,5.5));
#5576=CARTESIAN_POINT('Ctrl Pts',(-5.96510455427347,4.27147248763142,5.5));
#5577=CARTESIAN_POINT('Ctrl Pts',(-5.92380686022356,4.26588443071696,5.5));
#5578=CARTESIAN_POINT('Ctrl Pts',(-5.8828485069388,4.259583214323,5.5));
#5579=CARTESIAN_POINT('Ctrl Pts',(-5.8422693004359,4.25253766596145,5.5));
#5580=CARTESIAN_POINT('Ctrl Pts',(-5.8076547931011,4.24652773608711,5.5));
#5581=CARTESIAN_POINT('Ctrl Pts',(-5.7733203348849,4.23996966532421,5.5));
#5582=CARTESIAN_POINT('Ctrl Pts',(-5.73928910802637,4.23284788283895,5.5));
#5583=CARTESIAN_POINT('Ctrl Pts',(-5.71054074782573,4.22683165635943,5.5));
#5584=CARTESIAN_POINT('Ctrl Pts',(-5.68200501891159,4.22041907682983,5.5));
#5585=CARTESIAN_POINT('Ctrl Pts',(-5.65369324771054,4.21360582146953,5.5));
#5586=CARTESIAN_POINT('Ctrl Pts',(-5.62886977405563,4.20763202831686,5.5));
#5587=CARTESIAN_POINT('Ctrl Pts',(-5.60421925198939,4.20134898119232,5.5));
#5588=CARTESIAN_POINT('Ctrl Pts',(-5.5797747967207,4.19471439578266,5.5));
#5589=CARTESIAN_POINT('Ctrl Pts',(-5.55976240870847,4.18928273874392,5.5));
#5590=CARTESIAN_POINT('Ctrl Pts',(-5.5398902814313,4.18361209604373,5.5));
#5591=CARTESIAN_POINT('Ctrl Pts',(-5.52016406989129,4.17769942538204,5.5));
#5592=CARTESIAN_POINT('Ctrl Pts',(-5.50159599506492,4.17213389086227,5.5));
#5593=CARTESIAN_POINT('Ctrl Pts',(-5.4831551340669,4.1663571659024,5.5));
#5594=CARTESIAN_POINT('Ctrl Pts',(-5.46483007016487,4.16039255942925,5.5));
#5595=CARTESIAN_POINT('Ctrl Pts',(-5.44878512185838,4.1551701054699,5.5));
#5596=CARTESIAN_POINT('Ctrl Pts',(-5.4328272396246,4.14980630366311,5.5));
#5597=CARTESIAN_POINT('Ctrl Pts',(-5.41696592894314,4.14429017952668,5.5));
#5598=CARTESIAN_POINT('Ctrl Pts',(-5.39468898511151,4.13654287603939,5.5));
#5599=CARTESIAN_POINT('Ctrl Pts',(-5.37260422002025,4.1284923327089,5.5));
#5600=CARTESIAN_POINT('Ctrl Pts',(-5.35082610472045,4.11997117977416,5.5));
#5601=CARTESIAN_POINT('Ctrl Pts',(-5.33859597079432,4.11518587855951,5.5));
#5602=CARTESIAN_POINT('Ctrl Pts',(-5.32646384034156,4.11025016219528,5.5));
#5603=CARTESIAN_POINT('Ctrl Pts',(-5.31443531020119,4.10515788465283,5.5));
#5604=CARTESIAN_POINT('Ctrl Pts',(-5.30086294965948,4.09941202659885,5.5));
#5605=CARTESIAN_POINT('Ctrl Pts',(-5.2874229781934,4.09346601407938,5.5));
#5606=CARTESIAN_POINT('Ctrl Pts',(-5.27408067964034,4.08737901823903,5.5));
#5607=CARTESIAN_POINT('Ctrl Pts',(-5.26276997111584,4.0822188701981,5.5));
#5608=CARTESIAN_POINT('Ctrl Pts',(-5.25152634082937,4.07696226356185,5.5));
#5609=CARTESIAN_POINT('Ctrl Pts',(-5.24033167045109,4.07164173525815,5.5));
#5610=CARTESIAN_POINT('Ctrl Pts',(-5.2310768123021,4.06724314797828,5.5));
#5611=CARTESIAN_POINT('Ctrl Pts',(-5.22185488674548,4.06280171316328,5.5));
#5612=CARTESIAN_POINT('Ctrl Pts',(-5.21267606707615,4.05830476440858,5.5));
#5613=CARTESIAN_POINT('Ctrl Pts',(-5.20376618720757,4.05393957644074,5.5));
#5614=CARTESIAN_POINT('Ctrl Pts',(-5.19489653578634,4.04952268986584,5.5));
#5615=CARTESIAN_POINT('Ctrl Pts',(-5.18610566916408,4.04499765616616,5.5));
#5616=CARTESIAN_POINT('Ctrl Pts',(-5.17210881054827,4.03779287651842,5.5));
#5617=CARTESIAN_POINT('Ctrl Pts',(-5.15831465687198,4.03030959896589,5.5));
#5618=CARTESIAN_POINT('Ctrl Pts',(-5.14496075445693,4.02219256448636,5.5));
#5619=CARTESIAN_POINT('Ctrl Pts',(-5.13692286405045,4.01730681412333,5.5));
#5620=CARTESIAN_POINT('Ctrl Pts',(-5.12904586062803,4.01218928094467,5.5));
#5621=CARTESIAN_POINT('Ctrl Pts',(-5.12136816101611,4.00678217960174,5.5));
#5622=CARTESIAN_POINT('Ctrl Pts',(-5.11629036805415,4.00320609007864,5.5));
#5623=CARTESIAN_POINT('Ctrl Pts',(-5.1112994405656,3.9995038045054,5.5));
#5624=CARTESIAN_POINT('Ctrl Pts',(-5.10639924979611,3.99566948960108,5.5));
#5625=CARTESIAN_POINT('',(-7.12282013405255,3.75072437509551,5.5));
#5626=CARTESIAN_POINT('Origin',(-4.86277684785819E-13,6.31088724176809E-29,
5.5));
#5627=CARTESIAN_POINT('',(-6.01355090801899,2.4244367273887,5.5));
#5628=CARTESIAN_POINT('Ctrl Pts',(-6.01355090801899,2.4244367273887,5.5));
#5629=CARTESIAN_POINT('Ctrl Pts',(-6.02187334427223,2.42779201953178,5.5));
#5630=CARTESIAN_POINT('Ctrl Pts',(-6.03005131391035,2.43145009141433,5.5));
#5631=CARTESIAN_POINT('Ctrl Pts',(-6.0380977559361,2.43538490183582,5.5));
#5632=CARTESIAN_POINT('Ctrl Pts',(-6.0480883847563,2.44027044382732,5.5));
#5633=CARTESIAN_POINT('Ctrl Pts',(-6.05787679302868,2.44558155905536,5.5));
#5634=CARTESIAN_POINT('Ctrl Pts',(-6.06752371927579,2.45119563467517,5.5));
#5635=CARTESIAN_POINT('Ctrl Pts',(-6.07785898717821,2.45721029406708,5.5));
#5636=CARTESIAN_POINT('Ctrl Pts',(-6.08803471812449,2.46356701382076,5.5));
#5637=CARTESIAN_POINT('Ctrl Pts',(-6.09813378886117,2.4700972119008,5.5));
#5638=CARTESIAN_POINT('Ctrl Pts',(-6.10637316568343,2.47542490631036,5.5));
#5639=CARTESIAN_POINT('Ctrl Pts',(-6.11456234521254,2.48086638788056,5.5));
#5640=CARTESIAN_POINT('Ctrl Pts',(-6.12272837806845,2.48636514984945,5.5));
#5641=CARTESIAN_POINT('Ctrl Pts',(-6.13182076774308,2.49248769275754,5.5));
#5642=CARTESIAN_POINT('Ctrl Pts',(-6.14088423957767,2.49868166378225,5.5));
#5643=CARTESIAN_POINT('Ctrl Pts',(-6.14992332815616,2.50493377256189,5.5));
#5644=CARTESIAN_POINT('Ctrl Pts',(-6.16221512533751,2.51343569755222,5.5));
#5645=CARTESIAN_POINT('Ctrl Pts',(-6.17446068904392,2.52204725613605,5.5));
#5646=CARTESIAN_POINT('Ctrl Pts',(-6.18662122454087,2.53083527539871,5.5));
#5647=CARTESIAN_POINT('Ctrl Pts',(-6.19705241215297,2.5383735517921,5.5));
#5648=CARTESIAN_POINT('Ctrl Pts',(-6.20741822600558,2.54604719235623,5.5));
#5649=CARTESIAN_POINT('Ctrl Pts',(-6.21770056471768,2.55388752188427,5.5));
#5650=CARTESIAN_POINT('Ctrl Pts',(-6.22929886779137,2.56273128015852,5.5));
#5651=CARTESIAN_POINT('Ctrl Pts',(-6.24079126604792,2.57178654906779,5.5));
#5652=CARTESIAN_POINT('Ctrl Pts',(-6.25218712136512,2.58103123298784,5.5));
#5653=CARTESIAN_POINT('Ctrl Pts',(-6.26601824746742,2.59225148680073,5.5));
#5654=CARTESIAN_POINT('Ctrl Pts',(-6.27971008023368,2.60374515525981,5.5));
#5655=CARTESIAN_POINT('Ctrl Pts',(-6.2933022391826,2.61542989245728,5.5));
#5656=CARTESIAN_POINT('Ctrl Pts',(-6.30563468687926,2.6260316968416,5.5));
#5657=CARTESIAN_POINT('Ctrl Pts',(-6.31788636703356,2.63678835248215,5.5));
#5658=CARTESIAN_POINT('Ctrl Pts',(-6.33006473118753,2.64768132623815,5.5));
#5659=CARTESIAN_POINT('Ctrl Pts',(-6.34995550175306,2.66547268466836,5.5));
#5660=CARTESIAN_POINT('Ctrl Pts',(-6.36964732791626,2.6836340360096,5.5));
#5661=CARTESIAN_POINT('Ctrl Pts',(-6.38910419139045,2.70221799836969,5.5));
#5662=CARTESIAN_POINT('Ctrl Pts',(-6.40589246517439,2.71825309305521,5.5));
#5663=CARTESIAN_POINT('Ctrl Pts',(-6.42250460705456,2.73460518522766,5.5));
#5664=CARTESIAN_POINT('Ctrl Pts',(-6.4389490495818,2.75124867866278,5.5));
#5665=CARTESIAN_POINT('Ctrl Pts',(-6.45698009263778,2.76949797755104,5.5));
#5666=CARTESIAN_POINT('Ctrl Pts',(-6.47481337006967,2.78809024118845,5.5));
#5667=CARTESIAN_POINT('Ctrl Pts',(-6.49246451414907,2.80698406046263,5.5));
#5668=CARTESIAN_POINT('Ctrl Pts',(-6.52021173070639,2.83668473553713,5.5));
#5669=CARTESIAN_POINT('Ctrl Pts',(-6.54750476778698,2.86713831359787,5.5));
#5670=CARTESIAN_POINT('Ctrl Pts',(-6.57432943620001,2.89833103847729,5.5));
#5671=CARTESIAN_POINT('Ctrl Pts',(-6.60355524020519,2.93231589337567,5.5));
#5672=CARTESIAN_POINT('Ctrl Pts',(-6.63222843414319,2.96717171550463,5.5));
#5673=CARTESIAN_POINT('Ctrl Pts',(-6.66036684393697,3.00281559918094,5.5));
#5674=CARTESIAN_POINT('Ctrl Pts',(-6.69793431503918,3.05040359650537,5.5));
#5675=CARTESIAN_POINT('Ctrl Pts',(-6.73454299187267,3.09940695418829,5.5));
#5676=CARTESIAN_POINT('Ctrl Pts',(-6.77018957840494,3.14972374244836,5.5));
#5677=CARTESIAN_POINT('Ctrl Pts',(-6.81687559052673,3.21562318514851,5.5));
#5678=CARTESIAN_POINT('Ctrl Pts',(-6.86191868553753,3.28376224850123,5.5));
#5679=CARTESIAN_POINT('Ctrl Pts',(-6.90530424368361,3.35394244539241,5.5));
#5680=CARTESIAN_POINT('Ctrl Pts',(-6.94425035485934,3.41694142171666,5.5));
#5681=CARTESIAN_POINT('Ctrl Pts',(-6.98186111826429,3.48158488289807,5.5));
#5682=CARTESIAN_POINT('Ctrl Pts',(-7.01812076578434,3.54775372133615,5.5));
#5683=CARTESIAN_POINT('Ctrl Pts',(-7.04565057425213,3.59799181170172,5.5));
#5684=CARTESIAN_POINT('Ctrl Pts',(-7.07239798716173,3.64910465001632,5.5));
#5685=CARTESIAN_POINT('Ctrl Pts',(-7.09835921605364,3.70105257335134,5.5));
#5686=CARTESIAN_POINT('Ctrl Pts',(-7.10659165072861,3.7175255179541,5.5));
#5687=CARTESIAN_POINT('Ctrl Pts',(-7.11474524982694,3.73408284995203,5.5));
#5688=CARTESIAN_POINT('Ctrl Pts',(-7.12282013405255,3.75072437509551,5.5));
#5689=CARTESIAN_POINT('',(-5.69480597201563,2.29593080113384,5.5));
#5690=CARTESIAN_POINT('',(-3.0067754540095,1.21221836369435,5.5));
#5691=CARTESIAN_POINT('',(-5.34349844176693,1.57028586739308,5.5));
#5692=CARTESIAN_POINT('Origin',(-5.9191565525427,1.73945365244113,5.5));
#5693=CARTESIAN_POINT('',(-5.41274832934926,1.31184176851737,5.5));
#5694=CARTESIAN_POINT('Origin',(0.,0.,5.5));
#5695=CARTESIAN_POINT('',(-6.07981204195579,0.859068586894756,5.5));
#5696=CARTESIAN_POINT('Origin',(-5.99586676969967,1.45316722455171,5.5));
#5697=CARTESIAN_POINT('',(-6.42010621698977,0.907151658222882,5.5));
#5698=CARTESIAN_POINT('',(-2.75238472593495,0.388907953203604,5.5));
#5699=CARTESIAN_POINT('',(-8.04390537022454,0.313187475600059,5.5));
#5700=CARTESIAN_POINT('Ctrl Pts',(-8.04390537022454,0.313187475600059,5.5));
#5701=CARTESIAN_POINT('Ctrl Pts',(-7.99542086673834,0.346033922376198,5.5));
#5702=CARTESIAN_POINT('Ctrl Pts',(-7.94667263731546,0.377758071912164,5.5));
#5703=CARTESIAN_POINT('Ctrl Pts',(-7.89767010479079,0.408338347304503,5.5));
#5704=CARTESIAN_POINT('Ctrl Pts',(-7.82517195996181,0.453581177013102,5.5));
#5705=CARTESIAN_POINT('Ctrl Pts',(-7.75212886381775,0.496313219497056,5.5));
#5706=CARTESIAN_POINT('Ctrl Pts',(-7.67865261575245,0.53639886831917,5.5));
#5707=CARTESIAN_POINT('Ctrl Pts',(-7.61134334865451,0.573120063459182,5.5));
#5708=CARTESIAN_POINT('Ctrl Pts',(-7.54366784351703,0.607619832362248,5.5));
#5709=CARTESIAN_POINT('Ctrl Pts',(-7.47571517087754,0.639772203703939,5.5));
#5710=CARTESIAN_POINT('Ctrl Pts',(-7.41788108702161,0.667136880737434,5.5));
#5711=CARTESIAN_POINT('Ctrl Pts',(-7.35984579984126,0.692798180856629,5.5));
#5712=CARTESIAN_POINT('Ctrl Pts',(-7.30166832413733,0.716651408681267,5.5));
#5713=CARTESIAN_POINT('Ctrl Pts',(-7.26310944348558,0.732460856473914,5.5));
#5714=CARTESIAN_POINT('Ctrl Pts',(-7.22448786081713,0.747483019656591,5.5));
#5715=CARTESIAN_POINT('Ctrl Pts',(-7.18582246290967,0.761670999054287,5.5));
#5716=CARTESIAN_POINT('Ctrl Pts',(-7.15284045528081,0.77377350077567,5.5));
#5717=CARTESIAN_POINT('Ctrl Pts',(-7.11982690685869,0.785261274003386,5.5));
#5718=CARTESIAN_POINT('Ctrl Pts',(-7.08679410863434,0.79610924288029,5.5));
#5719=CARTESIAN_POINT('Ctrl Pts',(-7.05888918514365,0.805273218014441,5.5));
#5720=CARTESIAN_POINT('Ctrl Pts',(-7.03097022922368,0.813987625695107,5.5));
#5721=CARTESIAN_POINT('Ctrl Pts',(-7.00304488845725,0.822243059071156,5.5));
#5722=CARTESIAN_POINT('Ctrl Pts',(-6.97856023308469,0.82948133927172,5.5));
#5723=CARTESIAN_POINT('Ctrl Pts',(-6.95407073119561,0.836365321882064,5.5));
#5724=CARTESIAN_POINT('Ctrl Pts',(-6.92958391924552,0.842841830008281,5.5));
#5725=CARTESIAN_POINT('Ctrl Pts',(-6.90953685431885,0.848144071033735,5.5));
#5726=CARTESIAN_POINT('Ctrl Pts',(-6.88949176592118,0.853169214037754,5.5));
#5727=CARTESIAN_POINT('Ctrl Pts',(-6.86945203027795,0.857911796810144,5.5));
#5728=CARTESIAN_POINT('Ctrl Pts',(-6.85058883851893,0.86237593994363,5.5));
#5729=CARTESIAN_POINT('Ctrl Pts',(-6.83173022194693,0.86659357987677,5.5));
#5730=CARTESIAN_POINT('Ctrl Pts',(-6.8128779478451,0.870590611098499,5.5));
#5731=CARTESIAN_POINT('Ctrl Pts',(-6.79637138802859,0.874090307453089,5.5));
#5732=CARTESIAN_POINT('Ctrl Pts',(-6.77986955571913,0.877424059944643,5.5));
#5733=CARTESIAN_POINT('Ctrl Pts',(-6.76337519566246,0.880577611652985,5.5));
#5734=CARTESIAN_POINT('Ctrl Pts',(-6.74020914464934,0.885006721936556,5.5));
#5735=CARTESIAN_POINT('Ctrl Pts',(-6.71705790538586,0.889077129442529,5.5));
#5736=CARTESIAN_POINT('Ctrl Pts',(-6.69393692782967,0.892586652180641,5.5));
#5737=CARTESIAN_POINT('Ctrl Pts',(-6.68095267055093,0.894557526727209,5.5));
#5738=CARTESIAN_POINT('Ctrl Pts',(-6.66797807919498,0.896349136196465,5.5));
#5739=CARTESIAN_POINT('Ctrl Pts',(-6.65501492775231,0.897953359551942,5.5));
#5740=CARTESIAN_POINT('Ctrl Pts',(-6.64038798971419,0.899763480780844,5.5));
#5741=CARTESIAN_POINT('Ctrl Pts',(-6.62577562674599,0.90133406862036,5.5));
#5742=CARTESIAN_POINT('Ctrl Pts',(-6.61117735934128,0.902733724866056,5.5));
#5743=CARTESIAN_POINT('Ctrl Pts',(-6.59880192440038,0.903920259838189,5.5));
#5744=CARTESIAN_POINT('Ctrl Pts',(-6.58643635161999,0.904989720097209,5.5));
#5745=CARTESIAN_POINT('Ctrl Pts',(-6.57408121853014,0.905979342614225,5.5));
#5746=CARTESIAN_POINT('Ctrl Pts',(-6.56386698262296,0.90679748336385,5.5));
#5747=CARTESIAN_POINT('Ctrl Pts',(-6.55365984340981,0.907562050763373,5.5));
#5748=CARTESIAN_POINT('Ctrl Pts',(-6.54346227802027,0.908256988737208,5.5));
#5749=CARTESIAN_POINT('Ctrl Pts',(-6.53356350172599,0.90893156499915,5.5));
#5750=CARTESIAN_POINT('Ctrl Pts',(-6.52367371498556,0.90954125473041,5.5));
#5751=CARTESIAN_POINT('Ctrl Pts',(-6.51379808432007,0.9100178939049,5.5));
#5752=CARTESIAN_POINT('Ctrl Pts',(-6.49807405935661,0.910776801009885,5.5));
#5753=CARTESIAN_POINT('Ctrl Pts',(-6.48238633306787,0.911193169384704,5.5));
#5754=CARTESIAN_POINT('Ctrl Pts',(-6.46676299709194,0.910840562529936,5.5));
#5755=CARTESIAN_POINT('Ctrl Pts',(-6.45735910462526,0.910628323802537,5.5));
#5756=CARTESIAN_POINT('Ctrl Pts',(-6.44797865296611,0.910134911776641,5.5));
#5757=CARTESIAN_POINT('Ctrl Pts',(-6.4386260193878,0.909291074459113,5.5));
#5758=CARTESIAN_POINT('Ctrl Pts',(-6.43244047692128,0.908732986566683,5.5));
#5759=CARTESIAN_POINT('Ctrl Pts',(-6.42626706413641,0.908022176952047,5.5));
#5760=CARTESIAN_POINT('Ctrl Pts',(-6.42010621698977,0.907151658222882,5.5));
#5761=CARTESIAN_POINT('',(-8.04390537022454,-0.313187475600046,5.5));
#5762=CARTESIAN_POINT('Origin',(-4.86277684785819E-13,6.31088724176809E-29,
5.5));
#5763=CARTESIAN_POINT('',(-6.42010621698977,-0.907151658222879,5.5));
#5764=CARTESIAN_POINT('Ctrl Pts',(-6.42010621698977,-0.907151658222879,
5.5));
#5765=CARTESIAN_POINT('Ctrl Pts',(-6.428991304278,-0.908407108116473,5.5));
#5766=CARTESIAN_POINT('Ctrl Pts',(-6.43790266967726,-0.909328109756373,
5.5));
#5767=CARTESIAN_POINT('Ctrl Pts',(-6.44683849809238,-0.909943684985162,
5.5));
#5768=CARTESIAN_POINT('Ctrl Pts',(-6.45793340744621,-0.910707995919369,
5.5));
#5769=CARTESIAN_POINT('Ctrl Pts',(-6.46906597528672,-0.911002639345648,
5.5));
#5770=CARTESIAN_POINT('Ctrl Pts',(-6.48022749629507,-0.910964170363676,
5.5));
#5771=CARTESIAN_POINT('Ctrl Pts',(-6.49218543054923,-0.910922956486384,
5.5));
#5772=CARTESIAN_POINT('Ctrl Pts',(-6.50417623192742,-0.910505741168118,
5.5));
#5773=CARTESIAN_POINT('Ctrl Pts',(-6.51618738277981,-0.90989995910741,5.5));
#5774=CARTESIAN_POINT('Ctrl Pts',(-6.52598673962405,-0.909405728816269,
5.5));
#5775=CARTESIAN_POINT('Ctrl Pts',(-6.53579951791752,-0.908787857306801,
5.5));
#5776=CARTESIAN_POINT('Ctrl Pts',(-6.54562089080335,-0.908108806180335,
5.5));
#5777=CARTESIAN_POINT('Ctrl Pts',(-6.55655640269667,-0.907352723323491,
5.5));
#5778=CARTESIAN_POINT('Ctrl Pts',(-6.56750258506421,-0.906520322983094,
5.5));
#5779=CARTESIAN_POINT('Ctrl Pts',(-6.57845671979,-0.905625382241947,5.5));
#5780=CARTESIAN_POINT('Ctrl Pts',(-6.5933526908993,-0.904408397810189,5.5));
#5781=CARTESIAN_POINT('Ctrl Pts',(-6.60826343944153,-0.903073351163924,
5.5));
#5782=CARTESIAN_POINT('Ctrl Pts',(-6.62318878173375,-0.90154297098239,5.5));
#5783=CARTESIAN_POINT('Ctrl Pts',(-6.63599159339482,-0.900230225931028,
5.5));
#5784=CARTESIAN_POINT('Ctrl Pts',(-6.64880547180481,-0.898767565189293,
5.5));
#5785=CARTESIAN_POINT('Ctrl Pts',(-6.66163040310448,-0.897118810000008,
5.5));
#5786=CARTESIAN_POINT('Ctrl Pts',(-6.67609670734302,-0.895259042206657,
5.5));
#5787=CARTESIAN_POINT('Ctrl Pts',(-6.69057705063704,-0.893163148421686,
5.5));
#5788=CARTESIAN_POINT('Ctrl Pts',(-6.70506849279842,-0.89085494495587,5.5));
#5789=CARTESIAN_POINT('Ctrl Pts',(-6.72265672627439,-0.888053483167962,
5.5));
#5790=CARTESIAN_POINT('Ctrl Pts',(-6.74026103550588,-0.884945590682582,
5.5));
#5791=CARTESIAN_POINT('Ctrl Pts',(-6.75787455904864,-0.881622390907156,
5.5));
#5792=CARTESIAN_POINT('Ctrl Pts',(-6.77385567423607,-0.87860718283292,5.5));
#5793=CARTESIAN_POINT('Ctrl Pts',(-6.78984426830812,-0.875417485865815,
5.5));
#5794=CARTESIAN_POINT('Ctrl Pts',(-6.80583752791912,-0.872073075947585,
5.5));
#5795=CARTESIAN_POINT('Ctrl Pts',(-6.83195911974499,-0.866610692862008,
5.5));
#5796=CARTESIAN_POINT('Ctrl Pts',(-6.85809341712002,-0.860728414315093,
5.5));
#5797=CARTESIAN_POINT('Ctrl Pts',(-6.88423553634685,-0.854362662545426,
5.5));
#5798=CARTESIAN_POINT('Ctrl Pts',(-6.90679215528653,-0.848870000084241,
5.5));
#5799=CARTESIAN_POINT('Ctrl Pts',(-6.92935473826661,-0.843014743794078,
5.5));
#5800=CARTESIAN_POINT('Ctrl Pts',(-6.9519177899782,-0.836823276930878,5.5));
#5801=CARTESIAN_POINT('Ctrl Pts',(-6.97665778075539,-0.83003444202278,5.5));
#5802=CARTESIAN_POINT('Ctrl Pts',(-7.0013979838527,-0.822849708117635,5.5));
#5803=CARTESIAN_POINT('Ctrl Pts',(-7.02613123265825,-0.815312752694429,
5.5));
#5804=CARTESIAN_POINT('Ctrl Pts',(-7.06501136460633,-0.803464821852641,
5.5));
#5805=CARTESIAN_POINT('Ctrl Pts',(-7.10387461708283,-0.790737768160376,
5.5));
#5806=CARTESIAN_POINT('Ctrl Pts',(-7.14270182380423,-0.777136410212752,
5.5));
#5807=CARTESIAN_POINT('Ctrl Pts',(-7.18500453998877,-0.76231756452264,5.5));
#5808=CARTESIAN_POINT('Ctrl Pts',(-7.227264165432,-0.746468134050356,5.5));
#5809=CARTESIAN_POINT('Ctrl Pts',(-7.2694546849944,-0.729668830185287,5.5));
#5810=CARTESIAN_POINT('Ctrl Pts',(-7.32578306798121,-0.707240151139896,
5.5));
#5811=CARTESIAN_POINT('Ctrl Pts',(-7.38198879095357,-0.683106336934547,
5.5));
#5812=CARTESIAN_POINT('Ctrl Pts',(-7.43801803457295,-0.657354013333021,
5.5));
#5813=CARTESIAN_POINT('Ctrl Pts',(-7.51139902838987,-0.62362642793472,5.5));
#5814=CARTESIAN_POINT('Ctrl Pts',(-7.58447702457888,-0.587137815603362,
5.5));
#5815=CARTESIAN_POINT('Ctrl Pts',(-7.65714011850498,-0.548052761345034,
5.5));
#5816=CARTESIAN_POINT('Ctrl Pts',(-7.7223679283378,-0.512967103018116,5.5));
#5817=CARTESIAN_POINT('Ctrl Pts',(-7.78726153550671,-0.475789605142434,
5.5));
#5818=CARTESIAN_POINT('Ctrl Pts',(-7.85174773062402,-0.43661553386883,5.5));
#5819=CARTESIAN_POINT('Ctrl Pts',(-7.90070828953104,-0.406872975469623,
5.5));
#5820=CARTESIAN_POINT('Ctrl Pts',(-7.94942864798111,-0.37598166533479,5.5));
#5821=CARTESIAN_POINT('Ctrl Pts',(-7.99788569360751,-0.343974058338725,
5.5));
#5822=CARTESIAN_POINT('Ctrl Pts',(-8.01325166325769,-0.333824287313307,
5.5));
#5823=CARTESIAN_POINT('Ctrl Pts',(-8.02859155299409,-0.323562016874731,
5.5));
#5824=CARTESIAN_POINT('Ctrl Pts',(-8.04390537022454,-0.313187475600057,
5.5));
#5825=CARTESIAN_POINT('',(-6.07981204195579,-0.859068586894754,5.5));
#5826=CARTESIAN_POINT('',(-3.21005310849489,-0.45357582911144,5.5));
#5827=CARTESIAN_POINT('',(-5.41274832934926,-1.31184176851737,5.5));
#5828=CARTESIAN_POINT('Origin',(-5.99586676969967,-1.4531672245517,5.5));
#5829=CARTESIAN_POINT('',(-5.34349844176693,-1.57028586739308,5.5));
#5830=CARTESIAN_POINT('Origin',(0.,0.,5.5));
#5831=CARTESIAN_POINT('',(-5.69480597201563,-2.29593080113384,5.5));
#5832=CARTESIAN_POINT('Origin',(-5.91915655254271,-1.73945365244113,5.5));
#5833=CARTESIAN_POINT('',(-6.01355090801899,-2.42443672738869,5.5));
#5834=CARTESIAN_POINT('',(-2.57808907024973,-1.03938819575934,5.5));
#5835=CARTESIAN_POINT('',(-7.12282013405255,-3.7507243750955,5.5));
#5836=CARTESIAN_POINT('Ctrl Pts',(-7.12282013405255,-3.7507243750955,5.5));
#5837=CARTESIAN_POINT('Ctrl Pts',(-7.09725454572718,-3.69803626601088,5.5));
#5838=CARTESIAN_POINT('Ctrl Pts',(-7.07089941542063,-3.64618823187882,5.5));
#5839=CARTESIAN_POINT('Ctrl Pts',(-7.04375211509558,-3.59520367026328,5.5));
#5840=CARTESIAN_POINT('Ctrl Pts',(-7.00358829479034,-3.51977315796376,5.5));
#5841=CARTESIAN_POINT('Ctrl Pts',(-6.96169713918925,-3.44624457552771,5.5));
#5842=CARTESIAN_POINT('Ctrl Pts',(-6.91810766618891,-3.37479126127171,5.5));
#5843=CARTESIAN_POINT('Ctrl Pts',(-6.87817672856219,-3.30933513991054,5.5));
#5844=CARTESIAN_POINT('Ctrl Pts',(-6.83681790637244,-3.24561971108165,5.5));
#5845=CARTESIAN_POINT('Ctrl Pts',(-6.79404535130568,-3.18379860442062,5.5));
#5846=CARTESIAN_POINT('Ctrl Pts',(-6.7576419039896,-3.13118305700141,5.5));
#5847=CARTESIAN_POINT('Ctrl Pts',(-6.72021252102558,-3.07994207560068,5.5));
#5848=CARTESIAN_POINT('Ctrl Pts',(-6.68175596304021,-3.0301958364779,5.5));
#5849=CARTESIAN_POINT('Ctrl Pts',(-6.65626771676315,-2.99722501276037,5.5));
#5850=CARTESIAN_POINT('Ctrl Pts',(-6.63033152664222,-2.96490464650609,5.5));
#5851=CARTESIAN_POINT('Ctrl Pts',(-6.6039402995192,-2.9332847969808,5.5));
#5852=CARTESIAN_POINT('Ctrl Pts',(-6.58142829389505,-2.90631271921305,5.5));
#5853=CARTESIAN_POINT('Ctrl Pts',(-6.55858160889552,-2.8798572415411,5.5));
#5854=CARTESIAN_POINT('Ctrl Pts',(-6.53539835090251,-2.8539462257898,5.5));
#5855=CARTESIAN_POINT('Ctrl Pts',(-6.51581396583616,-2.83205752877893,5.5));
#5856=CARTESIAN_POINT('Ctrl Pts',(-6.49599264460282,-2.81055115238883,5.5));
#5857=CARTESIAN_POINT('Ctrl Pts',(-6.47593630677796,-2.78943906698299,5.5));
#5858=CARTESIAN_POINT('Ctrl Pts',(-6.45835111332391,-2.77092820476466,5.5));
#5859=CARTESIAN_POINT('Ctrl Pts',(-6.44058457386833,-2.75272175000166,5.5));
#5860=CARTESIAN_POINT('Ctrl Pts',(-6.42261662672622,-2.73486952346276,5.5));
#5861=CARTESIAN_POINT('Ctrl Pts',(-6.40790647974298,-2.72025411557622,5.5));
#5862=CARTESIAN_POINT('Ctrl Pts',(-6.39305949547336,-2.70587966988003,5.5));
#5863=CARTESIAN_POINT('Ctrl Pts',(-6.37807586670929,-2.69175260489968,5.5));
#5864=CARTESIAN_POINT('Ctrl Pts',(-6.36397193501609,-2.6784549476602,5.5));
#5865=CARTESIAN_POINT('Ctrl Pts',(-6.34974871395089,-2.66537305604785,5.5));
#5866=CARTESIAN_POINT('Ctrl Pts',(-6.33542068127028,-2.65248538841897,5.5));
#5867=CARTESIAN_POINT('Ctrl Pts',(-6.32287542931763,-2.64120128256227,5.5));
#5868=CARTESIAN_POINT('Ctrl Pts',(-6.31025129957465,-2.63006325206008,5.5));
#5869=CARTESIAN_POINT('Ctrl Pts',(-6.29754354060082,-2.61908501614031,5.5));
#5870=CARTESIAN_POINT('Ctrl Pts',(-6.27969570705774,-2.60366626861008,5.5));
#5871=CARTESIAN_POINT('Ctrl Pts',(-6.26168134947727,-2.58856557267253,5.5));
#5872=CARTESIAN_POINT('Ctrl Pts',(-6.24341275692011,-2.57396574804632,5.5));
#5873=CARTESIAN_POINT('Ctrl Pts',(-6.2331534975405,-2.56576679198179,5.5));
#5874=CARTESIAN_POINT('Ctrl Pts',(-6.22281297655694,-2.55772791698964,5.5));
#5875=CARTESIAN_POINT('Ctrl Pts',(-6.21238866977199,-2.54985704308897,5.5));
#5876=CARTESIAN_POINT('Ctrl Pts',(-6.20062643046712,-2.54097596310275,5.5));
#5877=CARTESIAN_POINT('Ctrl Pts',(-6.1887570468484,-2.5323096126517,5.5));
#5878=CARTESIAN_POINT('Ctrl Pts',(-6.17681440454884,-2.52379834108492,5.5));
#5879=CARTESIAN_POINT('Ctrl Pts',(-6.166690230993,-2.51658305418596,5.5));
#5880=CARTESIAN_POINT('Ctrl Pts',(-6.15651606096214,-2.50947408804297,5.5));
#5881=CARTESIAN_POINT('Ctrl Pts',(-6.14631101309749,-2.50243948325799,5.5));
#5882=CARTESIAN_POINT('Ctrl Pts',(-6.13787429569646,-2.49662383463136,5.5));
#5883=CARTESIAN_POINT('Ctrl Pts',(-6.12941693753768,-2.4908581302339,5.5));
#5884=CARTESIAN_POINT('Ctrl Pts',(-6.12093305584052,-2.48515751359974,5.5));
#5885=CARTESIAN_POINT('Ctrl Pts',(-6.11269775223409,-2.47962392527284,5.5));
#5886=CARTESIAN_POINT('Ctrl Pts',(-6.10443779054431,-2.4741510251068,5.5));
#5887=CARTESIAN_POINT('Ctrl Pts',(-6.09612356309666,-2.46880042814038,5.5));
#5888=CARTESIAN_POINT('Ctrl Pts',(-6.08288561158096,-2.46028118282654,5.5));
#5889=CARTESIAN_POINT('Ctrl Pts',(-6.06950782627461,-2.45207673409217,5.5));
#5890=CARTESIAN_POINT('Ctrl Pts',(-6.0558013170001,-2.44457043259791,5.5));
#5891=CARTESIAN_POINT('Ctrl Pts',(-6.04755118786565,-2.44005229049408,5.5));
#5892=CARTESIAN_POINT('Ctrl Pts',(-6.03918077241675,-2.43578937201337,5.5));
#5893=CARTESIAN_POINT('Ctrl Pts',(-6.03065923548671,-2.43184383977779,5.5));
#5894=CARTESIAN_POINT('Ctrl Pts',(-6.02502335462836,-2.42923438683694,5.5));
#5895=CARTESIAN_POINT('Ctrl Pts',(-6.01932161752134,-2.42676325962806,5.5));
#5896=CARTESIAN_POINT('Ctrl Pts',(-6.013550908019,-2.42443672738869,5.5));
#5897=CARTESIAN_POINT('',(-6.8096326584525,-4.29318099512903,5.5));
#5898=CARTESIAN_POINT('Origin',(-4.86277684785819E-13,6.31088724176809E-29,
5.5));
#5899=CARTESIAN_POINT('',(-5.10639924979611,-3.99566948960108,5.5));
#5900=CARTESIAN_POINT('Ctrl Pts',(-5.10639924979611,-3.99566948960108,5.5));
#5901=CARTESIAN_POINT('Ctrl Pts',(-5.11346623615599,-4.0011992847464,5.5));
#5902=CARTESIAN_POINT('Ctrl Pts',(-5.12072320415444,-4.00645257826327,5.5));
#5903=CARTESIAN_POINT('Ctrl Pts',(-5.12815407095166,-4.01145359625705,5.5));
#5904=CARTESIAN_POINT('Ctrl Pts',(-5.13738038883796,-4.01766296361955,5.5));
#5905=CARTESIAN_POINT('Ctrl Pts',(-5.14687415368438,-4.02348441623218,5.5));
#5906=CARTESIAN_POINT('Ctrl Pts',(-5.1565595489138,-4.02903186162086,5.5));
#5907=CARTESIAN_POINT('Ctrl Pts',(-5.16693603069319,-4.03497513648308,5.5));
#5908=CARTESIAN_POINT('Ctrl Pts',(-5.17752897695739,-4.04060921810759,5.5));
#5909=CARTESIAN_POINT('Ctrl Pts',(-5.18823382975443,-4.04609017087995,5.5));
#5910=CARTESIAN_POINT('Ctrl Pts',(-5.19696743686778,-4.05056183331457,5.5));
#5911=CARTESIAN_POINT('Ctrl Pts',(-5.20577448790629,-4.05493313003778,5.5));
#5912=CARTESIAN_POINT('Ctrl Pts',(-5.2146195718886,-4.05925574095466,5.5));
#5913=CARTESIAN_POINT('Ctrl Pts',(-5.22446804441991,-4.06406870993987,5.5));
#5914=CARTESIAN_POINT('Ctrl Pts',(-5.23436391659475,-4.06882092128268,5.5));
#5915=CARTESIAN_POINT('Ctrl Pts',(-5.24429794591422,-4.0735229472288,5.5));
#5916=CARTESIAN_POINT('Ctrl Pts',(-5.25780672752572,-4.07991699334998,5.5));
#5917=CARTESIAN_POINT('Ctrl Pts',(-5.27138733787681,-4.08621618331061,5.5));
#5918=CARTESIAN_POINT('Ctrl Pts',(-5.28507825355378,-4.09235350634246,5.5));
#5919=CARTESIAN_POINT('Ctrl Pts',(-5.29682218621726,-4.09761804160955,5.5));
#5920=CARTESIAN_POINT('Ctrl Pts',(-5.30865066081163,-4.10275827945481,5.5));
#5921=CARTESIAN_POINT('Ctrl Pts',(-5.32058175471302,-4.10774288122585,5.5));
#5922=CARTESIAN_POINT('Ctrl Pts',(-5.3340398255785,-4.11336542719065,5.5));
#5923=CARTESIAN_POINT('Ctrl Pts',(-5.34762811761847,-4.11879050157597,5.5));
#5924=CARTESIAN_POINT('Ctrl Pts',(-5.36133217639994,-4.1240372598179,5.5));
#5925=CARTESIAN_POINT('Ctrl Pts',(-5.37796476429219,-4.13040523947999,5.5));
#5926=CARTESIAN_POINT('Ctrl Pts',(-5.39476448954586,-4.13651588025132,5.5));
#5927=CARTESIAN_POINT('Ctrl Pts',(-5.4116798482722,-4.14244466659548,5.5));
#5928=CARTESIAN_POINT('Ctrl Pts',(-5.42702750403938,-4.14782397739813,5.5));
#5929=CARTESIAN_POINT('Ctrl Pts',(-5.44246888115705,-4.15305591582924,5.5));
#5930=CARTESIAN_POINT('Ctrl Pts',(-5.45799165522549,-4.15815620168392,5.5));
#5931=CARTESIAN_POINT('Ctrl Pts',(-5.48334480887689,-4.16648643507968,5.5));
#5932=CARTESIAN_POINT('Ctrl Pts',(-5.50891891358731,-4.17445938111356,5.5));
#5933=CARTESIAN_POINT('Ctrl Pts',(-5.53474152883145,-4.18201753798039,5.5));
#5934=CARTESIAN_POINT('Ctrl Pts',(-5.55702246505605,-4.18853906221538,5.5));
#5935=CARTESIAN_POINT('Ctrl Pts',(-5.57948986320511,-4.19474955300428,5.5));
#5936=CARTESIAN_POINT('Ctrl Pts',(-5.60212577257363,-4.20066911126244,5.5));
#5937=CARTESIAN_POINT('Ctrl Pts',(-5.62694565055157,-4.20715980316523,5.5));
#5938=CARTESIAN_POINT('Ctrl Pts',(-5.65196366190305,-4.21330774263864,5.5));
#5939=CARTESIAN_POINT('Ctrl Pts',(-5.67715176142055,-4.21914717218322,5.5));
#5940=CARTESIAN_POINT('Ctrl Pts',(-5.71674690882465,-4.2283266290697,5.5));
#5941=CARTESIAN_POINT('Ctrl Pts',(-5.75676699960308,-4.2367363034983,5.5));
#5942=CARTESIAN_POINT('Ctrl Pts',(-5.79719302596988,-4.24437078535302,5.5));
#5943=CARTESIAN_POINT('Ctrl Pts',(-5.84123767564939,-4.25268864661708,5.5));
#5944=CARTESIAN_POINT('Ctrl Pts',(-5.88576030004269,-4.26009244990962,5.5));
#5945=CARTESIAN_POINT('Ctrl Pts',(-5.93069801368349,-4.26663908577439,5.5));
#5946=CARTESIAN_POINT('Ctrl Pts',(-5.99069416393305,-4.27537947145826,5.5));
#5947=CARTESIAN_POINT('Ctrl Pts',(-6.05143665507674,-4.28258183676396,5.5));
#5948=CARTESIAN_POINT('Ctrl Pts',(-6.11283556531782,-4.28829429213461,5.5));
#5949=CARTESIAN_POINT('Ctrl Pts',(-6.19324916288358,-4.29577584328077,5.5));
#5950=CARTESIAN_POINT('Ctrl Pts',(-6.27478087027439,-4.30071477614449,5.5));
#5951=CARTESIAN_POINT('Ctrl Pts',(-6.35725148273012,-4.30319767320476,5.5));
#5952=CARTESIAN_POINT('Ctrl Pts',(-6.43128325217165,-4.30542650669149,5.5));
#5953=CARTESIAN_POINT('Ctrl Pts',(-6.50607151338885,-4.30567665266043,5.5));
#5954=CARTESIAN_POINT('Ctrl Pts',(-6.58150523211714,-4.30399400932431,5.5));
#5955=CARTESIAN_POINT('Ctrl Pts',(-6.63877759937943,-4.30271647762175,5.5));
#5956=CARTESIAN_POINT('Ctrl Pts',(-6.69641632281506,-4.30032399749474,5.5));
#5957=CARTESIAN_POINT('Ctrl Pts',(-6.75438515908983,-4.29683311950584,5.5));
#5958=CARTESIAN_POINT('Ctrl Pts',(-6.77276736433097,-4.29572614479688,5.5));
#5959=CARTESIAN_POINT('Ctrl Pts',(-6.79118323340959,-4.29450870278547,5.5));
#5960=CARTESIAN_POINT('Ctrl Pts',(-6.8096326584525,-4.29318099512904,5.5));
#5961=CARTESIAN_POINT('',(-4.83573738512088,-3.78388124082195,5.5));
#5962=CARTESIAN_POINT('',(-2.55319962489806,-1.99783474480054,5.5));
#5963=CARTESIAN_POINT('',(-4.03165667324956,-3.84246246195618,5.5));
#5964=CARTESIAN_POINT('Origin',(-4.465989327991,-4.25641311725853,5.5));
#5965=CARTESIAN_POINT('',(-3.84246246195618,-4.03165667324955,5.5));
#5966=CARTESIAN_POINT('Origin',(0.,0.,5.5));
#5967=CARTESIAN_POINT('',(-3.78388124082196,-4.83573738512088,5.5));
#5968=CARTESIAN_POINT('Origin',(-4.25641311725854,-4.46598932799099,5.5));
#5969=CARTESIAN_POINT('',(-3.99566948960108,-5.10639924979611,5.5));
#5970=CARTESIAN_POINT('',(-1.7129965301756,-2.18918111704613,5.5));
#5971=CARTESIAN_POINT('',(-4.29318099512904,-6.80963265845249,5.5));
#5972=CARTESIAN_POINT('Ctrl Pts',(-4.29318099512904,-6.80963265845249,5.5));
#5973=CARTESIAN_POINT('Ctrl Pts',(-4.29738460072195,-6.75122062330247,5.5));
#5974=CARTESIAN_POINT('Ctrl Pts',(-4.30048440542392,-6.69314134341235,5.5));
#5975=CARTESIAN_POINT('Ctrl Pts',(-4.30246643450585,-6.63541376764829,5.5));
#5976=CARTESIAN_POINT('Ctrl Pts',(-4.30539880195763,-6.55000711757188,5.5));
#5977=CARTESIAN_POINT('Ctrl Pts',(-4.30588428822757,-6.46538391942658,5.5));
#5978=CARTESIAN_POINT('Ctrl Pts',(-4.30386135439288,-6.38170879754657,5.5));
#5979=CARTESIAN_POINT('Ctrl Pts',(-4.30200820869086,-6.30505666497631,5.5));
#5980=CARTESIAN_POINT('Ctrl Pts',(-4.2980481324269,-6.22919807407425,5.5));
#5981=CARTESIAN_POINT('Ctrl Pts',(-4.29191656650322,-6.15427314784963,5.5));
#5982=CARTESIAN_POINT('Ctrl Pts',(-4.28669803005354,-6.09050502346524,5.5));
#5983=CARTESIAN_POINT('Ctrl Pts',(-4.27990372425968,-6.02741434034847,5.5));
#5984=CARTESIAN_POINT('Ctrl Pts',(-4.27147248766294,-5.9651045545064,5.5));
#5985=CARTESIAN_POINT('Ctrl Pts',(-4.26588443074533,-5.92380686041201,5.5));
#5986=CARTESIAN_POINT('Ctrl Pts',(-4.25958321434675,-5.88284850708344,5.5));
#5987=CARTESIAN_POINT('Ctrl Pts',(-4.25253766597908,-5.84226930053747,5.5));
#5988=CARTESIAN_POINT('Ctrl Pts',(-4.24652773609653,-5.80765479314864,5.5));
#5989=CARTESIAN_POINT('Ctrl Pts',(-4.23996966532374,-5.77332033487927,5.5));
#5990=CARTESIAN_POINT('Ctrl Pts',(-4.23284788282684,-5.73928910796851,5.5));
#5991=CARTESIAN_POINT('Ctrl Pts',(-4.22683165634729,-5.71054074777057,5.5));
#5992=CARTESIAN_POINT('Ctrl Pts',(-4.22041907681774,-5.68200501885909,5.5));
#5993=CARTESIAN_POINT('Ctrl Pts',(-4.21360582145753,-5.65369324766068,5.5));
#5994=CARTESIAN_POINT('Ctrl Pts',(-4.20763202830633,-5.62886977401381,5.5));
#5995=CARTESIAN_POINT('Ctrl Pts',(-4.20134898118342,-5.60421925195551,5.5));
#5996=CARTESIAN_POINT('Ctrl Pts',(-4.19471439577559,-5.57977479669465,5.5));
#5997=CARTESIAN_POINT('Ctrl Pts',(-4.18928273873719,-5.55976240868454,5.5));
#5998=CARTESIAN_POINT('Ctrl Pts',(-4.18361209603738,-5.53989028140948,5.5));
#5999=CARTESIAN_POINT('Ctrl Pts',(-4.17769942537612,-5.52016406987154,5.5));
#6000=CARTESIAN_POINT('Ctrl Pts',(-4.17213389085645,-5.50159599504608,5.5));
#6001=CARTESIAN_POINT('Ctrl Pts',(-4.16635716589671,-5.48315513404896,5.5));
#6002=CARTESIAN_POINT('Ctrl Pts',(-4.1603925594237,-5.46483007014782,5.5));
#6003=CARTESIAN_POINT('Ctrl Pts',(-4.15517010546361,-5.44878512183942,5.5));
#6004=CARTESIAN_POINT('Ctrl Pts',(-4.14980630365604,-5.43282723960375,5.5));
#6005=CARTESIAN_POINT('Ctrl Pts',(-4.14429017951879,-5.41696592892044,5.5));
#6006=CARTESIAN_POINT('Ctrl Pts',(-4.13654287603826,-5.39468898510901,5.5));
#6007=CARTESIAN_POINT('Ctrl Pts',(-4.12849233271505,-5.37260422003764,5.5));
#6008=CARTESIAN_POINT('Ctrl Pts',(-4.11997117978851,-5.35082610475711,5.5));
#6009=CARTESIAN_POINT('Ctrl Pts',(-4.11518587857407,-5.33859597083056,5.5));
#6010=CARTESIAN_POINT('Ctrl Pts',(-4.11025016221006,-5.32646384037737,5.5));
#6011=CARTESIAN_POINT('Ctrl Pts',(-4.10515788466781,-5.31443531023658,5.5));
#6012=CARTESIAN_POINT('Ctrl Pts',(-4.09941202661773,-5.30086294970304,5.5));
#6013=CARTESIAN_POINT('Ctrl Pts',(-4.09346601410237,-5.28742297824498,5.5));
#6014=CARTESIAN_POINT('Ctrl Pts',(-4.0873790182662,-5.2740806796999,5.5));
#6015=CARTESIAN_POINT('Ctrl Pts',(-4.0822188702235,-5.26276997117051,5.5));
#6016=CARTESIAN_POINT('Ctrl Pts',(-4.07696226358531,-5.25152634087926,5.5));
#6017=CARTESIAN_POINT('Ctrl Pts',(-4.07164173527961,-5.24033167049623,5.5));
#6018=CARTESIAN_POINT('Ctrl Pts',(-4.06724314799878,-5.23107681234482,5.5));
#6019=CARTESIAN_POINT('Ctrl Pts',(-4.06280171318281,-5.22185488678578,5.5));
#6020=CARTESIAN_POINT('Ctrl Pts',(-4.05830476442714,-5.21267606711403,5.5));
#6021=CARTESIAN_POINT('Ctrl Pts',(-4.05393957646029,-5.20376618724704,5.5));
#6022=CARTESIAN_POINT('Ctrl Pts',(-4.04952268988646,-5.19489653582736,5.5));
#6023=CARTESIAN_POINT('Ctrl Pts',(-4.04499765618802,-5.18610566920654,5.5));
#6024=CARTESIAN_POINT('Ctrl Pts',(-4.03779287653721,-5.17210881058323,5.5));
#6025=CARTESIAN_POINT('Ctrl Pts',(-4.03030959898167,-5.15831465689943,5.5));
#6026=CARTESIAN_POINT('Ctrl Pts',(-4.02219256449867,-5.14496075447719,5.5));
#6027=CARTESIAN_POINT('Ctrl Pts',(-4.01730681413589,-5.13692286407021,5.5));
#6028=CARTESIAN_POINT('Ctrl Pts',(-4.01218928095753,-5.12904586064727,5.5));
#6029=CARTESIAN_POINT('Ctrl Pts',(-4.00678217961492,-5.12136816103482,5.5));
#6030=CARTESIAN_POINT('Ctrl Pts',(-4.00320609008773,-5.11629036806641,5.5));
#6031=CARTESIAN_POINT('Ctrl Pts',(-3.99950380451011,-5.11129944057162,5.5));
#6032=CARTESIAN_POINT('Ctrl Pts',(-3.99566948960108,-5.10639924979611,5.5));
#6033=CARTESIAN_POINT('',(-3.75072437509551,-7.12282013405254,5.5));
#6034=CARTESIAN_POINT('Origin',(-4.86277684785819E-13,6.31088724176809E-29,
5.5));
#6035=CARTESIAN_POINT('',(-2.4244367273887,-6.01355090801899,5.5));
#6036=CARTESIAN_POINT('Ctrl Pts',(-2.4244367273887,-6.01355090801899,5.5));
#6037=CARTESIAN_POINT('Ctrl Pts',(-2.4277920195316,-6.02187334427178,5.5));
#6038=CARTESIAN_POINT('Ctrl Pts',(-2.43145009141393,-6.03005131390947,5.5));
#6039=CARTESIAN_POINT('Ctrl Pts',(-2.43538490183518,-6.0380977559348,5.5));
#6040=CARTESIAN_POINT('Ctrl Pts',(-2.44027044382652,-6.04808838475476,5.5));
#6041=CARTESIAN_POINT('Ctrl Pts',(-2.44558155905438,-6.0578767930269,5.5));
#6042=CARTESIAN_POINT('Ctrl Pts',(-2.45119563467401,-6.06752371927378,5.5));
#6043=CARTESIAN_POINT('Ctrl Pts',(-2.45721029406594,-6.07785898717634,5.5));
#6044=CARTESIAN_POINT('Ctrl Pts',(-2.46356701381966,-6.08803471812275,5.5));
#6045=CARTESIAN_POINT('Ctrl Pts',(-2.47009721189976,-6.09813378885955,5.5));
#6046=CARTESIAN_POINT('Ctrl Pts',(-2.47542490630929,-6.10637316568181,5.5));
#6047=CARTESIAN_POINT('Ctrl Pts',(-2.48086638787948,-6.11456234521091,5.5));
#6048=CARTESIAN_POINT('Ctrl Pts',(-2.48636514984835,-6.12272837806681,5.5));
#6049=CARTESIAN_POINT('Ctrl Pts',(-2.49248769275644,-6.13182076774146,5.5));
#6050=CARTESIAN_POINT('Ctrl Pts',(-2.49868166378116,-6.14088423957608,5.5));
#6051=CARTESIAN_POINT('Ctrl Pts',(-2.50493377256081,-6.14992332815459,5.5));
#6052=CARTESIAN_POINT('Ctrl Pts',(-2.51343569754955,-6.16221512533367,5.5));
#6053=CARTESIAN_POINT('Ctrl Pts',(-2.52204725613174,-6.17446068903781,5.5));
#6054=CARTESIAN_POINT('Ctrl Pts',(-2.53083527539269,-6.18662122453254,5.5));
#6055=CARTESIAN_POINT('Ctrl Pts',(-2.53837355178635,-6.19705241214514,5.5));
#6056=CARTESIAN_POINT('Ctrl Pts',(-2.54604719235075,-6.20741822599826,5.5));
#6057=CARTESIAN_POINT('Ctrl Pts',(-2.55388752187907,-6.21770056471086,5.5));
#6058=CARTESIAN_POINT('Ctrl Pts',(-2.56273128015228,-6.22929886778332,5.5));
#6059=CARTESIAN_POINT('Ctrl Pts',(-2.57178654906044,-6.24079126603865,5.5));
#6060=CARTESIAN_POINT('Ctrl Pts',(-2.58103123297935,-6.25218712135466,5.5));
#6061=CARTESIAN_POINT('Ctrl Pts',(-2.59225148679226,-6.26601824745721,5.5));
#6062=CARTESIAN_POINT('Ctrl Pts',(-2.60374515525138,-6.27971008022372,5.5));
#6063=CARTESIAN_POINT('Ctrl Pts',(-2.61542989244892,-6.29330223917287,5.5));
#6064=CARTESIAN_POINT('Ctrl Pts',(-2.62603169683124,-6.30563468686735,5.5));
#6065=CARTESIAN_POINT('Ctrl Pts',(-2.63678835246974,-6.31788636701948,5.5));
#6066=CARTESIAN_POINT('Ctrl Pts',(-2.64768132622365,-6.33006473117132,5.5));
#6067=CARTESIAN_POINT('Ctrl Pts',(-2.66547268465396,-6.34995550173729,5.5));
#6068=CARTESIAN_POINT('Ctrl Pts',(-2.6836340359953,-6.36964732790094,5.5));
#6069=CARTESIAN_POINT('Ctrl Pts',(-2.70221799835549,-6.38910419137558,5.5));
#6070=CARTESIAN_POINT('Ctrl Pts',(-2.71825309303834,-6.40589246515703,5.5));
#6071=CARTESIAN_POINT('Ctrl Pts',(-2.73460518520803,-6.42250460703476,5.5));
#6072=CARTESIAN_POINT('Ctrl Pts',(-2.75124867864033,-6.43894904955961,5.5));
#6073=CARTESIAN_POINT('Ctrl Pts',(-2.76949797752247,-6.45698009260999,5.5));
#6074=CARTESIAN_POINT('Ctrl Pts',(-2.78809024115357,-6.4748133700364,5.5));
#6075=CARTESIAN_POINT('Ctrl Pts',(-2.80698406042126,-6.49246451411043,5.5));
#6076=CARTESIAN_POINT('Ctrl Pts',(-2.83668473549869,-6.52021173067155,5.5));
#6077=CARTESIAN_POINT('Ctrl Pts',(-2.86713831356254,-6.54750476775584,5.5));
#6078=CARTESIAN_POINT('Ctrl Pts',(-2.89833103844526,-6.57432943617246,5.5));
#6079=CARTESIAN_POINT('Ctrl Pts',(-2.93231589334173,-6.60355524017682,5.5));
#6080=CARTESIAN_POINT('Ctrl Pts',(-2.96717171546875,-6.63222843411404,5.5));
#6081=CARTESIAN_POINT('Ctrl Pts',(-3.00281559914308,-6.66036684390708,5.5));
#6082=CARTESIAN_POINT('Ctrl Pts',(-3.05040359644705,-6.69793431499423,5.5));
#6083=CARTESIAN_POINT('Ctrl Pts',(-3.09940695410835,-6.73454299181346,5.5));
#6084=CARTESIAN_POINT('Ctrl Pts',(-3.14972374234579,-6.77018957833227,5.5));
#6085=CARTESIAN_POINT('Ctrl Pts',(-3.21562318501228,-6.81687559043358,5.5));
#6086=CARTESIAN_POINT('Ctrl Pts',(-3.28376224832933,-6.86191868542545,5.5));
#6087=CARTESIAN_POINT('Ctrl Pts',(-3.35394244518308,-6.9053042435542,5.5));
#6088=CARTESIAN_POINT('Ctrl Pts',(-3.41694142153856,-6.94425035475446,5.5));
#6089=CARTESIAN_POINT('Ctrl Pts',(-3.48158488275318,-6.98186111818247,5.5));
#6090=CARTESIAN_POINT('Ctrl Pts',(-3.54775372122622,-7.0181207657241,5.5));
#6091=CARTESIAN_POINT('Ctrl Pts',(-3.59799181162358,-7.04565057421115,5.5));
#6092=CARTESIAN_POINT('Ctrl Pts',(-3.64910464997117,-7.072397987139,5.5));
#6093=CARTESIAN_POINT('Ctrl Pts',(-3.70105257334027,-7.0983592160481,5.5));
#6094=CARTESIAN_POINT('Ctrl Pts',(-3.71752551794668,-7.10659165072495,5.5));
#6095=CARTESIAN_POINT('Ctrl Pts',(-3.73408284994831,-7.11474524982513,5.5));
#6096=CARTESIAN_POINT('Ctrl Pts',(-3.75072437509551,-7.12282013405255,5.5));
#6097=CARTESIAN_POINT('',(-2.29593080113384,-5.69480597201563,5.5));
#6098=CARTESIAN_POINT('',(-1.21221836369435,-3.0067754540095,5.5));
#6099=CARTESIAN_POINT('',(-1.57028586739308,-5.34349844176693,5.5));
#6100=CARTESIAN_POINT('Origin',(-1.73945365244113,-5.9191565525427,5.5));
#6101=CARTESIAN_POINT('',(-1.31184176851737,-5.41274832934926,5.5));
#6102=CARTESIAN_POINT('Origin',(0.,0.,5.5));
#6103=CARTESIAN_POINT('',(-0.859068586894756,-6.07981204195579,5.5));
#6104=CARTESIAN_POINT('Origin',(-1.45316722455171,-5.99586676969967,5.5));
#6105=CARTESIAN_POINT('',(-0.907151658222882,-6.42010621698977,5.5));
#6106=CARTESIAN_POINT('',(-0.388907953203603,-2.75238472593495,5.5));
#6107=CARTESIAN_POINT('',(-0.313187475600061,-8.04390537022454,5.5));
#6108=CARTESIAN_POINT('Ctrl Pts',(-0.31318747560006,-8.04390537022454,5.5));
#6109=CARTESIAN_POINT('Ctrl Pts',(-0.346033922375702,-7.99542086673907,
5.5));
#6110=CARTESIAN_POINT('Ctrl Pts',(-0.377758071911205,-7.94667263731693,
5.5));
#6111=CARTESIAN_POINT('Ctrl Pts',(-0.408338347303115,-7.89767010479301,
5.5));
#6112=CARTESIAN_POINT('Ctrl Pts',(-0.453581176965171,-7.82517196003871,
5.5));
#6113=CARTESIAN_POINT('Ctrl Pts',(-0.496313219407754,-7.75212886397045,
5.5));
#6114=CARTESIAN_POINT('Ctrl Pts',(-0.536398868194091,-7.67865261598172,
5.5));
#6115=CARTESIAN_POINT('Ctrl Pts',(-0.573120063342719,-7.61134334887806,
5.5));
#6116=CARTESIAN_POINT('Ctrl Pts',(-0.607619832254107,-7.5436678437347,5.5));
#6117=CARTESIAN_POINT('Ctrl Pts',(-0.639772203603804,-7.47571517108917,
5.5));
#6118=CARTESIAN_POINT('Ctrl Pts',(-0.667136880659969,-7.41788108719459,
5.5));
#6119=CARTESIAN_POINT('Ctrl Pts',(-0.692798180799669,-7.35984579997525,
5.5));
#6120=CARTESIAN_POINT('Ctrl Pts',(-0.716651408642407,-7.30166832423211,
5.5));
#6121=CARTESIAN_POINT('Ctrl Pts',(-0.732460856436737,-7.26310944357952,
5.5));
#6122=CARTESIAN_POINT('Ctrl Pts',(-0.747483019621075,-7.22448786091021,
5.5));
#6123=CARTESIAN_POINT('Ctrl Pts',(-0.76167099902045,-7.18582246300188,5.5));
#6124=CARTESIAN_POINT('Ctrl Pts',(-0.773773500760475,-7.15284045532538,
5.5));
#6125=CARTESIAN_POINT('Ctrl Pts',(-0.785261274005088,-7.11982690685551,
5.5));
#6126=CARTESIAN_POINT('Ctrl Pts',(-0.796109242897029,-7.08679410858337,
5.5));
#6127=CARTESIAN_POINT('Ctrl Pts',(-0.805273218029932,-7.05888918509479,
5.5));
#6128=CARTESIAN_POINT('Ctrl Pts',(-0.813987625709424,-7.03097022917693,
5.5));
#6129=CARTESIAN_POINT('Ctrl Pts',(-0.822243059084351,-7.00304488841262,
5.5));
#6130=CARTESIAN_POINT('Ctrl Pts',(-0.82948133928249,-6.97856023304679,5.5));
#6131=CARTESIAN_POINT('Ctrl Pts',(-0.836365321890577,-6.95407073116445,
5.5));
#6132=CARTESIAN_POINT('Ctrl Pts',(-0.842841830014741,-6.9295839192211,5.5));
#6133=CARTESIAN_POINT('Ctrl Pts',(-0.848144071039666,-6.90953685429559,
5.5));
#6134=CARTESIAN_POINT('Ctrl Pts',(-0.853169214043176,-6.88949176589908,
5.5));
#6135=CARTESIAN_POINT('Ctrl Pts',(-0.857911796815098,-6.86945203025702,
5.5));
#6136=CARTESIAN_POINT('Ctrl Pts',(-0.862375939948196,-6.85058883849887,
5.5));
#6137=CARTESIAN_POINT('Ctrl Pts',(-0.86659357988098,-6.83173022192775,5.5));
#6138=CARTESIAN_POINT('Ctrl Pts',(-0.87059061110238,-6.81287794782679,5.5));
#6139=CARTESIAN_POINT('Ctrl Pts',(-0.874090307456964,-6.79637138800972,
5.5));
#6140=CARTESIAN_POINT('Ctrl Pts',(-0.877424059948506,-6.7798695556997,5.5));
#6141=CARTESIAN_POINT('Ctrl Pts',(-0.880577611656806,-6.76337519564247,
5.5));
#6142=CARTESIAN_POINT('Ctrl Pts',(-0.885006721937294,-6.7402091446444,5.5));
#6143=CARTESIAN_POINT('Ctrl Pts',(-0.889077129440599,-6.71705790539594,
5.5));
#6144=CARTESIAN_POINT('Ctrl Pts',(-0.892586652176837,-6.69393692785474,
5.5));
#6145=CARTESIAN_POINT('Ctrl Pts',(-0.894557526723659,-6.6809526705758,5.5));
#6146=CARTESIAN_POINT('Ctrl Pts',(-0.896349136193183,-6.66797807921966,
5.5));
#6147=CARTESIAN_POINT('Ctrl Pts',(-0.897953359548914,-6.65501492777678,
5.5));
#6148=CARTESIAN_POINT('Ctrl Pts',(-0.89976348077715,-6.64038798974614,5.5));
#6149=CARTESIAN_POINT('Ctrl Pts',(-0.901334068616229,-6.62577562678539,
5.5));
#6150=CARTESIAN_POINT('Ctrl Pts',(-0.902733724861566,-6.61117735938812,
5.5));
#6151=CARTESIAN_POINT('Ctrl Pts',(-0.903920259834433,-6.5988019244427,5.5));
#6152=CARTESIAN_POINT('Ctrl Pts',(-0.90498972009403,-6.58643635165782,5.5));
#6153=CARTESIAN_POINT('Ctrl Pts',(-0.905979342611555,-6.57408121856347,
5.5));
#6154=CARTESIAN_POINT('Ctrl Pts',(-0.906797483361398,-6.56386698265512,
5.5));
#6155=CARTESIAN_POINT('Ctrl Pts',(-0.907562050761119,-6.55365984344079,
5.5));
#6156=CARTESIAN_POINT('Ctrl Pts',(-0.908256988735177,-6.54346227805008,
5.5));
#6157=CARTESIAN_POINT('Ctrl Pts',(-0.908931564997147,-6.53356350175742,
5.5));
#6158=CARTESIAN_POINT('Ctrl Pts',(-0.909541254728497,-6.52367371501859,
5.5));
#6159=CARTESIAN_POINT('Ctrl Pts',(-0.91001789390323,-6.51379808435469,5.5));
#6160=CARTESIAN_POINT('Ctrl Pts',(-0.910776801009004,-6.49807405938541,
5.5));
#6161=CARTESIAN_POINT('Ctrl Pts',(-0.911193169384659,-6.48238633309086,
5.5));
#6162=CARTESIAN_POINT('Ctrl Pts',(-0.910840562530325,-6.46676299710914,
5.5));
#6163=CARTESIAN_POINT('Ctrl Pts',(-0.910628323803259,-6.45735910464216,
5.5));
#6164=CARTESIAN_POINT('Ctrl Pts',(-0.910134911777733,-6.4479786529827,5.5));
#6165=CARTESIAN_POINT('Ctrl Pts',(-0.909291074460582,-6.43862601940408,
5.5));
#6166=CARTESIAN_POINT('Ctrl Pts',(-0.908732986567928,-6.43244047693212,
5.5));
#6167=CARTESIAN_POINT('Ctrl Pts',(-0.908022176952812,-6.42626706414181,
5.5));
#6168=CARTESIAN_POINT('Ctrl Pts',(-0.907151658222883,-6.42010621698977,
5.5));
#6169=CARTESIAN_POINT('',(0.313187475600045,-8.04390537022454,5.5));
#6170=CARTESIAN_POINT('Origin',(-4.86277684785819E-13,6.31088724176809E-29,
5.5));
#6171=CARTESIAN_POINT('',(0.907151658222879,-6.42010621698978,5.5));
#6172=CARTESIAN_POINT('Ctrl Pts',(0.907151658222879,-6.42010621698978,5.5));
#6173=CARTESIAN_POINT('Ctrl Pts',(0.908407108116446,-6.42899130427781,5.5));
#6174=CARTESIAN_POINT('Ctrl Pts',(0.909328109756334,-6.43790266967688,5.5));
#6175=CARTESIAN_POINT('Ctrl Pts',(0.909943684985123,-6.44683849809183,5.5));
#6176=CARTESIAN_POINT('Ctrl Pts',(0.910707995919334,-6.45793340744549,5.5));
#6177=CARTESIAN_POINT('Ctrl Pts',(0.91100263934563,-6.46906597528585,5.5));
#6178=CARTESIAN_POINT('Ctrl Pts',(0.910964170363679,-6.48022749629404,5.5));
#6179=CARTESIAN_POINT('Ctrl Pts',(0.910922956486408,-6.49218543054831,5.5));
#6180=CARTESIAN_POINT('Ctrl Pts',(0.910505741168151,-6.50417623192661,5.5));
#6181=CARTESIAN_POINT('Ctrl Pts',(0.909899959107444,-6.51618738277911,5.5));
#6182=CARTESIAN_POINT('Ctrl Pts',(0.90940572881631,-6.52598673962335,5.5));
#6183=CARTESIAN_POINT('Ctrl Pts',(0.908787857306845,-6.53579951791682,5.5));
#6184=CARTESIAN_POINT('Ctrl Pts',(0.908108806180383,-6.54562089080264,5.5));
#6185=CARTESIAN_POINT('Ctrl Pts',(0.907352723323544,-6.55655640269596,5.5));
#6186=CARTESIAN_POINT('Ctrl Pts',(0.90652032298315,-6.56750258506349,5.5));
#6187=CARTESIAN_POINT('Ctrl Pts',(0.905625382242006,-6.57845671978927,5.5));
#6188=CARTESIAN_POINT('Ctrl Pts',(0.904408397810241,-6.59335269089871,5.5));
#6189=CARTESIAN_POINT('Ctrl Pts',(0.903073351163967,-6.60826343944108,5.5));
#6190=CARTESIAN_POINT('Ctrl Pts',(0.901542970982422,-6.62318878173344,5.5));
#6191=CARTESIAN_POINT('Ctrl Pts',(0.90023022593106,-6.63599159339452,5.5));
#6192=CARTESIAN_POINT('Ctrl Pts',(0.898767565189327,-6.64880547180452,5.5));
#6193=CARTESIAN_POINT('Ctrl Pts',(0.897118810000043,-6.66163040310421,5.5));
#6194=CARTESIAN_POINT('Ctrl Pts',(0.89525904220674,-6.6760967073424,5.5));
#6195=CARTESIAN_POINT('Ctrl Pts',(0.893163148421829,-6.69057705063606,5.5));
#6196=CARTESIAN_POINT('Ctrl Pts',(0.890854944956082,-6.70506849279709,5.5));
#6197=CARTESIAN_POINT('Ctrl Pts',(0.888053483168119,-6.72265672627349,5.5));
#6198=CARTESIAN_POINT('Ctrl Pts',(0.884945590682668,-6.74026103550541,5.5));
#6199=CARTESIAN_POINT('Ctrl Pts',(0.88162239090716,-6.75787455904862,5.5));
#6200=CARTESIAN_POINT('Ctrl Pts',(0.878607182833084,-6.7738556742352,5.5));
#6201=CARTESIAN_POINT('Ctrl Pts',(0.875417485866157,-6.7898442683064,5.5));
#6202=CARTESIAN_POINT('Ctrl Pts',(0.872073075948123,-6.80583752791655,5.5));
#6203=CARTESIAN_POINT('Ctrl Pts',(0.866610692862563,-6.83195911974247,5.5));
#6204=CARTESIAN_POINT('Ctrl Pts',(0.860728414315664,-6.85809341711755,5.5));
#6205=CARTESIAN_POINT('Ctrl Pts',(0.854362662546014,-6.88423553634443,5.5));
#6206=CARTESIAN_POINT('Ctrl Pts',(0.848870000085792,-6.90679215528027,5.5));
#6207=CARTESIAN_POINT('Ctrl Pts',(0.843014743796715,-6.9293547382565,5.5));
#6208=CARTESIAN_POINT('Ctrl Pts',(0.836823276934709,-6.95191778996423,5.5));
#6209=CARTESIAN_POINT('Ctrl Pts',(0.83003444202606,-6.97665778074398,5.5));
#6210=CARTESIAN_POINT('Ctrl Pts',(0.822849708120268,-7.00139798384385,5.5));
#6211=CARTESIAN_POINT('Ctrl Pts',(0.815312752696344,-7.02613123265197,5.5));
#6212=CARTESIAN_POINT('Ctrl Pts',(0.803464821856778,-7.06501136459308,5.5));
#6213=CARTESIAN_POINT('Ctrl Pts',(0.790737768167054,-7.10387461706259,5.5));
#6214=CARTESIAN_POINT('Ctrl Pts',(0.777136410222279,-7.14270182377704,5.5));
#6215=CARTESIAN_POINT('Ctrl Pts',(0.762317564528514,-7.18500453997328,5.5));
#6216=CARTESIAN_POINT('Ctrl Pts',(0.74646813405199,-7.2272641654282,5.5));
#6217=CARTESIAN_POINT('Ctrl Pts',(0.729668830182162,-7.26945468500225,5.5));
#6218=CARTESIAN_POINT('Ctrl Pts',(0.707240151132906,-7.32578306799835,5.5));
#6219=CARTESIAN_POINT('Ctrl Pts',(0.683106336923132,-7.38198879097997,5.5));
#6220=CARTESIAN_POINT('Ctrl Pts',(0.657354013316666,-7.43801803460853,5.5));
#6221=CARTESIAN_POINT('Ctrl Pts',(0.623626427929674,-7.5113990283988,5.5));
#6222=CARTESIAN_POINT('Ctrl Pts',(0.587137815611655,-7.58447702456136,5.5));
#6223=CARTESIAN_POINT('Ctrl Pts',(0.54805276136851,-7.65714011846134,5.5));
#6224=CARTESIAN_POINT('Ctrl Pts',(0.512967103038614,-7.72236792830158,5.5));
#6225=CARTESIAN_POINT('Ctrl Pts',(0.475789605159463,-7.78726153547785,5.5));
#6226=CARTESIAN_POINT('Ctrl Pts',(0.436615533881935,-7.85174773060244,5.5));
#6227=CARTESIAN_POINT('Ctrl Pts',(0.406872975568319,-7.9007082893692,5.5));
#6228=CARTESIAN_POINT('Ctrl Pts',(0.375981665525639,-7.94942864768041,5.5));
#6229=CARTESIAN_POINT('Ctrl Pts',(0.343974058628064,-7.99788569316947,5.5));
#6230=CARTESIAN_POINT('Ctrl Pts',(0.333824287508339,-8.01325166296615,5.5));
#6231=CARTESIAN_POINT('Ctrl Pts',(0.323562016973312,-8.02859155284857,5.5));
#6232=CARTESIAN_POINT('Ctrl Pts',(0.313187475600056,-8.04390537022454,5.5));
#6233=CARTESIAN_POINT('',(0.859068586894754,-6.07981204195579,5.5));
#6234=CARTESIAN_POINT('',(0.45357582911144,-3.21005310849489,5.5));
#6235=CARTESIAN_POINT('',(1.31184176851737,-5.41274832934926,5.5));
#6236=CARTESIAN_POINT('Origin',(1.4531672245517,-5.99586676969967,5.5));
#6237=CARTESIAN_POINT('',(1.57028586739308,-5.34349844176693,5.5));
#6238=CARTESIAN_POINT('Origin',(0.,0.,5.5));
#6239=CARTESIAN_POINT('',(2.29593080113383,-5.69480597201564,5.5));
#6240=CARTESIAN_POINT('Origin',(1.73945365244113,-5.91915655254271,5.5));
#6241=CARTESIAN_POINT('',(2.42443672738869,-6.013550908019,5.5));
#6242=CARTESIAN_POINT('',(1.03938819575934,-2.57808907024974,5.5));
#6243=CARTESIAN_POINT('',(3.7507243750955,-7.12282013405255,5.5));
#6244=CARTESIAN_POINT('Ctrl Pts',(3.7507243750955,-7.12282013405256,5.5));
#6245=CARTESIAN_POINT('Ctrl Pts',(3.69803626601379,-7.09725454572861,5.5));
#6246=CARTESIAN_POINT('Ctrl Pts',(3.64618823188456,-7.07089941542355,5.5));
#6247=CARTESIAN_POINT('Ctrl Pts',(3.59520367027176,-7.04375211510009,5.5));
#6248=CARTESIAN_POINT('Ctrl Pts',(3.51977315813211,-7.00358829488019,5.5));
#6249=CARTESIAN_POINT('Ctrl Pts',(3.44624457584784,-6.96169713937175,5.5));
#6250=CARTESIAN_POINT('Ctrl Pts',(3.37479126173444,-6.9181076664712,5.5));
#6251=CARTESIAN_POINT('Ctrl Pts',(3.30933514029939,-6.87817672881113,5.5));
#6252=CARTESIAN_POINT('Ctrl Pts',(3.24561971139975,-6.83681790658516,5.5));
#6253=CARTESIAN_POINT('Ctrl Pts',(3.18379860467156,-6.7940453514793,5.5));
#6254=CARTESIAN_POINT('Ctrl Pts',(3.13118305722639,-6.75764190415154,5.5));
#6255=CARTESIAN_POINT('Ctrl Pts',(3.0799420758006,-6.720212521175,5.5));
#6256=CARTESIAN_POINT('Ctrl Pts',(3.03019583665389,-6.68175596317626,5.5));
#6257=CARTESIAN_POINT('Ctrl Pts',(2.99722501289616,-6.65626771687153,5.5));
#6258=CARTESIAN_POINT('Ctrl Pts',(2.96490464660311,-6.63033152672189,5.5));
#6259=CARTESIAN_POINT('Ctrl Pts',(2.93328479704062,-6.60394029956913,5.5));
#6260=CARTESIAN_POINT('Ctrl Pts',(2.90631271923773,-6.58142829391677,5.5));
#6261=CARTESIAN_POINT('Ctrl Pts',(2.87985724153193,-6.55858160888819,5.5));
#6262=CARTESIAN_POINT('Ctrl Pts',(2.85394622574819,-6.53539835086529,5.5));
#6263=CARTESIAN_POINT('Ctrl Pts',(2.83205752873954,-6.51581396580018,5.5));
#6264=CARTESIAN_POINT('Ctrl Pts',(2.8105511523516,-6.49599264456814,5.5));
#6265=CARTESIAN_POINT('Ctrl Pts',(2.78943906694787,-6.4759363067446,5.5));
#6266=CARTESIAN_POINT('Ctrl Pts',(2.77092820473683,-6.45835111329688,5.5));
#6267=CARTESIAN_POINT('Ctrl Pts',(2.75272174998093,-6.44058457384776,5.5));
#6268=CARTESIAN_POINT('Ctrl Pts',(2.73486952344887,-6.42261662671225,5.5));
#6269=CARTESIAN_POINT('Ctrl Pts',(2.72025411556382,-6.40790647973026,5.5));
#6270=CARTESIAN_POINT('Ctrl Pts',(2.70587966986907,-6.39305949546192,5.5));
#6271=CARTESIAN_POINT('Ctrl Pts',(2.69175260489012,-6.37807586669915,5.5));
#6272=CARTESIAN_POINT('Ctrl Pts',(2.67845494765114,-6.36397193500631,5.5));
#6273=CARTESIAN_POINT('Ctrl Pts',(2.66537305603927,-6.3497487139415,5.5));
#6274=CARTESIAN_POINT('Ctrl Pts',(2.65248538841086,-6.33542068126127,5.5));
#6275=CARTESIAN_POINT('Ctrl Pts',(2.64120128255386,-6.32287542930817,5.5));
#6276=CARTESIAN_POINT('Ctrl Pts',(2.63006325205139,-6.31025129956475,5.5));
#6277=CARTESIAN_POINT('Ctrl Pts',(2.61908501613136,-6.29754354059046,5.5));
#6278=CARTESIAN_POINT('Ctrl Pts',(2.60366626860526,-6.27969570705196,5.5));
#6279=CARTESIAN_POINT('Ctrl Pts',(2.58856557267172,-6.26168134947615,5.5));
#6280=CARTESIAN_POINT('Ctrl Pts',(2.57396574804924,-6.24341275692377,5.5));
#6281=CARTESIAN_POINT('Ctrl Pts',(2.56576679198478,-6.23315349754432,5.5));
#6282=CARTESIAN_POINT('Ctrl Pts',(2.55772791699269,-6.22281297656091,5.5));
#6283=CARTESIAN_POINT('Ctrl Pts',(2.54985704309208,-6.21238866977612,5.5));
#6284=CARTESIAN_POINT('Ctrl Pts',(2.54097596310656,-6.20062643047227,5.5));
#6285=CARTESIAN_POINT('Ctrl Pts',(2.53230961265618,-6.18875704685457,5.5));
#6286=CARTESIAN_POINT('Ctrl Pts',(2.52379834109006,-6.17681440455605,5.5));
#6287=CARTESIAN_POINT('Ctrl Pts',(2.51658305419047,-6.16669023099943,5.5));
#6288=CARTESIAN_POINT('Ctrl Pts',(2.50947408804689,-6.15651606096779,5.5));
#6289=CARTESIAN_POINT('Ctrl Pts',(2.50243948326134,-6.14631101310234,5.5));
#6290=CARTESIAN_POINT('Ctrl Pts',(2.49662383463453,-6.13787429570109,5.5));
#6291=CARTESIAN_POINT('Ctrl Pts',(2.49085813023689,-6.12941693754209,5.5));
#6292=CARTESIAN_POINT('Ctrl Pts',(2.48515751360255,-6.12093305584472,5.5));
#6293=CARTESIAN_POINT('Ctrl Pts',(2.47962392527557,-6.11269775223821,5.5));
#6294=CARTESIAN_POINT('Ctrl Pts',(2.47415102510944,-6.10443779054835,5.5));
#6295=CARTESIAN_POINT('Ctrl Pts',(2.46880042814292,-6.09612356310063,5.5));
#6296=CARTESIAN_POINT('Ctrl Pts',(2.4602811828286,-6.0828856115843,5.5));
#6297=CARTESIAN_POINT('Ctrl Pts',(2.45207673409374,-6.06950782627731,5.5));
#6298=CARTESIAN_POINT('Ctrl Pts',(2.44457043259903,-6.05580131700216,5.5));
#6299=CARTESIAN_POINT('Ctrl Pts',(2.44005229049512,-6.04755118786767,5.5));
#6300=CARTESIAN_POINT('Ctrl Pts',(2.43578937201435,-6.03918077241874,5.5));
#6301=CARTESIAN_POINT('Ctrl Pts',(2.43184383977869,-6.03065923548867,5.5));
#6302=CARTESIAN_POINT('Ctrl Pts',(2.42923438683751,-6.02502335462968,5.5));
#6303=CARTESIAN_POINT('Ctrl Pts',(2.42676325962832,-6.01932161752201,5.5));
#6304=CARTESIAN_POINT('Ctrl Pts',(2.42443672738869,-6.013550908019,5.5));
#6305=CARTESIAN_POINT('',(4.29318099512902,-6.8096326584525,5.5));
#6306=CARTESIAN_POINT('Origin',(-4.86277684785819E-13,6.31088724176809E-29,
5.5));
#6307=CARTESIAN_POINT('',(3.99566948960108,-5.10639924979612,5.5));
#6308=CARTESIAN_POINT('Ctrl Pts',(3.99566948960108,-5.10639924979612,5.5));
#6309=CARTESIAN_POINT('Ctrl Pts',(4.00119928474604,-5.11346623615554,5.5));
#6310=CARTESIAN_POINT('Ctrl Pts',(4.00645257826259,-5.12072320415351,5.5));
#6311=CARTESIAN_POINT('Ctrl Pts',(4.01145359625608,-5.12815407095023,5.5));
#6312=CARTESIAN_POINT('Ctrl Pts',(4.01766296361845,-5.13738038883624,5.5));
#6313=CARTESIAN_POINT('Ctrl Pts',(4.02348441623095,-5.14687415368236,5.5));
#6314=CARTESIAN_POINT('Ctrl Pts',(4.02903186161951,-5.15655954891147,5.5));
#6315=CARTESIAN_POINT('Ctrl Pts',(4.03497513648219,-5.16693603069153,5.5));
#6316=CARTESIAN_POINT('Ctrl Pts',(4.0406092181071,-5.17752897695646,5.5));
#6317=CARTESIAN_POINT('Ctrl Pts',(4.04609017087984,-5.18823382975423,5.5));
#6318=CARTESIAN_POINT('Ctrl Pts',(4.05056183331434,-5.19696743686734,5.5));
#6319=CARTESIAN_POINT('Ctrl Pts',(4.05493313003744,-5.20577448790561,5.5));
#6320=CARTESIAN_POINT('Ctrl Pts',(4.05925574095421,-5.21461957188768,5.5));
#6321=CARTESIAN_POINT('Ctrl Pts',(4.06406870993945,-5.22446804441906,5.5));
#6322=CARTESIAN_POINT('Ctrl Pts',(4.0688209212823,-5.23436391659396,5.5));
#6323=CARTESIAN_POINT('Ctrl Pts',(4.07352294722846,-5.2442979459135,5.5));
#6324=CARTESIAN_POINT('Ctrl Pts',(4.07991699334819,-5.25780672752195,5.5));
#6325=CARTESIAN_POINT('Ctrl Pts',(4.08621618330743,-5.27138733786995,5.5));
#6326=CARTESIAN_POINT('Ctrl Pts',(4.09235350633798,-5.28507825354378,5.5));
#6327=CARTESIAN_POINT('Ctrl Pts',(4.09761804160571,-5.29682218620851,5.5));
#6328=CARTESIAN_POINT('Ctrl Pts',(4.1027582794516,-5.30865066080413,5.5));
#6329=CARTESIAN_POINT('Ctrl Pts',(4.10774288122324,-5.32058175470678,5.5));
#6330=CARTESIAN_POINT('Ctrl Pts',(4.11336542718799,-5.33403982557196,5.5));
#6331=CARTESIAN_POINT('Ctrl Pts',(4.11879050157327,-5.34762811761162,5.5));
#6332=CARTESIAN_POINT('Ctrl Pts',(4.12403725981516,-5.36133217639278,5.5));
#6333=CARTESIAN_POINT('Ctrl Pts',(4.13040523947806,-5.37796476428693,5.5));
#6334=CARTESIAN_POINT('Ctrl Pts',(4.13651588025014,-5.39476448954254,5.5));
#6335=CARTESIAN_POINT('Ctrl Pts',(4.142444666595,-5.41167984827085,5.5));
#6336=CARTESIAN_POINT('Ctrl Pts',(4.1478239773992,-5.42702750404243,5.5));
#6337=CARTESIAN_POINT('Ctrl Pts',(4.15305591583179,-5.44246888116453,5.5));
#6338=CARTESIAN_POINT('Ctrl Pts',(4.15815620168785,-5.45799165523746,5.5));
#6339=CARTESIAN_POINT('Ctrl Pts',(4.16648643508341,-5.48334480888869,5.5));
#6340=CARTESIAN_POINT('Ctrl Pts',(4.1744593811171,-5.50891891359892,5.5));
#6341=CARTESIAN_POINT('Ctrl Pts',(4.18201753798374,-5.53474152884289,5.5));
#6342=CARTESIAN_POINT('Ctrl Pts',(4.18853906222765,-5.55702246509841,5.5));
#6343=CARTESIAN_POINT('Ctrl Pts',(4.19474955302461,-5.57948986327892,5.5));
#6344=CARTESIAN_POINT('Ctrl Pts',(4.20066911129007,-5.60212577267932,5.5));
#6345=CARTESIAN_POINT('Ctrl Pts',(4.20715980318703,-5.62694565063924,5.5));
#6346=CARTESIAN_POINT('Ctrl Pts',(4.21330774265517,-5.65196366197235,5.5));
#6347=CARTESIAN_POINT('Ctrl Pts',(4.21914717219496,-5.67715176147122,5.5));
#6348=CARTESIAN_POINT('Ctrl Pts',(4.2283266290657,-5.71674690881057,5.5));
#6349=CARTESIAN_POINT('Ctrl Pts',(4.23673630348108,-5.75676699952285,5.5));
#6350=CARTESIAN_POINT('Ctrl Pts',(4.24437078532513,-5.79719302582219,5.5));
#6351=CARTESIAN_POINT('Ctrl Pts',(4.25268864660579,-5.84123767557773,5.5));
#6352=CARTESIAN_POINT('Ctrl Pts',(4.26009244991168,-5.88576030004879,5.5));
#6353=CARTESIAN_POINT('Ctrl Pts',(4.26663908578681,-5.93069801376878,5.5));
#6354=CARTESIAN_POINT('Ctrl Pts',(4.27537947145827,-5.99069416394386,5.5));
#6355=CARTESIAN_POINT('Ctrl Pts',(4.28258183675545,-6.05143665501115,5.5));
#6356=CARTESIAN_POINT('Ctrl Pts',(4.28829429212125,-6.11283556517426,5.5));
#6357=CARTESIAN_POINT('Ctrl Pts',(4.29577584325646,-6.19324916258841,5.5));
#6358=CARTESIAN_POINT('Ctrl Pts',(4.30071477611866,-6.27478086982356,5.5));
#6359=CARTESIAN_POINT('Ctrl Pts',(4.3031976731864,-6.35725148212052,5.5));
#6360=CARTESIAN_POINT('Ctrl Pts',(4.30542650668706,-6.43128325165948,5.5));
#6361=CARTESIAN_POINT('Ctrl Pts',(4.30567665266436,-6.50607151297652,5.5));
#6362=CARTESIAN_POINT('Ctrl Pts',(4.30399400933124,-6.58150523180657,5.5));
#6363=CARTESIAN_POINT('Ctrl Pts',(4.30271647763399,-6.63877759901018,5.5));
#6364=CARTESIAN_POINT('Ctrl Pts',(4.30032399751448,-6.69641632238652,5.5));
#6365=CARTESIAN_POINT('Ctrl Pts',(4.29683311953525,-6.75438515860137,5.5));
#6366=CARTESIAN_POINT('Ctrl Pts',(4.29572614481844,-6.77276736400474,5.5));
#6367=CARTESIAN_POINT('Ctrl Pts',(4.29450870279723,-6.79118323324618,5.5));
#6368=CARTESIAN_POINT('Ctrl Pts',(4.29318099512903,-6.8096326584525,5.5));
#6369=CARTESIAN_POINT('',(3.78388124082195,-4.83573738512088,5.5));
#6370=CARTESIAN_POINT('',(1.99783474480054,-2.55319962489806,5.5));
#6371=CARTESIAN_POINT('',(3.84246246195618,-4.03165667324956,5.5));
#6372=CARTESIAN_POINT('Origin',(4.25641311725853,-4.465989327991,5.5));
#6373=CARTESIAN_POINT('',(4.03165667324955,-3.84246246195618,5.5));
#6374=CARTESIAN_POINT('Origin',(0.,0.,5.5));
#6375=CARTESIAN_POINT('',(4.83573738512088,-3.78388124082196,5.5));
#6376=CARTESIAN_POINT('Origin',(4.465989327991,-4.25641311725854,5.5));
#6377=CARTESIAN_POINT('',(5.10639924979611,-3.99566948960108,5.5));
#6378=CARTESIAN_POINT('',(2.18918111704613,-1.7129965301756,5.5));
#6379=CARTESIAN_POINT('',(6.80963265845249,-4.29318099512904,5.5));
#6380=CARTESIAN_POINT('Ctrl Pts',(6.80963265845249,-4.29318099512904,5.5));
#6381=CARTESIAN_POINT('Ctrl Pts',(6.75122062330247,-4.29738460072195,5.5));
#6382=CARTESIAN_POINT('Ctrl Pts',(6.69314134341235,-4.30048440542392,5.5));
#6383=CARTESIAN_POINT('Ctrl Pts',(6.63541376764829,-4.30246643450585,5.5));
#6384=CARTESIAN_POINT('Ctrl Pts',(6.55000711757188,-4.30539880195763,5.5));
#6385=CARTESIAN_POINT('Ctrl Pts',(6.46538391942658,-4.30588428822757,5.5));
#6386=CARTESIAN_POINT('Ctrl Pts',(6.38170879754657,-4.30386135439288,5.5));
#6387=CARTESIAN_POINT('Ctrl Pts',(6.30505666497631,-4.30200820869086,5.5));
#6388=CARTESIAN_POINT('Ctrl Pts',(6.22919807407425,-4.2980481324269,5.5));
#6389=CARTESIAN_POINT('Ctrl Pts',(6.15427314784963,-4.29191656650322,5.5));
#6390=CARTESIAN_POINT('Ctrl Pts',(6.09050502346524,-4.28669803005354,5.5));
#6391=CARTESIAN_POINT('Ctrl Pts',(6.02741434034847,-4.27990372425968,5.5));
#6392=CARTESIAN_POINT('Ctrl Pts',(5.9651045545064,-4.27147248766294,5.5));
#6393=CARTESIAN_POINT('Ctrl Pts',(5.92380686041201,-4.26588443074533,5.5));
#6394=CARTESIAN_POINT('Ctrl Pts',(5.88284850708344,-4.25958321434675,5.5));
#6395=CARTESIAN_POINT('Ctrl Pts',(5.84226930053747,-4.25253766597908,5.5));
#6396=CARTESIAN_POINT('Ctrl Pts',(5.80765479314864,-4.24652773609653,5.5));
#6397=CARTESIAN_POINT('Ctrl Pts',(5.77332033487927,-4.23996966532374,5.5));
#6398=CARTESIAN_POINT('Ctrl Pts',(5.73928910796851,-4.23284788282684,5.5));
#6399=CARTESIAN_POINT('Ctrl Pts',(5.71054074777057,-4.22683165634729,5.5));
#6400=CARTESIAN_POINT('Ctrl Pts',(5.68200501885909,-4.22041907681774,5.5));
#6401=CARTESIAN_POINT('Ctrl Pts',(5.65369324766068,-4.21360582145753,5.5));
#6402=CARTESIAN_POINT('Ctrl Pts',(5.62886977401381,-4.20763202830633,5.5));
#6403=CARTESIAN_POINT('Ctrl Pts',(5.60421925195551,-4.20134898118342,5.5));
#6404=CARTESIAN_POINT('Ctrl Pts',(5.57977479669465,-4.19471439577559,5.5));
#6405=CARTESIAN_POINT('Ctrl Pts',(5.55976240868454,-4.18928273873719,5.5));
#6406=CARTESIAN_POINT('Ctrl Pts',(5.53989028140948,-4.18361209603738,5.5));
#6407=CARTESIAN_POINT('Ctrl Pts',(5.52016406987154,-4.17769942537612,5.5));
#6408=CARTESIAN_POINT('Ctrl Pts',(5.50159599504608,-4.17213389085645,5.5));
#6409=CARTESIAN_POINT('Ctrl Pts',(5.48315513404896,-4.16635716589671,5.5));
#6410=CARTESIAN_POINT('Ctrl Pts',(5.46483007014782,-4.1603925594237,5.5));
#6411=CARTESIAN_POINT('Ctrl Pts',(5.44878512183942,-4.15517010546361,5.5));
#6412=CARTESIAN_POINT('Ctrl Pts',(5.43282723960375,-4.14980630365604,5.5));
#6413=CARTESIAN_POINT('Ctrl Pts',(5.41696592892044,-4.14429017951879,5.5));
#6414=CARTESIAN_POINT('Ctrl Pts',(5.39468898510901,-4.13654287603826,5.5));
#6415=CARTESIAN_POINT('Ctrl Pts',(5.37260422003764,-4.12849233271505,5.5));
#6416=CARTESIAN_POINT('Ctrl Pts',(5.35082610475711,-4.11997117978851,5.5));
#6417=CARTESIAN_POINT('Ctrl Pts',(5.33859597083056,-4.11518587857407,5.5));
#6418=CARTESIAN_POINT('Ctrl Pts',(5.32646384037737,-4.11025016221006,5.5));
#6419=CARTESIAN_POINT('Ctrl Pts',(5.31443531023658,-4.10515788466781,5.5));
#6420=CARTESIAN_POINT('Ctrl Pts',(5.30086294970304,-4.09941202661773,5.5));
#6421=CARTESIAN_POINT('Ctrl Pts',(5.28742297824498,-4.09346601410237,5.5));
#6422=CARTESIAN_POINT('Ctrl Pts',(5.2740806796999,-4.0873790182662,5.5));
#6423=CARTESIAN_POINT('Ctrl Pts',(5.26276997117051,-4.0822188702235,5.5));
#6424=CARTESIAN_POINT('Ctrl Pts',(5.25152634087926,-4.07696226358531,5.5));
#6425=CARTESIAN_POINT('Ctrl Pts',(5.24033167049623,-4.07164173527961,5.5));
#6426=CARTESIAN_POINT('Ctrl Pts',(5.23107681234482,-4.06724314799878,5.5));
#6427=CARTESIAN_POINT('Ctrl Pts',(5.22185488678578,-4.06280171318281,5.5));
#6428=CARTESIAN_POINT('Ctrl Pts',(5.21267606711403,-4.05830476442714,5.5));
#6429=CARTESIAN_POINT('Ctrl Pts',(5.20376618724704,-4.05393957646029,5.5));
#6430=CARTESIAN_POINT('Ctrl Pts',(5.19489653582736,-4.04952268988646,5.5));
#6431=CARTESIAN_POINT('Ctrl Pts',(5.18610566920654,-4.04499765618802,5.5));
#6432=CARTESIAN_POINT('Ctrl Pts',(5.17210881058323,-4.03779287653721,5.5));
#6433=CARTESIAN_POINT('Ctrl Pts',(5.15831465689943,-4.03030959898167,5.5));
#6434=CARTESIAN_POINT('Ctrl Pts',(5.14496075447719,-4.02219256449867,5.5));
#6435=CARTESIAN_POINT('Ctrl Pts',(5.13692286407021,-4.01730681413589,5.5));
#6436=CARTESIAN_POINT('Ctrl Pts',(5.12904586064727,-4.01218928095753,5.5));
#6437=CARTESIAN_POINT('Ctrl Pts',(5.12136816103482,-4.00678217961492,5.5));
#6438=CARTESIAN_POINT('Ctrl Pts',(5.11629036806641,-4.00320609008773,5.5));
#6439=CARTESIAN_POINT('Ctrl Pts',(5.11129944057162,-3.99950380451011,5.5));
#6440=CARTESIAN_POINT('Ctrl Pts',(5.10639924979611,-3.99566948960108,5.5));
#6441=CARTESIAN_POINT('',(7.12282013405254,-3.75072437509551,5.5));
#6442=CARTESIAN_POINT('Origin',(-4.86277684785819E-13,6.31088724176809E-29,
5.5));
#6443=CARTESIAN_POINT('',(6.01355090801899,-2.4244367273887,5.5));
#6444=CARTESIAN_POINT('Ctrl Pts',(6.01355090801899,-2.4244367273887,5.5));
#6445=CARTESIAN_POINT('Ctrl Pts',(6.02187334427178,-2.4277920195316,5.5));
#6446=CARTESIAN_POINT('Ctrl Pts',(6.03005131390947,-2.43145009141393,5.5));
#6447=CARTESIAN_POINT('Ctrl Pts',(6.0380977559348,-2.43538490183518,5.5));
#6448=CARTESIAN_POINT('Ctrl Pts',(6.04808838475476,-2.44027044382652,5.5));
#6449=CARTESIAN_POINT('Ctrl Pts',(6.0578767930269,-2.44558155905438,5.5));
#6450=CARTESIAN_POINT('Ctrl Pts',(6.06752371927378,-2.45119563467401,5.5));
#6451=CARTESIAN_POINT('Ctrl Pts',(6.07785898717634,-2.45721029406594,5.5));
#6452=CARTESIAN_POINT('Ctrl Pts',(6.08803471812275,-2.46356701381966,5.5));
#6453=CARTESIAN_POINT('Ctrl Pts',(6.09813378885955,-2.47009721189976,5.5));
#6454=CARTESIAN_POINT('Ctrl Pts',(6.10637316568181,-2.47542490630929,5.5));
#6455=CARTESIAN_POINT('Ctrl Pts',(6.11456234521091,-2.48086638787948,5.5));
#6456=CARTESIAN_POINT('Ctrl Pts',(6.12272837806681,-2.48636514984835,5.5));
#6457=CARTESIAN_POINT('Ctrl Pts',(6.13182076774146,-2.49248769275644,5.5));
#6458=CARTESIAN_POINT('Ctrl Pts',(6.14088423957608,-2.49868166378116,5.5));
#6459=CARTESIAN_POINT('Ctrl Pts',(6.14992332815459,-2.50493377256081,5.5));
#6460=CARTESIAN_POINT('Ctrl Pts',(6.16221512533367,-2.51343569754955,5.5));
#6461=CARTESIAN_POINT('Ctrl Pts',(6.17446068903781,-2.52204725613174,5.5));
#6462=CARTESIAN_POINT('Ctrl Pts',(6.18662122453254,-2.53083527539269,5.5));
#6463=CARTESIAN_POINT('Ctrl Pts',(6.19705241214514,-2.53837355178635,5.5));
#6464=CARTESIAN_POINT('Ctrl Pts',(6.20741822599826,-2.54604719235075,5.5));
#6465=CARTESIAN_POINT('Ctrl Pts',(6.21770056471086,-2.55388752187907,5.5));
#6466=CARTESIAN_POINT('Ctrl Pts',(6.22929886778332,-2.56273128015228,5.5));
#6467=CARTESIAN_POINT('Ctrl Pts',(6.24079126603865,-2.57178654906044,5.5));
#6468=CARTESIAN_POINT('Ctrl Pts',(6.25218712135466,-2.58103123297935,5.5));
#6469=CARTESIAN_POINT('Ctrl Pts',(6.26601824745721,-2.59225148679226,5.5));
#6470=CARTESIAN_POINT('Ctrl Pts',(6.27971008022372,-2.60374515525138,5.5));
#6471=CARTESIAN_POINT('Ctrl Pts',(6.29330223917287,-2.61542989244892,5.5));
#6472=CARTESIAN_POINT('Ctrl Pts',(6.30563468686735,-2.62603169683124,5.5));
#6473=CARTESIAN_POINT('Ctrl Pts',(6.31788636701948,-2.63678835246974,5.5));
#6474=CARTESIAN_POINT('Ctrl Pts',(6.33006473117132,-2.64768132622365,5.5));
#6475=CARTESIAN_POINT('Ctrl Pts',(6.34995550173729,-2.66547268465396,5.5));
#6476=CARTESIAN_POINT('Ctrl Pts',(6.36964732790094,-2.6836340359953,5.5));
#6477=CARTESIAN_POINT('Ctrl Pts',(6.38910419137558,-2.70221799835549,5.5));
#6478=CARTESIAN_POINT('Ctrl Pts',(6.40589246515703,-2.71825309303834,5.5));
#6479=CARTESIAN_POINT('Ctrl Pts',(6.42250460703476,-2.73460518520803,5.5));
#6480=CARTESIAN_POINT('Ctrl Pts',(6.43894904955961,-2.75124867864033,5.5));
#6481=CARTESIAN_POINT('Ctrl Pts',(6.45698009260999,-2.76949797752247,5.5));
#6482=CARTESIAN_POINT('Ctrl Pts',(6.4748133700364,-2.78809024115357,5.5));
#6483=CARTESIAN_POINT('Ctrl Pts',(6.49246451411043,-2.80698406042126,5.5));
#6484=CARTESIAN_POINT('Ctrl Pts',(6.52021173067155,-2.83668473549869,5.5));
#6485=CARTESIAN_POINT('Ctrl Pts',(6.54750476775584,-2.86713831356254,5.5));
#6486=CARTESIAN_POINT('Ctrl Pts',(6.57432943617246,-2.89833103844526,5.5));
#6487=CARTESIAN_POINT('Ctrl Pts',(6.60355524017682,-2.93231589334173,5.5));
#6488=CARTESIAN_POINT('Ctrl Pts',(6.63222843411404,-2.96717171546875,5.5));
#6489=CARTESIAN_POINT('Ctrl Pts',(6.66036684390708,-3.00281559914308,5.5));
#6490=CARTESIAN_POINT('Ctrl Pts',(6.69793431499423,-3.05040359644705,5.5));
#6491=CARTESIAN_POINT('Ctrl Pts',(6.73454299181346,-3.09940695410835,5.5));
#6492=CARTESIAN_POINT('Ctrl Pts',(6.77018957833227,-3.14972374234579,5.5));
#6493=CARTESIAN_POINT('Ctrl Pts',(6.81687559043358,-3.21562318501228,5.5));
#6494=CARTESIAN_POINT('Ctrl Pts',(6.86191868542545,-3.28376224832933,5.5));
#6495=CARTESIAN_POINT('Ctrl Pts',(6.9053042435542,-3.35394244518308,5.5));
#6496=CARTESIAN_POINT('Ctrl Pts',(6.94425035475446,-3.41694142153856,5.5));
#6497=CARTESIAN_POINT('Ctrl Pts',(6.98186111818247,-3.48158488275318,5.5));
#6498=CARTESIAN_POINT('Ctrl Pts',(7.0181207657241,-3.54775372122622,5.5));
#6499=CARTESIAN_POINT('Ctrl Pts',(7.04565057421115,-3.59799181162358,5.5));
#6500=CARTESIAN_POINT('Ctrl Pts',(7.072397987139,-3.64910464997117,5.5));
#6501=CARTESIAN_POINT('Ctrl Pts',(7.0983592160481,-3.70105257334027,5.5));
#6502=CARTESIAN_POINT('Ctrl Pts',(7.10659165072495,-3.71752551794668,5.5));
#6503=CARTESIAN_POINT('Ctrl Pts',(7.11474524982513,-3.73408284994831,5.5));
#6504=CARTESIAN_POINT('Ctrl Pts',(7.12282013405255,-3.75072437509551,5.5));
#6505=CARTESIAN_POINT('',(5.69480597201563,-2.29593080113384,5.5));
#6506=CARTESIAN_POINT('',(3.0067754540095,-1.21221836369435,5.5));
#6507=CARTESIAN_POINT('Origin',(5.9191565525427,-1.73945365244113,5.5));
#6508=CARTESIAN_POINT('',(-2.,-2.77555756156289E-16,5.5));
#6509=CARTESIAN_POINT('Origin',(0.,0.,5.5));
#6510=CARTESIAN_POINT('Origin',(-6.01355090801899,2.4244367273887,0.));
#6511=CARTESIAN_POINT('',(-6.01355090801899,2.4244367273887,0.));
#6512=CARTESIAN_POINT('',(-5.69480597201563,2.29593080113384,0.));
#6513=CARTESIAN_POINT('Ctrl Pts',(-7.12282013405255,3.75072437509551,-0.5));
#6514=CARTESIAN_POINT('Ctrl Pts',(-7.12282013405255,3.75072437509551,5.5));
#6515=CARTESIAN_POINT('Ctrl Pts',(-7.12045083535846,3.74584148851923,-0.5));
#6516=CARTESIAN_POINT('Ctrl Pts',(-7.12045083535846,3.74584148851923,5.5));
#6517=CARTESIAN_POINT('Ctrl Pts',(-7.11570094078554,3.73608780087242,-0.5));
#6518=CARTESIAN_POINT('Ctrl Pts',(-7.11570094078554,3.73608780087242,5.5));
#6519=CARTESIAN_POINT('Ctrl Pts',(-7.10854220737543,3.72149352592152,-0.5));
#6520=CARTESIAN_POINT('Ctrl Pts',(-7.10854220737543,3.72149352592152,5.5));
#6521=CARTESIAN_POINT('Ctrl Pts',(-7.09892942384368,3.70210702976534,-0.5));
#6522=CARTESIAN_POINT('Ctrl Pts',(-7.09892942384368,3.70210702976534,5.5));
#6523=CARTESIAN_POINT('Ctrl Pts',(-7.08680031465906,3.67799500650704,-0.5));
#6524=CARTESIAN_POINT('Ctrl Pts',(-7.08680031465906,3.67799500650704,5.5));
#6525=CARTESIAN_POINT('Ctrl Pts',(-7.0745579399213,3.65400444358823,-0.5));
#6526=CARTESIAN_POINT('Ctrl Pts',(-7.0745579399213,3.65400444358823,5.5));
#6527=CARTESIAN_POINT('Ctrl Pts',(-7.06220219893903,3.63013588687882,-0.5));
#6528=CARTESIAN_POINT('Ctrl Pts',(-7.06220219893903,3.63013588687882,5.5));
#6529=CARTESIAN_POINT('Ctrl Pts',(-7.04973307411984,3.60639008238108,-0.5));
#6530=CARTESIAN_POINT('Ctrl Pts',(-7.04973307411984,3.60639008238108,5.5));
#6531=CARTESIAN_POINT('Ctrl Pts',(-7.03715068777779,3.58276800043906,-0.5));
#6532=CARTESIAN_POINT('Ctrl Pts',(-7.03715068777779,3.58276800043906,5.5));
#6533=CARTESIAN_POINT('Ctrl Pts',(-7.02445526774421,3.55927078148372,-0.5));
#6534=CARTESIAN_POINT('Ctrl Pts',(-7.02445526774421,3.55927078148372,5.5));
#6535=CARTESIAN_POINT('Ctrl Pts',(-7.0116471036944,3.53589967341081,-0.5));
#6536=CARTESIAN_POINT('Ctrl Pts',(-7.0116471036944,3.53589967341081,5.5));
#6537=CARTESIAN_POINT('Ctrl Pts',(-6.99872650666161,3.51265596927433,-0.5));
#6538=CARTESIAN_POINT('Ctrl Pts',(-6.99872650666161,3.51265596927433,5.5));
#6539=CARTESIAN_POINT('Ctrl Pts',(-6.98569377040215,3.48954094844464,-0.5));
#6540=CARTESIAN_POINT('Ctrl Pts',(-6.98569377040215,3.48954094844464,5.5));
#6541=CARTESIAN_POINT('Ctrl Pts',(-6.97254912678815,3.4665558038155,-0.5));
#6542=CARTESIAN_POINT('Ctrl Pts',(-6.97254912678815,3.4665558038155,5.5));
#6543=CARTESIAN_POINT('Ctrl Pts',(-6.9592927506674,3.44370166222147,-0.5));
#6544=CARTESIAN_POINT('Ctrl Pts',(-6.9592927506674,3.44370166222147,5.5));
#6545=CARTESIAN_POINT('Ctrl Pts',(-6.9459247770189,3.42097962617443,-0.5));
#6546=CARTESIAN_POINT('Ctrl Pts',(-6.9459247770189,3.42097962617443,5.5));
#6547=CARTESIAN_POINT('Ctrl Pts',(-6.93244531505159,3.39839080876233,-0.5));
#6548=CARTESIAN_POINT('Ctrl Pts',(-6.93244531505159,3.39839080876233,5.5));
#6549=CARTESIAN_POINT('Ctrl Pts',(-6.9188544634034,3.37593636727681,-0.5));
#6550=CARTESIAN_POINT('Ctrl Pts',(-6.9188544634034,3.37593636727681,5.5));
#6551=CARTESIAN_POINT('Ctrl Pts',(-6.90515232814324,3.35361754451092,-0.5));
#6552=CARTESIAN_POINT('Ctrl Pts',(-6.90515232814324,3.35361754451092,5.5));
#6553=CARTESIAN_POINT('Ctrl Pts',(-6.89133902556494,3.3314356583464,-0.5));
#6554=CARTESIAN_POINT('Ctrl Pts',(-6.89133902556494,3.3314356583464,5.5));
#6555=CARTESIAN_POINT('Ctrl Pts',(-6.87741467912398,3.30939207225659,-0.5));
#6556=CARTESIAN_POINT('Ctrl Pts',(-6.87741467912398,3.30939207225659,5.5));
#6557=CARTESIAN_POINT('Ctrl Pts',(-6.86337941957581,3.28748816925645,-0.5));
#6558=CARTESIAN_POINT('Ctrl Pts',(-6.86337941957581,3.28748816925645,5.5));
#6559=CARTESIAN_POINT('Ctrl Pts',(-6.849233383498,3.26572532777042,-0.5));
#6560=CARTESIAN_POINT('Ctrl Pts',(-6.849233383498,3.26572532777042,5.5));
#6561=CARTESIAN_POINT('Ctrl Pts',(-6.83497671612654,3.2441048847404,-0.5));
#6562=CARTESIAN_POINT('Ctrl Pts',(-6.83497671612654,3.2441048847404,5.5));
#6563=CARTESIAN_POINT('Ctrl Pts',(-6.82060955916155,3.22262815851376,-0.5));
#6564=CARTESIAN_POINT('Ctrl Pts',(-6.82060955916155,3.22262815851376,5.5));
#6565=CARTESIAN_POINT('Ctrl Pts',(-6.80613203239294,3.20129649969241,-0.5));
#6566=CARTESIAN_POINT('Ctrl Pts',(-6.80613203239294,3.20129649969241,5.5));
#6567=CARTESIAN_POINT('Ctrl Pts',(-6.79154421646174,3.18011133566183,-0.5));
#6568=CARTESIAN_POINT('Ctrl Pts',(-6.79154421646174,3.18011133566183,5.5));
#6569=CARTESIAN_POINT('Ctrl Pts',(-6.77684613931061,3.15907420915158,-0.5));
#6570=CARTESIAN_POINT('Ctrl Pts',(-6.77684613931061,3.15907420915158,5.5));
#6571=CARTESIAN_POINT('Ctrl Pts',(-6.76203775334704,3.13818683739916,-0.5));
#6572=CARTESIAN_POINT('Ctrl Pts',(-6.76203775334704,3.13818683739916,5.5));
#6573=CARTESIAN_POINT('Ctrl Pts',(-6.74711895650253,3.11745107341763,-0.5));
#6574=CARTESIAN_POINT('Ctrl Pts',(-6.74711895650253,3.11745107341763,5.5));
#6575=CARTESIAN_POINT('Ctrl Pts',(-6.73208963782543,3.09686881169379,-0.5));
#6576=CARTESIAN_POINT('Ctrl Pts',(-6.73208963782543,3.09686881169379,5.5));
#6577=CARTESIAN_POINT('Ctrl Pts',(-6.71694972051712,3.07644190167325,-0.5));
#6578=CARTESIAN_POINT('Ctrl Pts',(-6.71694972051712,3.07644190167325,5.5));
#6579=CARTESIAN_POINT('Ctrl Pts',(-6.70169919764468,3.05617207492754,-0.5));
#6580=CARTESIAN_POINT('Ctrl Pts',(-6.70169919764468,3.05617207492754,5.5));
#6581=CARTESIAN_POINT('Ctrl Pts',(-6.68633819477682,3.0360608203839,-0.5));
#6582=CARTESIAN_POINT('Ctrl Pts',(-6.68633819477682,3.0360608203839,5.5));
#6583=CARTESIAN_POINT('Ctrl Pts',(-6.67086692044902,3.01610947933049,-0.5));
#6584=CARTESIAN_POINT('Ctrl Pts',(-6.67086692044902,3.01610947933049,5.5));
#6585=CARTESIAN_POINT('Ctrl Pts',(-6.65528554565749,2.99631947997522,-0.5));
#6586=CARTESIAN_POINT('Ctrl Pts',(-6.65528554565749,2.99631947997522,5.5));
#6587=CARTESIAN_POINT('Ctrl Pts',(-6.63959409556919,2.97669254799396,-0.5));
#6588=CARTESIAN_POINT('Ctrl Pts',(-6.63959409556919,2.97669254799396,5.5));
#6589=CARTESIAN_POINT('Ctrl Pts',(-6.62379235801814,2.95723088533909,-0.5));
#6590=CARTESIAN_POINT('Ctrl Pts',(-6.62379235801814,2.95723088533909,5.5));
#6591=CARTESIAN_POINT('Ctrl Pts',(-6.60787973291245,2.93793746301693,-0.5));
#6592=CARTESIAN_POINT('Ctrl Pts',(-6.60787973291245,2.93793746301693,5.5));
#6593=CARTESIAN_POINT('Ctrl Pts',(-6.59185533652843,2.91881582313971,-0.5));
#6594=CARTESIAN_POINT('Ctrl Pts',(-6.59185533652843,2.91881582313971,5.5));
#6595=CARTESIAN_POINT('Ctrl Pts',(-6.57571827420553,2.89986955665289,-0.5));
#6596=CARTESIAN_POINT('Ctrl Pts',(-6.57571827420553,2.89986955665289,5.5));
#6597=CARTESIAN_POINT('Ctrl Pts',(-6.55946788701478,2.88110183170717,-0.5));
#6598=CARTESIAN_POINT('Ctrl Pts',(-6.55946788701478,2.88110183170717,5.5));
#6599=CARTESIAN_POINT('Ctrl Pts',(-6.54310395960986,2.86251499651768,-0.5));
#6600=CARTESIAN_POINT('Ctrl Pts',(-6.54310395960986,2.86251499651768,5.5));
#6601=CARTESIAN_POINT('Ctrl Pts',(-6.52662707149237,2.84410990749756,-0.5));
#6602=CARTESIAN_POINT('Ctrl Pts',(-6.52662707149237,2.84410990749756,5.5));
#6603=CARTESIAN_POINT('Ctrl Pts',(-6.51003833275307,2.82588643807386,-0.5));
#6604=CARTESIAN_POINT('Ctrl Pts',(-6.51003833275307,2.82588643807386,5.5));
#6605=CARTESIAN_POINT('Ctrl Pts',(-6.49333872694351,2.80784474131209,-0.5));
#6606=CARTESIAN_POINT('Ctrl Pts',(-6.49333872694351,2.80784474131209,5.5));
#6607=CARTESIAN_POINT('Ctrl Pts',(-6.47652851845473,2.78998638883179,-0.5));
#6608=CARTESIAN_POINT('Ctrl Pts',(-6.47652851845473,2.78998638883179,5.5));
#6609=CARTESIAN_POINT('Ctrl Pts',(-6.45960675012547,2.77231533731661,-0.5));
#6610=CARTESIAN_POINT('Ctrl Pts',(-6.45960675012547,2.77231533731661,5.5));
#6611=CARTESIAN_POINT('Ctrl Pts',(-6.4425704108483,2.75483952702889,-0.5));
#6612=CARTESIAN_POINT('Ctrl Pts',(-6.4425704108483,2.75483952702889,5.5));
#6613=CARTESIAN_POINT('Ctrl Pts',(-6.42541508847221,2.7375696365924,-0.5));
#6614=CARTESIAN_POINT('Ctrl Pts',(-6.42541508847221,2.7375696365924,5.5));
#6615=CARTESIAN_POINT('Ctrl Pts',(-6.40813646976528,2.72051621627377,-0.5));
#6616=CARTESIAN_POINT('Ctrl Pts',(-6.40813646976528,2.72051621627377,5.5));
#6617=CARTESIAN_POINT('Ctrl Pts',(-6.39073170535801,2.70368707954015,-0.5));
#6618=CARTESIAN_POINT('Ctrl Pts',(-6.39073170535801,2.70368707954015,5.5));
#6619=CARTESIAN_POINT('Ctrl Pts',(-6.37320056392484,2.68708509931483,-0.5));
#6620=CARTESIAN_POINT('Ctrl Pts',(-6.37320056392484,2.68708509931483,5.5));
#6621=CARTESIAN_POINT('Ctrl Pts',(-6.35554735556116,2.67070452915475,-0.5));
#6622=CARTESIAN_POINT('Ctrl Pts',(-6.35554735556116,2.67070452915475,5.5));
#6623=CARTESIAN_POINT('Ctrl Pts',(-6.33777913549557,2.65453445810827,-0.5));
#6624=CARTESIAN_POINT('Ctrl Pts',(-6.33777913549557,2.65453445810827,5.5));
#6625=CARTESIAN_POINT('Ctrl Pts',(-6.31990215822065,2.6385656214799,-0.5));
#6626=CARTESIAN_POINT('Ctrl Pts',(-6.31990215822065,2.6385656214799,5.5));
#6627=CARTESIAN_POINT('Ctrl Pts',(-6.30191862117336,2.62279665553683,-0.5));
#6628=CARTESIAN_POINT('Ctrl Pts',(-6.30191862117336,2.62279665553683,5.5));
#6629=CARTESIAN_POINT('Ctrl Pts',(-6.28382386325352,2.60723948225888,-0.5));
#6630=CARTESIAN_POINT('Ctrl Pts',(-6.28382386325352,2.60723948225888,5.5));
#6631=CARTESIAN_POINT('Ctrl Pts',(-6.26560189150288,2.59192789491881,-0.5));
#6632=CARTESIAN_POINT('Ctrl Pts',(-6.26560189150288,2.59192789491881,5.5));
#6633=CARTESIAN_POINT('Ctrl Pts',(-6.2472301491417,2.57690845353078,-0.5));
#6634=CARTESIAN_POINT('Ctrl Pts',(-6.2472301491417,2.57690845353078,5.5));
#6635=CARTESIAN_POINT('Ctrl Pts',(-6.22868753180166,2.56222516990243,-0.5));
#6636=CARTESIAN_POINT('Ctrl Pts',(-6.22868753180166,2.56222516990243,5.5));
#6637=CARTESIAN_POINT('Ctrl Pts',(-6.20996185427052,2.54790522963503,-0.5));
#6638=CARTESIAN_POINT('Ctrl Pts',(-6.20996185427052,2.54790522963503,5.5));
#6639=CARTESIAN_POINT('Ctrl Pts',(-6.19105641109126,2.53394648380887,-0.5));
#6640=CARTESIAN_POINT('Ctrl Pts',(-6.19105641109126,2.53394648380887,5.5));
#6641=CARTESIAN_POINT('Ctrl Pts',(-6.1719999113201,2.52029839319329,-0.5));
#6642=CARTESIAN_POINT('Ctrl Pts',(-6.1719999113201,2.52029839319329,5.5));
#6643=CARTESIAN_POINT('Ctrl Pts',(-6.1528326727449,2.50688900177925,-0.5));
#6644=CARTESIAN_POINT('Ctrl Pts',(-6.1528326727449,2.50688900177925,5.5));
#6645=CARTESIAN_POINT('Ctrl Pts',(-6.1335872626399,2.49366266359779,-0.5));
#6646=CARTESIAN_POINT('Ctrl Pts',(-6.1335872626399,2.49366266359779,5.5));
#6647=CARTESIAN_POINT('Ctrl Pts',(-6.11427041708384,2.48061532091505,-0.5));
#6648=CARTESIAN_POINT('Ctrl Pts',(-6.11427041708384,2.48061532091505,5.5));
#6649=CARTESIAN_POINT('Ctrl Pts',(-6.09484578515468,2.46782811796267,-0.5));
#6650=CARTESIAN_POINT('Ctrl Pts',(-6.09484578515468,2.46782811796267,5.5));
#6651=CARTESIAN_POINT('Ctrl Pts',(-6.07521257018613,2.45550914393572,-0.5));
#6652=CARTESIAN_POINT('Ctrl Pts',(-6.07521257018613,2.45550914393572,5.5));
#6653=CARTESIAN_POINT('Ctrl Pts',(-6.05523366578524,2.44393727355458,-0.5));
#6654=CARTESIAN_POINT('Ctrl Pts',(-6.05523366578524,2.44393727355458,5.5));
#6655=CARTESIAN_POINT('Ctrl Pts',(-6.03886246050789,2.43550297788716,-0.5));
#6656=CARTESIAN_POINT('Ctrl Pts',(-6.03886246050789,2.43550297788716,5.5));
#6657=CARTESIAN_POINT('Ctrl Pts',(-6.02631633183274,2.42973991767658,-0.5));
#6658=CARTESIAN_POINT('Ctrl Pts',(-6.02631633183274,2.42973991767658,5.5));
#6659=CARTESIAN_POINT('Ctrl Pts',(-6.01782693474197,2.42616065995251,-0.5));
#6660=CARTESIAN_POINT('Ctrl Pts',(-6.01782693474197,2.42616065995251,5.5));
#6661=CARTESIAN_POINT('Ctrl Pts',(-6.01355090801899,2.4244367273887,-0.5));
#6662=CARTESIAN_POINT('Ctrl Pts',(-6.01355090801899,2.4244367273887,5.5));
#6663=CARTESIAN_POINT('',(-7.12282013405255,3.75072437509551,0.));
#6664=CARTESIAN_POINT('Ctrl Pts',(-5.10639924979611,3.99566948960108,-0.5));
#6665=CARTESIAN_POINT('Ctrl Pts',(-5.10639924979611,3.99566948960108,5.5));
#6666=CARTESIAN_POINT('Ctrl Pts',(-5.11003023255228,3.99851067108854,-0.5));
#6667=CARTESIAN_POINT('Ctrl Pts',(-5.11003023255228,3.99851067108854,5.5));
#6668=CARTESIAN_POINT('Ctrl Pts',(-5.1173746592134,4.00407307576992,-0.5));
#6669=CARTESIAN_POINT('Ctrl Pts',(-5.1173746592134,4.00407307576992,5.5));
#6670=CARTESIAN_POINT('Ctrl Pts',(-5.12863868009687,4.01205681181646,-0.5));
#6671=CARTESIAN_POINT('Ctrl Pts',(-5.12863868009687,4.01205681181646,5.5));
#6672=CARTESIAN_POINT('Ctrl Pts',(-5.14412859704656,4.0220175436435,-0.5));
#6673=CARTESIAN_POINT('Ctrl Pts',(-5.14412859704656,4.0220175436435,5.5));
#6674=CARTESIAN_POINT('Ctrl Pts',(-5.16413958296637,4.03353384720388,-0.5));
#6675=CARTESIAN_POINT('Ctrl Pts',(-5.16413958296637,4.03353384720388,5.5));
#6676=CARTESIAN_POINT('Ctrl Pts',(-5.18462473490655,4.04437722311113,-0.5));
#6677=CARTESIAN_POINT('Ctrl Pts',(-5.18462473490655,4.04437722311113,5.5));
#6678=CARTESIAN_POINT('Ctrl Pts',(-5.20541109347124,4.05480584634476,-0.5));
#6679=CARTESIAN_POINT('Ctrl Pts',(-5.20541109347124,4.05480584634476,5.5));
#6680=CARTESIAN_POINT('Ctrl Pts',(-5.2263688464644,4.06501105397592,-0.5));
#6681=CARTESIAN_POINT('Ctrl Pts',(-5.2263688464644,4.06501105397592,5.5));
#6682=CARTESIAN_POINT('Ctrl Pts',(-5.24744589638109,4.07506489894237,-0.5));
#6683=CARTESIAN_POINT('Ctrl Pts',(-5.24744589638109,4.07506489894237,5.5));
#6684=CARTESIAN_POINT('Ctrl Pts',(-5.26864238928253,4.08495951876187,-0.5));
#6685=CARTESIAN_POINT('Ctrl Pts',(-5.26864238928253,4.08495951876187,5.5));
#6686=CARTESIAN_POINT('Ctrl Pts',(-5.28999023235436,4.09463888636312,-0.5));
#6687=CARTESIAN_POINT('Ctrl Pts',(-5.28999023235436,4.09463888636312,5.5));
#6688=CARTESIAN_POINT('Ctrl Pts',(-5.31153158243441,4.10403210751308,-0.5));
#6689=CARTESIAN_POINT('Ctrl Pts',(-5.31153158243441,4.10403210751308,5.5));
#6690=CARTESIAN_POINT('Ctrl Pts',(-5.33329585325223,4.11308904982442,-0.5));
#6691=CARTESIAN_POINT('Ctrl Pts',(-5.33329585325223,4.11308904982442,5.5));
#6692=CARTESIAN_POINT('Ctrl Pts',(-5.35528325855538,4.12180578567937,-0.5));
#6693=CARTESIAN_POINT('Ctrl Pts',(-5.35528325855538,4.12180578567937,5.5));
#6694=CARTESIAN_POINT('Ctrl Pts',(-5.37747634752865,4.13020646058192,-0.5));
#6695=CARTESIAN_POINT('Ctrl Pts',(-5.37747634752865,4.13020646058192,5.5));
#6696=CARTESIAN_POINT('Ctrl Pts',(-5.39984755701274,4.13833135735498,-0.5));
#6697=CARTESIAN_POINT('Ctrl Pts',(-5.39984755701274,4.13833135735498,5.5));
#6698=CARTESIAN_POINT('Ctrl Pts',(-5.42236784324244,4.14622329074993,-0.5));
#6699=CARTESIAN_POINT('Ctrl Pts',(-5.42236784324244,4.14622329074993,5.5));
#6700=CARTESIAN_POINT('Ctrl Pts',(-5.44501593686419,4.15391300771124,-0.5));
#6701=CARTESIAN_POINT('Ctrl Pts',(-5.44501593686419,4.15391300771124,5.5));
#6702=CARTESIAN_POINT('Ctrl Pts',(-5.4677838436907,4.16141050586001,-0.5));
#6703=CARTESIAN_POINT('Ctrl Pts',(-5.4677838436907,4.16141050586001,5.5));
#6704=CARTESIAN_POINT('Ctrl Pts',(-5.49067164603075,4.1687132002936,-0.5));
#6705=CARTESIAN_POINT('Ctrl Pts',(-5.49067164603075,4.1687132002936,5.5));
#6706=CARTESIAN_POINT('Ctrl Pts',(-5.51368424009969,4.17581104211481,-0.5));
#6707=CARTESIAN_POINT('Ctrl Pts',(-5.51368424009969,4.17581104211481,5.5));
#6708=CARTESIAN_POINT('Ctrl Pts',(-5.53682754744453,4.18269246584062,-0.5));
#6709=CARTESIAN_POINT('Ctrl Pts',(-5.53682754744453,4.18269246584062,5.5));
#6710=CARTESIAN_POINT('Ctrl Pts',(-5.56010438958324,4.18935086559738,-0.5));
#6711=CARTESIAN_POINT('Ctrl Pts',(-5.56010438958324,4.18935086559738,5.5));
#6712=CARTESIAN_POINT('Ctrl Pts',(-5.58351239415406,4.19578787818057,-0.5));
#6713=CARTESIAN_POINT('Ctrl Pts',(-5.58351239415406,4.19578787818057,5.5));
#6714=CARTESIAN_POINT('Ctrl Pts',(-5.60704621918068,4.20200987795013,-0.5));
#6715=CARTESIAN_POINT('Ctrl Pts',(-5.60704621918068,4.20200987795013,5.5));
#6716=CARTESIAN_POINT('Ctrl Pts',(-5.63069888448014,4.2080258754078,-0.5));
#6717=CARTESIAN_POINT('Ctrl Pts',(-5.63069888448014,4.2080258754078,5.5));
#6718=CARTESIAN_POINT('Ctrl Pts',(-5.6544633481685,4.2138450309003,-0.5));
#6719=CARTESIAN_POINT('Ctrl Pts',(-5.6544633481685,4.2138450309003,5.5));
#6720=CARTESIAN_POINT('Ctrl Pts',(-5.67833423933056,4.21947392225435,-0.5));
#6721=CARTESIAN_POINT('Ctrl Pts',(-5.67833423933056,4.21947392225435,5.5));
#6722=CARTESIAN_POINT('Ctrl Pts',(-5.70230860995841,4.22491535673773,-0.5));
#6723=CARTESIAN_POINT('Ctrl Pts',(-5.70230860995841,4.22491535673773,5.5));
#6724=CARTESIAN_POINT('Ctrl Pts',(-5.72638496679408,4.23016989119085,-0.5));
#6725=CARTESIAN_POINT('Ctrl Pts',(-5.72638496679408,4.23016989119085,5.5));
#6726=CARTESIAN_POINT('Ctrl Pts',(-5.75056268550316,4.23523675036585,-0.5));
#6727=CARTESIAN_POINT('Ctrl Pts',(-5.75056268550316,4.23523675036585,5.5));
#6728=CARTESIAN_POINT('Ctrl Pts',(-5.77484132065568,4.24011490960945,-0.5));
#6729=CARTESIAN_POINT('Ctrl Pts',(-5.77484132065568,4.24011490960945,5.5));
#6730=CARTESIAN_POINT('Ctrl Pts',(-5.79921984082528,4.24480429526512,-0.5));
#6731=CARTESIAN_POINT('Ctrl Pts',(-5.79921984082528,4.24480429526512,5.5));
#6732=CARTESIAN_POINT('Ctrl Pts',(-5.82369632007119,4.24930626793579,-0.5));
#6733=CARTESIAN_POINT('Ctrl Pts',(-5.82369632007119,4.24930626793579,5.5));
#6734=CARTESIAN_POINT('Ctrl Pts',(-5.84826834415888,4.25362298234605,-0.5));
#6735=CARTESIAN_POINT('Ctrl Pts',(-5.84826834415888,4.25362298234605,5.5));
#6736=CARTESIAN_POINT('Ctrl Pts',(-5.87293325056867,4.2577570087674,-0.5));
#6737=CARTESIAN_POINT('Ctrl Pts',(-5.87293325056867,4.2577570087674,5.5));
#6738=CARTESIAN_POINT('Ctrl Pts',(-5.89768841360319,4.26171088358311,-0.5));
#6739=CARTESIAN_POINT('Ctrl Pts',(-5.89768841360319,4.26171088358311,5.5));
#6740=CARTESIAN_POINT('Ctrl Pts',(-5.92253156034146,4.26548661199116,-0.5));
#6741=CARTESIAN_POINT('Ctrl Pts',(-5.92253156034146,4.26548661199116,5.5));
#6742=CARTESIAN_POINT('Ctrl Pts',(-5.94746088991977,4.26908547870888,-0.5));
#6743=CARTESIAN_POINT('Ctrl Pts',(-5.94746088991977,4.26908547870888,5.5));
#6744=CARTESIAN_POINT('Ctrl Pts',(-5.97247489527549,4.27250832477896,-0.5));
#6745=CARTESIAN_POINT('Ctrl Pts',(-5.97247489527549,4.27250832477896,5.5));
#6746=CARTESIAN_POINT('Ctrl Pts',(-5.99757225404619,4.27575571621832,-0.5));
#6747=CARTESIAN_POINT('Ctrl Pts',(-5.99757225404619,4.27575571621832,5.5));
#6748=CARTESIAN_POINT('Ctrl Pts',(-6.0227517003745,4.27882814307399,-0.5));
#6749=CARTESIAN_POINT('Ctrl Pts',(-6.0227517003745,4.27882814307399,5.5));
#6750=CARTESIAN_POINT('Ctrl Pts',(-6.04801188202726,4.28172624106391,-0.5));
#6751=CARTESIAN_POINT('Ctrl Pts',(-6.04801188202726,4.28172624106391,5.5));
#6752=CARTESIAN_POINT('Ctrl Pts',(-6.073351302886,4.28445088197793,-0.5));
#6753=CARTESIAN_POINT('Ctrl Pts',(-6.073351302886,4.28445088197793,5.5));
#6754=CARTESIAN_POINT('Ctrl Pts',(-6.09876839968314,4.28700305704841,-0.5));
#6755=CARTESIAN_POINT('Ctrl Pts',(-6.09876839968314,4.28700305704841,5.5));
#6756=CARTESIAN_POINT('Ctrl Pts',(-6.1242615872208,4.2893838096057,-0.5));
#6757=CARTESIAN_POINT('Ctrl Pts',(-6.1242615872208,4.2893838096057,5.5));
#6758=CARTESIAN_POINT('Ctrl Pts',(-6.14982931177687,4.29159415455024,-0.5));
#6759=CARTESIAN_POINT('Ctrl Pts',(-6.14982931177687,4.29159415455024,5.5));
#6760=CARTESIAN_POINT('Ctrl Pts',(-6.1754701099763,4.2936349917171,-0.5));
#6761=CARTESIAN_POINT('Ctrl Pts',(-6.1754701099763,4.2936349917171,5.5));
#6762=CARTESIAN_POINT('Ctrl Pts',(-6.20118263180475,4.295507068272,-0.5));
#6763=CARTESIAN_POINT('Ctrl Pts',(-6.20118263180475,4.295507068272,5.5));
#6764=CARTESIAN_POINT('Ctrl Pts',(-6.22696560078964,4.29721102807053,-0.5));
#6765=CARTESIAN_POINT('Ctrl Pts',(-6.22696560078964,4.29721102807053,5.5));
#6766=CARTESIAN_POINT('Ctrl Pts',(-6.25281778738044,4.29874744267251,-0.5));
#6767=CARTESIAN_POINT('Ctrl Pts',(-6.25281778738044,4.29874744267251,5.5));
#6768=CARTESIAN_POINT('Ctrl Pts',(-6.27873797900478,4.30011684853572,-0.5));
#6769=CARTESIAN_POINT('Ctrl Pts',(-6.27873797900478,4.30011684853572,5.5));
#6770=CARTESIAN_POINT('Ctrl Pts',(-6.30472494521901,4.30131978835308,-0.5));
#6771=CARTESIAN_POINT('Ctrl Pts',(-6.30472494521901,4.30131978835308,5.5));
#6772=CARTESIAN_POINT('Ctrl Pts',(-6.33077742398379,4.30235683305714,-0.5));
#6773=CARTESIAN_POINT('Ctrl Pts',(-6.33077742398379,4.30235683305714,5.5));
#6774=CARTESIAN_POINT('Ctrl Pts',(-6.35689415219526,4.30322856091785,-0.5));
#6775=CARTESIAN_POINT('Ctrl Pts',(-6.35689415219526,4.30322856091785,5.5));
#6776=CARTESIAN_POINT('Ctrl Pts',(-6.38307388732317,4.3039355467563,-0.5));
#6777=CARTESIAN_POINT('Ctrl Pts',(-6.38307388732317,4.3039355467563,5.5));
#6778=CARTESIAN_POINT('Ctrl Pts',(-6.40931542990151,4.30447834879993,-0.5));
#6779=CARTESIAN_POINT('Ctrl Pts',(-6.40931542990151,4.30447834879993,5.5));
#6780=CARTESIAN_POINT('Ctrl Pts',(-6.4356176506055,4.30485749658692,-0.5));
#6781=CARTESIAN_POINT('Ctrl Pts',(-6.4356176506055,4.30485749658692,5.5));
#6782=CARTESIAN_POINT('Ctrl Pts',(-6.46197949787218,4.30507348334012,-0.5));
#6783=CARTESIAN_POINT('Ctrl Pts',(-6.46197949787218,4.30507348334012,5.5));
#6784=CARTESIAN_POINT('Ctrl Pts',(-6.48839995313468,4.30512677102579,-0.5));
#6785=CARTESIAN_POINT('Ctrl Pts',(-6.48839995313468,4.30512677102579,5.5));
#6786=CARTESIAN_POINT('Ctrl Pts',(-6.51487799410018,4.30501779400465,-0.5));
#6787=CARTESIAN_POINT('Ctrl Pts',(-6.51487799410018,4.30501779400465,5.5));
#6788=CARTESIAN_POINT('Ctrl Pts',(-6.54141255747742,4.30474696427131,-0.5));
#6789=CARTESIAN_POINT('Ctrl Pts',(-6.54141255747742,4.30474696427131,5.5));
#6790=CARTESIAN_POINT('Ctrl Pts',(-6.56800249425406,4.30431467746553,-0.5));
#6791=CARTESIAN_POINT('Ctrl Pts',(-6.56800249425406,4.30431467746553,5.5));
#6792=CARTESIAN_POINT('Ctrl Pts',(-6.59464654958469,4.30372131887205,-0.5));
#6793=CARTESIAN_POINT('Ctrl Pts',(-6.59464654958469,4.30372131887205,5.5));
#6794=CARTESIAN_POINT('Ctrl Pts',(-6.62134344813509,4.30296726565518,-0.5));
#6795=CARTESIAN_POINT('Ctrl Pts',(-6.62134344813509,4.30296726565518,5.5));
#6796=CARTESIAN_POINT('Ctrl Pts',(-6.64809196435819,4.30205289089661,-0.5));
#6797=CARTESIAN_POINT('Ctrl Pts',(-6.64809196435819,4.30205289089661,5.5));
#6798=CARTESIAN_POINT('Ctrl Pts',(-6.67489099669613,4.30097856750411,-0.5));
#6799=CARTESIAN_POINT('Ctrl Pts',(-6.67489099669613,4.30097856750411,5.5));
#6800=CARTESIAN_POINT('Ctrl Pts',(-6.70173964364928,4.29974467472264,-0.5));
#6801=CARTESIAN_POINT('Ctrl Pts',(-6.70173964364928,4.29974467472264,5.5));
#6802=CARTESIAN_POINT('Ctrl Pts',(-6.72863726795694,4.29835160078879,-0.5));
#6803=CARTESIAN_POINT('Ctrl Pts',(-6.72863726795694,4.29835160078879,5.5));
#6804=CARTESIAN_POINT('Ctrl Pts',(-6.75558344722758,4.29679970583879,-0.5));
#6805=CARTESIAN_POINT('Ctrl Pts',(-6.75558344722758,4.29679970583879,5.5));
#6806=CARTESIAN_POINT('Ctrl Pts',(-6.77717903715507,4.29543137250027,-0.5));
#6807=CARTESIAN_POINT('Ctrl Pts',(-6.77717903715507,4.29543137250027,5.5));
#6808=CARTESIAN_POINT('Ctrl Pts',(-6.79339741671742,4.2943338800169,-0.5));
#6809=CARTESIAN_POINT('Ctrl Pts',(-6.79339741671742,4.2943338800169,5.5));
#6810=CARTESIAN_POINT('Ctrl Pts',(-6.8042193052866,4.29357056555894,-0.5));
#6811=CARTESIAN_POINT('Ctrl Pts',(-6.8042193052866,4.29357056555894,5.5));
#6812=CARTESIAN_POINT('Ctrl Pts',(-6.80963265845249,4.29318099512904,-0.5));
#6813=CARTESIAN_POINT('Ctrl Pts',(-6.80963265845249,4.29318099512904,5.5));
#6814=CARTESIAN_POINT('',(-5.10639924979611,3.99566948960108,0.));
#6815=CARTESIAN_POINT('',(-6.80963265845249,4.29318099512904,0.));
#6816=CARTESIAN_POINT('Origin',(-4.37836223409226,3.42599306035121,0.));
#6817=CARTESIAN_POINT('',(-4.83573738512088,3.78388124082196,0.));
#6818=CARTESIAN_POINT('Origin',(-4.465989327991,4.25641311725854,0.));
#6819=CARTESIAN_POINT('',(-4.03165667324955,3.84246246195618,0.));
#6820=CARTESIAN_POINT('Origin',(0.,0.,0.));
#6821=CARTESIAN_POINT('',(-3.84246246195618,4.03165667324955,0.));
#6822=CARTESIAN_POINT('Origin',(-4.25641311725854,4.465989327991,0.));
#6823=CARTESIAN_POINT('',(-3.78388124082195,4.83573738512088,0.));
#6824=CARTESIAN_POINT('Origin',(-3.99566948960108,5.10639924979611,0.));
#6825=CARTESIAN_POINT('',(-3.99566948960108,5.10639924979611,0.));
#6826=CARTESIAN_POINT('Ctrl Pts',(-4.29318099512904,6.8096326584525,-0.5));
#6827=CARTESIAN_POINT('Ctrl Pts',(-4.29318099512904,6.8096326584525,5.5));
#6828=CARTESIAN_POINT('Ctrl Pts',(-4.29357056555894,6.8042193052866,-0.5));
#6829=CARTESIAN_POINT('Ctrl Pts',(-4.29357056555894,6.8042193052866,5.5));
#6830=CARTESIAN_POINT('Ctrl Pts',(-4.2943338800169,6.79339741671742,-0.5));
#6831=CARTESIAN_POINT('Ctrl Pts',(-4.2943338800169,6.79339741671742,5.5));
#6832=CARTESIAN_POINT('Ctrl Pts',(-4.29543137250027,6.77717903715507,-0.5));
#6833=CARTESIAN_POINT('Ctrl Pts',(-4.29543137250027,6.77717903715507,5.5));
#6834=CARTESIAN_POINT('Ctrl Pts',(-4.29679970583879,6.75558344722758,-0.5));
#6835=CARTESIAN_POINT('Ctrl Pts',(-4.29679970583879,6.75558344722758,5.5));
#6836=CARTESIAN_POINT('Ctrl Pts',(-4.29835160078878,6.72863726795694,-0.5));
#6837=CARTESIAN_POINT('Ctrl Pts',(-4.29835160078878,6.72863726795694,5.5));
#6838=CARTESIAN_POINT('Ctrl Pts',(-4.29974467472264,6.70173964364928,-0.5));
#6839=CARTESIAN_POINT('Ctrl Pts',(-4.29974467472264,6.70173964364928,5.5));
#6840=CARTESIAN_POINT('Ctrl Pts',(-4.30097856750411,6.67489099669613,-0.5));
#6841=CARTESIAN_POINT('Ctrl Pts',(-4.30097856750411,6.67489099669613,5.5));
#6842=CARTESIAN_POINT('Ctrl Pts',(-4.30205289089661,6.6480919643582,-0.5));
#6843=CARTESIAN_POINT('Ctrl Pts',(-4.30205289089661,6.6480919643582,5.5));
#6844=CARTESIAN_POINT('Ctrl Pts',(-4.30296726565517,6.62134344813509,-0.5));
#6845=CARTESIAN_POINT('Ctrl Pts',(-4.30296726565517,6.62134344813509,5.5));
#6846=CARTESIAN_POINT('Ctrl Pts',(-4.30372131887205,6.59464654958469,-0.5));
#6847=CARTESIAN_POINT('Ctrl Pts',(-4.30372131887205,6.59464654958469,5.5));
#6848=CARTESIAN_POINT('Ctrl Pts',(-4.30431467746552,6.56800249425406,-0.5));
#6849=CARTESIAN_POINT('Ctrl Pts',(-4.30431467746552,6.56800249425406,5.5));
#6850=CARTESIAN_POINT('Ctrl Pts',(-4.30474696427131,6.54141255747742,-0.5));
#6851=CARTESIAN_POINT('Ctrl Pts',(-4.30474696427131,6.54141255747742,5.5));
#6852=CARTESIAN_POINT('Ctrl Pts',(-4.30501779400464,6.51487799410018,-0.5));
#6853=CARTESIAN_POINT('Ctrl Pts',(-4.30501779400464,6.51487799410018,5.5));
#6854=CARTESIAN_POINT('Ctrl Pts',(-4.30512677102579,6.48839995313468,-0.5));
#6855=CARTESIAN_POINT('Ctrl Pts',(-4.30512677102579,6.48839995313468,5.5));
#6856=CARTESIAN_POINT('Ctrl Pts',(-4.30507348334012,6.46197949787219,-0.5));
#6857=CARTESIAN_POINT('Ctrl Pts',(-4.30507348334012,6.46197949787219,5.5));
#6858=CARTESIAN_POINT('Ctrl Pts',(-4.30485749658691,6.43561765060551,-0.5));
#6859=CARTESIAN_POINT('Ctrl Pts',(-4.30485749658691,6.43561765060551,5.5));
#6860=CARTESIAN_POINT('Ctrl Pts',(-4.30447834879993,6.40931542990152,-0.5));
#6861=CARTESIAN_POINT('Ctrl Pts',(-4.30447834879993,6.40931542990152,5.5));
#6862=CARTESIAN_POINT('Ctrl Pts',(-4.30393554675629,6.38307388732317,-0.5));
#6863=CARTESIAN_POINT('Ctrl Pts',(-4.30393554675629,6.38307388732317,5.5));
#6864=CARTESIAN_POINT('Ctrl Pts',(-4.30322856091785,6.35689415219526,-0.5));
#6865=CARTESIAN_POINT('Ctrl Pts',(-4.30322856091785,6.35689415219526,5.5));
#6866=CARTESIAN_POINT('Ctrl Pts',(-4.30235683305713,6.33077742398379,-0.5));
#6867=CARTESIAN_POINT('Ctrl Pts',(-4.30235683305713,6.33077742398379,5.5));
#6868=CARTESIAN_POINT('Ctrl Pts',(-4.30131978835307,6.30472494521902,-0.5));
#6869=CARTESIAN_POINT('Ctrl Pts',(-4.30131978835307,6.30472494521902,5.5));
#6870=CARTESIAN_POINT('Ctrl Pts',(-4.30011684853572,6.27873797900478,-0.5));
#6871=CARTESIAN_POINT('Ctrl Pts',(-4.30011684853572,6.27873797900478,5.5));
#6872=CARTESIAN_POINT('Ctrl Pts',(-4.29874744267251,6.25281778738045,-0.5));
#6873=CARTESIAN_POINT('Ctrl Pts',(-4.29874744267251,6.25281778738045,5.5));
#6874=CARTESIAN_POINT('Ctrl Pts',(-4.29721102807053,6.22696560078964,-0.5));
#6875=CARTESIAN_POINT('Ctrl Pts',(-4.29721102807053,6.22696560078964,5.5));
#6876=CARTESIAN_POINT('Ctrl Pts',(-4.295507068272,6.20118263180475,-0.5));
#6877=CARTESIAN_POINT('Ctrl Pts',(-4.295507068272,6.20118263180475,5.5));
#6878=CARTESIAN_POINT('Ctrl Pts',(-4.2936349917171,6.1754701099763,-0.5));
#6879=CARTESIAN_POINT('Ctrl Pts',(-4.2936349917171,6.1754701099763,5.5));
#6880=CARTESIAN_POINT('Ctrl Pts',(-4.29159415455024,6.14982931177688,-0.5));
#6881=CARTESIAN_POINT('Ctrl Pts',(-4.29159415455024,6.14982931177688,5.5));
#6882=CARTESIAN_POINT('Ctrl Pts',(-4.2893838096057,6.12426158722081,-0.5));
#6883=CARTESIAN_POINT('Ctrl Pts',(-4.2893838096057,6.12426158722081,5.5));
#6884=CARTESIAN_POINT('Ctrl Pts',(-4.28700305704841,6.09876839968314,-0.5));
#6885=CARTESIAN_POINT('Ctrl Pts',(-4.28700305704841,6.09876839968314,5.5));
#6886=CARTESIAN_POINT('Ctrl Pts',(-4.28445088197793,6.073351302886,-0.5));
#6887=CARTESIAN_POINT('Ctrl Pts',(-4.28445088197793,6.073351302886,5.5));
#6888=CARTESIAN_POINT('Ctrl Pts',(-4.28172624106391,6.04801188202727,-0.5));
#6889=CARTESIAN_POINT('Ctrl Pts',(-4.28172624106391,6.04801188202727,5.5));
#6890=CARTESIAN_POINT('Ctrl Pts',(-4.27882814307398,6.0227517003745,-0.5));
#6891=CARTESIAN_POINT('Ctrl Pts',(-4.27882814307398,6.0227517003745,5.5));
#6892=CARTESIAN_POINT('Ctrl Pts',(-4.27575571621832,5.99757225404619,-0.5));
#6893=CARTESIAN_POINT('Ctrl Pts',(-4.27575571621832,5.99757225404619,5.5));
#6894=CARTESIAN_POINT('Ctrl Pts',(-4.27250832477896,5.97247489527549,-0.5));
#6895=CARTESIAN_POINT('Ctrl Pts',(-4.27250832477896,5.97247489527549,5.5));
#6896=CARTESIAN_POINT('Ctrl Pts',(-4.26908547870887,5.94746088991977,-0.5));
#6897=CARTESIAN_POINT('Ctrl Pts',(-4.26908547870887,5.94746088991977,5.5));
#6898=CARTESIAN_POINT('Ctrl Pts',(-4.26548661199116,5.92253156034146,-0.5));
#6899=CARTESIAN_POINT('Ctrl Pts',(-4.26548661199116,5.92253156034146,5.5));
#6900=CARTESIAN_POINT('Ctrl Pts',(-4.2617108835831,5.89768841360319,-0.5));
#6901=CARTESIAN_POINT('Ctrl Pts',(-4.2617108835831,5.89768841360319,5.5));
#6902=CARTESIAN_POINT('Ctrl Pts',(-4.2577570087674,5.87293325056867,-0.5));
#6903=CARTESIAN_POINT('Ctrl Pts',(-4.2577570087674,5.87293325056867,5.5));
#6904=CARTESIAN_POINT('Ctrl Pts',(-4.25362298234605,5.84826834415889,-0.5));
#6905=CARTESIAN_POINT('Ctrl Pts',(-4.25362298234605,5.84826834415889,5.5));
#6906=CARTESIAN_POINT('Ctrl Pts',(-4.24930626793579,5.82369632007119,-0.5));
#6907=CARTESIAN_POINT('Ctrl Pts',(-4.24930626793579,5.82369632007119,5.5));
#6908=CARTESIAN_POINT('Ctrl Pts',(-4.24480429526512,5.79921984082529,-0.5));
#6909=CARTESIAN_POINT('Ctrl Pts',(-4.24480429526512,5.79921984082529,5.5));
#6910=CARTESIAN_POINT('Ctrl Pts',(-4.24011490960945,5.77484132065568,-0.5));
#6911=CARTESIAN_POINT('Ctrl Pts',(-4.24011490960945,5.77484132065568,5.5));
#6912=CARTESIAN_POINT('Ctrl Pts',(-4.23523675036585,5.75056268550317,-0.5));
#6913=CARTESIAN_POINT('Ctrl Pts',(-4.23523675036585,5.75056268550317,5.5));
#6914=CARTESIAN_POINT('Ctrl Pts',(-4.23016989119085,5.72638496679408,-0.5));
#6915=CARTESIAN_POINT('Ctrl Pts',(-4.23016989119085,5.72638496679408,5.5));
#6916=CARTESIAN_POINT('Ctrl Pts',(-4.22491535673773,5.70230860995842,-0.5));
#6917=CARTESIAN_POINT('Ctrl Pts',(-4.22491535673773,5.70230860995842,5.5));
#6918=CARTESIAN_POINT('Ctrl Pts',(-4.21947392225434,5.67833423933057,-0.5));
#6919=CARTESIAN_POINT('Ctrl Pts',(-4.21947392225434,5.67833423933057,5.5));
#6920=CARTESIAN_POINT('Ctrl Pts',(-4.2138450309003,5.6544633481685,-0.5));
#6921=CARTESIAN_POINT('Ctrl Pts',(-4.2138450309003,5.6544633481685,5.5));
#6922=CARTESIAN_POINT('Ctrl Pts',(-4.2080258754078,5.63069888448014,-0.5));
#6923=CARTESIAN_POINT('Ctrl Pts',(-4.2080258754078,5.63069888448014,5.5));
#6924=CARTESIAN_POINT('Ctrl Pts',(-4.20200987795013,5.60704621918068,-0.5));
#6925=CARTESIAN_POINT('Ctrl Pts',(-4.20200987795013,5.60704621918068,5.5));
#6926=CARTESIAN_POINT('Ctrl Pts',(-4.19578787818056,5.58351239415406,-0.5));
#6927=CARTESIAN_POINT('Ctrl Pts',(-4.19578787818056,5.58351239415406,5.5));
#6928=CARTESIAN_POINT('Ctrl Pts',(-4.18935086559738,5.56010438958324,-0.5));
#6929=CARTESIAN_POINT('Ctrl Pts',(-4.18935086559738,5.56010438958324,5.5));
#6930=CARTESIAN_POINT('Ctrl Pts',(-4.18269246584061,5.53682754744453,-0.5));
#6931=CARTESIAN_POINT('Ctrl Pts',(-4.18269246584061,5.53682754744453,5.5));
#6932=CARTESIAN_POINT('Ctrl Pts',(-4.17581104211481,5.51368424009969,-0.5));
#6933=CARTESIAN_POINT('Ctrl Pts',(-4.17581104211481,5.51368424009969,5.5));
#6934=CARTESIAN_POINT('Ctrl Pts',(-4.1687132002936,5.49067164603075,-0.5));
#6935=CARTESIAN_POINT('Ctrl Pts',(-4.1687132002936,5.49067164603075,5.5));
#6936=CARTESIAN_POINT('Ctrl Pts',(-4.16141050586001,5.46778384369071,-0.5));
#6937=CARTESIAN_POINT('Ctrl Pts',(-4.16141050586001,5.46778384369071,5.5));
#6938=CARTESIAN_POINT('Ctrl Pts',(-4.15391300771124,5.44501593686419,-0.5));
#6939=CARTESIAN_POINT('Ctrl Pts',(-4.15391300771124,5.44501593686419,5.5));
#6940=CARTESIAN_POINT('Ctrl Pts',(-4.14622329074992,5.42236784324244,-0.5));
#6941=CARTESIAN_POINT('Ctrl Pts',(-4.14622329074992,5.42236784324244,5.5));
#6942=CARTESIAN_POINT('Ctrl Pts',(-4.13833135735498,5.39984755701274,-0.5));
#6943=CARTESIAN_POINT('Ctrl Pts',(-4.13833135735498,5.39984755701274,5.5));
#6944=CARTESIAN_POINT('Ctrl Pts',(-4.13020646058192,5.37747634752865,-0.5));
#6945=CARTESIAN_POINT('Ctrl Pts',(-4.13020646058192,5.37747634752865,5.5));
#6946=CARTESIAN_POINT('Ctrl Pts',(-4.12180578567937,5.35528325855538,-0.5));
#6947=CARTESIAN_POINT('Ctrl Pts',(-4.12180578567937,5.35528325855538,5.5));
#6948=CARTESIAN_POINT('Ctrl Pts',(-4.11308904982441,5.33329585325223,-0.5));
#6949=CARTESIAN_POINT('Ctrl Pts',(-4.11308904982441,5.33329585325223,5.5));
#6950=CARTESIAN_POINT('Ctrl Pts',(-4.10403210751308,5.31153158243442,-0.5));
#6951=CARTESIAN_POINT('Ctrl Pts',(-4.10403210751308,5.31153158243442,5.5));
#6952=CARTESIAN_POINT('Ctrl Pts',(-4.09463888636312,5.28999023235437,-0.5));
#6953=CARTESIAN_POINT('Ctrl Pts',(-4.09463888636312,5.28999023235437,5.5));
#6954=CARTESIAN_POINT('Ctrl Pts',(-4.08495951876186,5.26864238928253,-0.5));
#6955=CARTESIAN_POINT('Ctrl Pts',(-4.08495951876186,5.26864238928253,5.5));
#6956=CARTESIAN_POINT('Ctrl Pts',(-4.07506489894237,5.24744589638109,-0.5));
#6957=CARTESIAN_POINT('Ctrl Pts',(-4.07506489894237,5.24744589638109,5.5));
#6958=CARTESIAN_POINT('Ctrl Pts',(-4.06501105397591,5.2263688464644,-0.5));
#6959=CARTESIAN_POINT('Ctrl Pts',(-4.06501105397591,5.2263688464644,5.5));
#6960=CARTESIAN_POINT('Ctrl Pts',(-4.05480584634476,5.20541109347124,-0.5));
#6961=CARTESIAN_POINT('Ctrl Pts',(-4.05480584634476,5.20541109347124,5.5));
#6962=CARTESIAN_POINT('Ctrl Pts',(-4.04437722311113,5.18462473490655,-0.5));
#6963=CARTESIAN_POINT('Ctrl Pts',(-4.04437722311113,5.18462473490655,5.5));
#6964=CARTESIAN_POINT('Ctrl Pts',(-4.03353384720388,5.16413958296638,-0.5));
#6965=CARTESIAN_POINT('Ctrl Pts',(-4.03353384720388,5.16413958296638,5.5));
#6966=CARTESIAN_POINT('Ctrl Pts',(-4.02201754364349,5.14412859704656,-0.5));
#6967=CARTESIAN_POINT('Ctrl Pts',(-4.02201754364349,5.14412859704656,5.5));
#6968=CARTESIAN_POINT('Ctrl Pts',(-4.01205681181646,5.12863868009687,-0.5));
#6969=CARTESIAN_POINT('Ctrl Pts',(-4.01205681181646,5.12863868009687,5.5));
#6970=CARTESIAN_POINT('Ctrl Pts',(-4.00407307576991,5.1173746592134,-0.5));
#6971=CARTESIAN_POINT('Ctrl Pts',(-4.00407307576991,5.1173746592134,5.5));
#6972=CARTESIAN_POINT('Ctrl Pts',(-3.99851067108853,5.11003023255228,-0.5));
#6973=CARTESIAN_POINT('Ctrl Pts',(-3.99851067108853,5.11003023255228,5.5));
#6974=CARTESIAN_POINT('Ctrl Pts',(-3.99566948960108,5.10639924979611,-0.5));
#6975=CARTESIAN_POINT('Ctrl Pts',(-3.99566948960108,5.10639924979611,5.5));
#6976=CARTESIAN_POINT('',(-4.29318099512903,6.8096326584525,0.));
#6977=CARTESIAN_POINT('Ctrl Pts',(-2.42443672738869,6.013550908019,-0.5));
#6978=CARTESIAN_POINT('Ctrl Pts',(-2.42443672738869,6.013550908019,5.5));
#6979=CARTESIAN_POINT('Ctrl Pts',(-2.42616065995251,6.01782693474198,-0.5));
#6980=CARTESIAN_POINT('Ctrl Pts',(-2.42616065995251,6.01782693474198,5.5));
#6981=CARTESIAN_POINT('Ctrl Pts',(-2.42973991767658,6.02631633183274,-0.5));
#6982=CARTESIAN_POINT('Ctrl Pts',(-2.42973991767658,6.02631633183274,5.5));
#6983=CARTESIAN_POINT('Ctrl Pts',(-2.43550297788715,6.03886246050789,-0.5));
#6984=CARTESIAN_POINT('Ctrl Pts',(-2.43550297788715,6.03886246050789,5.5));
#6985=CARTESIAN_POINT('Ctrl Pts',(-2.44393727355458,6.05523366578524,-0.5));
#6986=CARTESIAN_POINT('Ctrl Pts',(-2.44393727355458,6.05523366578524,5.5));
#6987=CARTESIAN_POINT('Ctrl Pts',(-2.45550914393572,6.07521257018613,-0.5));
#6988=CARTESIAN_POINT('Ctrl Pts',(-2.45550914393572,6.07521257018613,5.5));
#6989=CARTESIAN_POINT('Ctrl Pts',(-2.46782811796267,6.09484578515468,-0.5));
#6990=CARTESIAN_POINT('Ctrl Pts',(-2.46782811796267,6.09484578515468,5.5));
#6991=CARTESIAN_POINT('Ctrl Pts',(-2.48061532091505,6.11427041708384,-0.5));
#6992=CARTESIAN_POINT('Ctrl Pts',(-2.48061532091505,6.11427041708384,5.5));
#6993=CARTESIAN_POINT('Ctrl Pts',(-2.49366266359778,6.1335872626399,-0.5));
#6994=CARTESIAN_POINT('Ctrl Pts',(-2.49366266359778,6.1335872626399,5.5));
#6995=CARTESIAN_POINT('Ctrl Pts',(-2.50688900177924,6.15283267274491,-0.5));
#6996=CARTESIAN_POINT('Ctrl Pts',(-2.50688900177924,6.15283267274491,5.5));
#6997=CARTESIAN_POINT('Ctrl Pts',(-2.52029839319328,6.1719999113201,-0.5));
#6998=CARTESIAN_POINT('Ctrl Pts',(-2.52029839319328,6.1719999113201,5.5));
#6999=CARTESIAN_POINT('Ctrl Pts',(-2.53394648380886,6.19105641109127,-0.5));
#7000=CARTESIAN_POINT('Ctrl Pts',(-2.53394648380886,6.19105641109127,5.5));
#7001=CARTESIAN_POINT('Ctrl Pts',(-2.54790522963502,6.20996185427052,-0.5));
#7002=CARTESIAN_POINT('Ctrl Pts',(-2.54790522963502,6.20996185427052,5.5));
#7003=CARTESIAN_POINT('Ctrl Pts',(-2.56222516990243,6.22868753180166,-0.5));
#7004=CARTESIAN_POINT('Ctrl Pts',(-2.56222516990243,6.22868753180166,5.5));
#7005=CARTESIAN_POINT('Ctrl Pts',(-2.57690845353078,6.2472301491417,-0.5));
#7006=CARTESIAN_POINT('Ctrl Pts',(-2.57690845353078,6.2472301491417,5.5));
#7007=CARTESIAN_POINT('Ctrl Pts',(-2.59192789491881,6.26560189150288,-0.5));
#7008=CARTESIAN_POINT('Ctrl Pts',(-2.59192789491881,6.26560189150288,5.5));
#7009=CARTESIAN_POINT('Ctrl Pts',(-2.60723948225888,6.28382386325352,-0.5));
#7010=CARTESIAN_POINT('Ctrl Pts',(-2.60723948225888,6.28382386325352,5.5));
#7011=CARTESIAN_POINT('Ctrl Pts',(-2.62279665553682,6.30191862117337,-0.5));
#7012=CARTESIAN_POINT('Ctrl Pts',(-2.62279665553682,6.30191862117337,5.5));
#7013=CARTESIAN_POINT('Ctrl Pts',(-2.63856562147989,6.31990215822066,-0.5));
#7014=CARTESIAN_POINT('Ctrl Pts',(-2.63856562147989,6.31990215822066,5.5));
#7015=CARTESIAN_POINT('Ctrl Pts',(-2.65453445810827,6.33777913549558,-0.5));
#7016=CARTESIAN_POINT('Ctrl Pts',(-2.65453445810827,6.33777913549558,5.5));
#7017=CARTESIAN_POINT('Ctrl Pts',(-2.67070452915475,6.35554735556116,-0.5));
#7018=CARTESIAN_POINT('Ctrl Pts',(-2.67070452915475,6.35554735556116,5.5));
#7019=CARTESIAN_POINT('Ctrl Pts',(-2.68708509931483,6.37320056392484,-0.5));
#7020=CARTESIAN_POINT('Ctrl Pts',(-2.68708509931483,6.37320056392484,5.5));
#7021=CARTESIAN_POINT('Ctrl Pts',(-2.70368707954014,6.39073170535801,-0.5));
#7022=CARTESIAN_POINT('Ctrl Pts',(-2.70368707954014,6.39073170535801,5.5));
#7023=CARTESIAN_POINT('Ctrl Pts',(-2.72051621627377,6.40813646976528,-0.5));
#7024=CARTESIAN_POINT('Ctrl Pts',(-2.72051621627377,6.40813646976528,5.5));
#7025=CARTESIAN_POINT('Ctrl Pts',(-2.7375696365924,6.42541508847221,-0.5));
#7026=CARTESIAN_POINT('Ctrl Pts',(-2.7375696365924,6.42541508847221,5.5));
#7027=CARTESIAN_POINT('Ctrl Pts',(-2.75483952702889,6.4425704108483,-0.5));
#7028=CARTESIAN_POINT('Ctrl Pts',(-2.75483952702889,6.4425704108483,5.5));
#7029=CARTESIAN_POINT('Ctrl Pts',(-2.7723153373166,6.45960675012548,-0.5));
#7030=CARTESIAN_POINT('Ctrl Pts',(-2.7723153373166,6.45960675012548,5.5));
#7031=CARTESIAN_POINT('Ctrl Pts',(-2.78998638883178,6.47652851845473,-0.5));
#7032=CARTESIAN_POINT('Ctrl Pts',(-2.78998638883178,6.47652851845473,5.5));
#7033=CARTESIAN_POINT('Ctrl Pts',(-2.80784474131208,6.49333872694351,-0.5));
#7034=CARTESIAN_POINT('Ctrl Pts',(-2.80784474131208,6.49333872694351,5.5));
#7035=CARTESIAN_POINT('Ctrl Pts',(-2.82588643807385,6.51003833275307,-0.5));
#7036=CARTESIAN_POINT('Ctrl Pts',(-2.82588643807385,6.51003833275307,5.5));
#7037=CARTESIAN_POINT('Ctrl Pts',(-2.84410990749755,6.52662707149237,-0.5));
#7038=CARTESIAN_POINT('Ctrl Pts',(-2.84410990749755,6.52662707149237,5.5));
#7039=CARTESIAN_POINT('Ctrl Pts',(-2.86251499651768,6.54310395960986,-0.5));
#7040=CARTESIAN_POINT('Ctrl Pts',(-2.86251499651768,6.54310395960986,5.5));
#7041=CARTESIAN_POINT('Ctrl Pts',(-2.88110183170717,6.55946788701478,-0.5));
#7042=CARTESIAN_POINT('Ctrl Pts',(-2.88110183170717,6.55946788701478,5.5));
#7043=CARTESIAN_POINT('Ctrl Pts',(-2.89986955665289,6.57571827420554,-0.5));
#7044=CARTESIAN_POINT('Ctrl Pts',(-2.89986955665289,6.57571827420554,5.5));
#7045=CARTESIAN_POINT('Ctrl Pts',(-2.91881582313971,6.59185533652843,-0.5));
#7046=CARTESIAN_POINT('Ctrl Pts',(-2.91881582313971,6.59185533652843,5.5));
#7047=CARTESIAN_POINT('Ctrl Pts',(-2.93793746301692,6.60787973291245,-0.5));
#7048=CARTESIAN_POINT('Ctrl Pts',(-2.93793746301692,6.60787973291245,5.5));
#7049=CARTESIAN_POINT('Ctrl Pts',(-2.95723088533908,6.62379235801815,-0.5));
#7050=CARTESIAN_POINT('Ctrl Pts',(-2.95723088533908,6.62379235801815,5.5));
#7051=CARTESIAN_POINT('Ctrl Pts',(-2.97669254799396,6.63959409556919,-0.5));
#7052=CARTESIAN_POINT('Ctrl Pts',(-2.97669254799396,6.63959409556919,5.5));
#7053=CARTESIAN_POINT('Ctrl Pts',(-2.99631947997522,6.65528554565749,-0.5));
#7054=CARTESIAN_POINT('Ctrl Pts',(-2.99631947997522,6.65528554565749,5.5));
#7055=CARTESIAN_POINT('Ctrl Pts',(-3.01610947933048,6.67086692044902,-0.5));
#7056=CARTESIAN_POINT('Ctrl Pts',(-3.01610947933048,6.67086692044902,5.5));
#7057=CARTESIAN_POINT('Ctrl Pts',(-3.0360608203839,6.68633819477682,-0.5));
#7058=CARTESIAN_POINT('Ctrl Pts',(-3.0360608203839,6.68633819477682,5.5));
#7059=CARTESIAN_POINT('Ctrl Pts',(-3.05617207492753,6.70169919764469,-0.5));
#7060=CARTESIAN_POINT('Ctrl Pts',(-3.05617207492753,6.70169919764469,5.5));
#7061=CARTESIAN_POINT('Ctrl Pts',(-3.07644190167325,6.71694972051712,-0.5));
#7062=CARTESIAN_POINT('Ctrl Pts',(-3.07644190167325,6.71694972051712,5.5));
#7063=CARTESIAN_POINT('Ctrl Pts',(-3.09686881169379,6.73208963782543,-0.5));
#7064=CARTESIAN_POINT('Ctrl Pts',(-3.09686881169379,6.73208963782543,5.5));
#7065=CARTESIAN_POINT('Ctrl Pts',(-3.11745107341763,6.74711895650254,-0.5));
#7066=CARTESIAN_POINT('Ctrl Pts',(-3.11745107341763,6.74711895650254,5.5));
#7067=CARTESIAN_POINT('Ctrl Pts',(-3.13818683739916,6.76203775334704,-0.5));
#7068=CARTESIAN_POINT('Ctrl Pts',(-3.13818683739916,6.76203775334704,5.5));
#7069=CARTESIAN_POINT('Ctrl Pts',(-3.15907420915157,6.77684613931061,-0.5));
#7070=CARTESIAN_POINT('Ctrl Pts',(-3.15907420915157,6.77684613931061,5.5));
#7071=CARTESIAN_POINT('Ctrl Pts',(-3.18011133566182,6.79154421646175,-0.5));
#7072=CARTESIAN_POINT('Ctrl Pts',(-3.18011133566182,6.79154421646175,5.5));
#7073=CARTESIAN_POINT('Ctrl Pts',(-3.20129649969241,6.80613203239295,-0.5));
#7074=CARTESIAN_POINT('Ctrl Pts',(-3.20129649969241,6.80613203239295,5.5));
#7075=CARTESIAN_POINT('Ctrl Pts',(-3.22262815851376,6.82060955916155,-0.5));
#7076=CARTESIAN_POINT('Ctrl Pts',(-3.22262815851376,6.82060955916155,5.5));
#7077=CARTESIAN_POINT('Ctrl Pts',(-3.24410488474039,6.83497671612655,-0.5));
#7078=CARTESIAN_POINT('Ctrl Pts',(-3.24410488474039,6.83497671612655,5.5));
#7079=CARTESIAN_POINT('Ctrl Pts',(-3.26572532777041,6.84923338349801,-0.5));
#7080=CARTESIAN_POINT('Ctrl Pts',(-3.26572532777041,6.84923338349801,5.5));
#7081=CARTESIAN_POINT('Ctrl Pts',(-3.28748816925644,6.86337941957581,-0.5));
#7082=CARTESIAN_POINT('Ctrl Pts',(-3.28748816925644,6.86337941957581,5.5));
#7083=CARTESIAN_POINT('Ctrl Pts',(-3.30939207225658,6.87741467912398,-0.5));
#7084=CARTESIAN_POINT('Ctrl Pts',(-3.30939207225658,6.87741467912398,5.5));
#7085=CARTESIAN_POINT('Ctrl Pts',(-3.3314356583464,6.89133902556494,-0.5));
#7086=CARTESIAN_POINT('Ctrl Pts',(-3.3314356583464,6.89133902556494,5.5));
#7087=CARTESIAN_POINT('Ctrl Pts',(-3.35361754451091,6.90515232814324,-0.5));
#7088=CARTESIAN_POINT('Ctrl Pts',(-3.35361754451091,6.90515232814324,5.5));
#7089=CARTESIAN_POINT('Ctrl Pts',(-3.3759363672768,6.91885446340341,-0.5));
#7090=CARTESIAN_POINT('Ctrl Pts',(-3.3759363672768,6.91885446340341,5.5));
#7091=CARTESIAN_POINT('Ctrl Pts',(-3.39839080876233,6.93244531505159,-0.5));
#7092=CARTESIAN_POINT('Ctrl Pts',(-3.39839080876233,6.93244531505159,5.5));
#7093=CARTESIAN_POINT('Ctrl Pts',(-3.42097962617443,6.94592477701891,-0.5));
#7094=CARTESIAN_POINT('Ctrl Pts',(-3.42097962617443,6.94592477701891,5.5));
#7095=CARTESIAN_POINT('Ctrl Pts',(-3.44370166222146,6.9592927506674,-0.5));
#7096=CARTESIAN_POINT('Ctrl Pts',(-3.44370166222146,6.9592927506674,5.5));
#7097=CARTESIAN_POINT('Ctrl Pts',(-3.4665558038155,6.97254912678815,-0.5));
#7098=CARTESIAN_POINT('Ctrl Pts',(-3.4665558038155,6.97254912678815,5.5));
#7099=CARTESIAN_POINT('Ctrl Pts',(-3.48954094844464,6.98569377040216,-0.5));
#7100=CARTESIAN_POINT('Ctrl Pts',(-3.48954094844464,6.98569377040216,5.5));
#7101=CARTESIAN_POINT('Ctrl Pts',(-3.51265596927432,6.99872650666161,-0.5));
#7102=CARTESIAN_POINT('Ctrl Pts',(-3.51265596927432,6.99872650666161,5.5));
#7103=CARTESIAN_POINT('Ctrl Pts',(-3.53589967341081,7.0116471036944,-0.5));
#7104=CARTESIAN_POINT('Ctrl Pts',(-3.53589967341081,7.0116471036944,5.5));
#7105=CARTESIAN_POINT('Ctrl Pts',(-3.55927078148371,7.02445526774421,-0.5));
#7106=CARTESIAN_POINT('Ctrl Pts',(-3.55927078148371,7.02445526774421,5.5));
#7107=CARTESIAN_POINT('Ctrl Pts',(-3.58276800043905,7.03715068777779,-0.5));
#7108=CARTESIAN_POINT('Ctrl Pts',(-3.58276800043905,7.03715068777779,5.5));
#7109=CARTESIAN_POINT('Ctrl Pts',(-3.60639008238108,7.04973307411984,-0.5));
#7110=CARTESIAN_POINT('Ctrl Pts',(-3.60639008238108,7.04973307411984,5.5));
#7111=CARTESIAN_POINT('Ctrl Pts',(-3.63013588687882,7.06220219893903,-0.5));
#7112=CARTESIAN_POINT('Ctrl Pts',(-3.63013588687882,7.06220219893903,5.5));
#7113=CARTESIAN_POINT('Ctrl Pts',(-3.65400444358822,7.0745579399213,-0.5));
#7114=CARTESIAN_POINT('Ctrl Pts',(-3.65400444358822,7.0745579399213,5.5));
#7115=CARTESIAN_POINT('Ctrl Pts',(-3.67799500650704,7.08680031465907,-0.5));
#7116=CARTESIAN_POINT('Ctrl Pts',(-3.67799500650704,7.08680031465907,5.5));
#7117=CARTESIAN_POINT('Ctrl Pts',(-3.70210702976534,7.09892942384368,-0.5));
#7118=CARTESIAN_POINT('Ctrl Pts',(-3.70210702976534,7.09892942384368,5.5));
#7119=CARTESIAN_POINT('Ctrl Pts',(-3.72149352592152,7.10854220737543,-0.5));
#7120=CARTESIAN_POINT('Ctrl Pts',(-3.72149352592152,7.10854220737543,5.5));
#7121=CARTESIAN_POINT('Ctrl Pts',(-3.73608780087242,7.11570094078554,-0.5));
#7122=CARTESIAN_POINT('Ctrl Pts',(-3.73608780087242,7.11570094078554,5.5));
#7123=CARTESIAN_POINT('Ctrl Pts',(-3.74584148851923,7.12045083535846,-0.5));
#7124=CARTESIAN_POINT('Ctrl Pts',(-3.74584148851923,7.12045083535846,5.5));
#7125=CARTESIAN_POINT('Ctrl Pts',(-3.7507243750955,7.12282013405255,-0.5));
#7126=CARTESIAN_POINT('Ctrl Pts',(-3.7507243750955,7.12282013405255,5.5));
#7127=CARTESIAN_POINT('',(-2.42443672738869,6.013550908019,0.));
#7128=CARTESIAN_POINT('',(-3.7507243750955,7.12282013405255,0.));
#7129=CARTESIAN_POINT('Origin',(-2.07877639151869,5.15617814049947,0.));
#7130=CARTESIAN_POINT('',(-2.29593080113384,5.69480597201564,0.));
#7131=CARTESIAN_POINT('Origin',(-1.73945365244113,5.91915655254271,0.));
#7132=CARTESIAN_POINT('',(-1.57028586739308,5.34349844176693,0.));
#7133=CARTESIAN_POINT('Origin',(0.,0.,0.));
#7134=CARTESIAN_POINT('',(-1.31184176851737,5.41274832934926,0.));
#7135=CARTESIAN_POINT('Origin',(-1.45316722455171,5.99586676969967,0.));
#7136=CARTESIAN_POINT('',(-0.859068586894755,6.07981204195579,0.));
#7137=CARTESIAN_POINT('Origin',(-0.90715165822288,6.42010621698977,0.));
#7138=CARTESIAN_POINT('',(-0.90715165822288,6.42010621698977,0.));
#7139=CARTESIAN_POINT('Ctrl Pts',(-0.313187475600057,8.04390537022454,-0.5));
#7140=CARTESIAN_POINT('Ctrl Pts',(-0.313187475600057,8.04390537022454,5.5));
#7141=CARTESIAN_POINT('Ctrl Pts',(-0.31623153007186,8.03941205407817,-0.5));
#7142=CARTESIAN_POINT('Ctrl Pts',(-0.31623153007186,8.03941205407817,5.5));
#7143=CARTESIAN_POINT('Ctrl Pts',(-0.322303524068117,8.03042168088932,-0.5));
#7144=CARTESIAN_POINT('Ctrl Pts',(-0.322303524068117,8.03042168088932,5.5));
#7145=CARTESIAN_POINT('Ctrl Pts',(-0.331363170220353,8.01692489842179,-0.5));
#7146=CARTESIAN_POINT('Ctrl Pts',(-0.331363170220353,8.01692489842179,5.5));
#7147=CARTESIAN_POINT('Ctrl Pts',(-0.343345976616105,7.99890673560413,-0.5));
#7148=CARTESIAN_POINT('Ctrl Pts',(-0.343345976616105,7.99890673560413,5.5));
#7149=CARTESIAN_POINT('Ctrl Pts',(-0.358163046702122,7.97634660729582,-0.5));
#7150=CARTESIAN_POINT('Ctrl Pts',(-0.358163046702122,7.97634660729582,5.5));
#7151=CARTESIAN_POINT('Ctrl Pts',(-0.372818296272026,7.95374911831087,-0.5));
#7152=CARTESIAN_POINT('Ctrl Pts',(-0.372818296272026,7.95374911831087,5.5));
#7153=CARTESIAN_POINT('Ctrl Pts',(-0.387311202242901,7.93111445438293,-0.5));
#7154=CARTESIAN_POINT('Ctrl Pts',(-0.387311202242901,7.93111445438293,5.5));
#7155=CARTESIAN_POINT('Ctrl Pts',(-0.40164110976165,7.90844297327769,-0.5));
#7156=CARTESIAN_POINT('Ctrl Pts',(-0.40164110976165,7.90844297327769,5.5));
#7157=CARTESIAN_POINT('Ctrl Pts',(-0.415807239642697,7.88573526609423,-0.5));
#7158=CARTESIAN_POINT('Ctrl Pts',(-0.415807239642697,7.88573526609423,5.5));
#7159=CARTESIAN_POINT('Ctrl Pts',(-0.429808718159517,7.86299210035576,-0.5));
#7160=CARTESIAN_POINT('Ctrl Pts',(-0.429808718159517,7.86299210035576,5.5));
#7161=CARTESIAN_POINT('Ctrl Pts',(-0.443644609440336,7.84021435087634,-0.5));
#7162=CARTESIAN_POINT('Ctrl Pts',(-0.443644609440336,7.84021435087634,5.5));
#7163=CARTESIAN_POINT('Ctrl Pts',(-0.457313949184186,7.81740293354563,-0.5));
#7164=CARTESIAN_POINT('Ctrl Pts',(-0.457313949184186,7.81740293354563,5.5));
#7165=CARTESIAN_POINT('Ctrl Pts',(-0.470815776301977,7.79455874244928,-0.5));
#7166=CARTESIAN_POINT('Ctrl Pts',(-0.470815776301977,7.79455874244928,5.5));
#7167=CARTESIAN_POINT('Ctrl Pts',(-0.484149173653466,7.77168257484129,-0.5));
#7168=CARTESIAN_POINT('Ctrl Pts',(-0.484149173653466,7.77168257484129,5.5));
#7169=CARTESIAN_POINT('Ctrl Pts',(-0.497313252795215,7.74877514556158,-0.5));
#7170=CARTESIAN_POINT('Ctrl Pts',(-0.497313252795215,7.74877514556158,5.5));
#7171=CARTESIAN_POINT('Ctrl Pts',(-0.5103071264134,7.72583712276135,-0.5));
#7172=CARTESIAN_POINT('Ctrl Pts',(-0.5103071264134,7.72583712276135,5.5));
#7173=CARTESIAN_POINT('Ctrl Pts',(-0.523129885150075,7.70286915756226,-0.5));
#7174=CARTESIAN_POINT('Ctrl Pts',(-0.523129885150075,7.70286915756226,5.5));
#7175=CARTESIAN_POINT('Ctrl Pts',(-0.535780576080235,7.6798719140331,-0.5));
#7176=CARTESIAN_POINT('Ctrl Pts',(-0.535780576080235,7.6798719140331,5.5));
#7177=CARTESIAN_POINT('Ctrl Pts',(-0.548258175947975,7.65684610542876,-0.5));
#7178=CARTESIAN_POINT('Ctrl Pts',(-0.548258175947975,7.65684610542876,5.5));
#7179=CARTESIAN_POINT('Ctrl Pts',(-0.56056160158115,7.63379249140354,-0.5));
#7180=CARTESIAN_POINT('Ctrl Pts',(-0.56056160158115,7.63379249140354,5.5));
#7181=CARTESIAN_POINT('Ctrl Pts',(-0.572689733904961,7.61071186060966,-0.5));
#7182=CARTESIAN_POINT('Ctrl Pts',(-0.572689733904961,7.61071186060966,5.5));
#7183=CARTESIAN_POINT('Ctrl Pts',(-0.584641440571025,7.58760501779217,-0.5));
#7184=CARTESIAN_POINT('Ctrl Pts',(-0.584641440571025,7.58760501779217,5.5));
#7185=CARTESIAN_POINT('Ctrl Pts',(-0.59641559611756,7.56447277044292,-0.5));
#7186=CARTESIAN_POINT('Ctrl Pts',(-0.59641559611756,7.56447277044292,5.5));
#7187=CARTESIAN_POINT('Ctrl Pts',(-0.608011115336902,7.54131591281092,-0.5));
#7188=CARTESIAN_POINT('Ctrl Pts',(-0.608011115336902,7.54131591281092,5.5));
#7189=CARTESIAN_POINT('Ctrl Pts',(-0.619426927356792,7.51813522678576,-0.5));
#7190=CARTESIAN_POINT('Ctrl Pts',(-0.619426927356792,7.51813522678576,5.5));
#7191=CARTESIAN_POINT('Ctrl Pts',(-0.630661922416644,7.49493149140951,-0.5));
#7192=CARTESIAN_POINT('Ctrl Pts',(-0.630661922416644,7.49493149140951,5.5));
#7193=CARTESIAN_POINT('Ctrl Pts',(-0.641714904684869,7.47170549021206,-0.5));
#7194=CARTESIAN_POINT('Ctrl Pts',(-0.641714904684869,7.47170549021206,5.5));
#7195=CARTESIAN_POINT('Ctrl Pts',(-0.652584552089804,7.44845801875727,-0.5));
#7196=CARTESIAN_POINT('Ctrl Pts',(-0.652584552089804,7.44845801875727,5.5));
#7197=CARTESIAN_POINT('Ctrl Pts',(-0.663269353663903,7.42518989444757,-0.5));
#7198=CARTESIAN_POINT('Ctrl Pts',(-0.663269353663903,7.42518989444757,5.5));
#7199=CARTESIAN_POINT('Ctrl Pts',(-0.673767653616531,7.40190195539557,-0.5));
#7200=CARTESIAN_POINT('Ctrl Pts',(-0.673767653616531,7.40190195539557,5.5));
#7201=CARTESIAN_POINT('Ctrl Pts',(-0.684077755798165,7.3785950527577,-0.5));
#7202=CARTESIAN_POINT('Ctrl Pts',(-0.684077755798165,7.3785950527577,5.5));
#7203=CARTESIAN_POINT('Ctrl Pts',(-0.694198020142615,7.35527004474724,-0.5));
#7204=CARTESIAN_POINT('Ctrl Pts',(-0.694198020142615,7.35527004474724,5.5));
#7205=CARTESIAN_POINT('Ctrl Pts',(-0.704126943598497,7.33192779114585,-0.5));
#7206=CARTESIAN_POINT('Ctrl Pts',(-0.704126943598497,7.33192779114585,5.5));
#7207=CARTESIAN_POINT('Ctrl Pts',(-0.713863299501327,7.30856914516286,-0.5));
#7208=CARTESIAN_POINT('Ctrl Pts',(-0.713863299501327,7.30856914516286,5.5));
#7209=CARTESIAN_POINT('Ctrl Pts',(-0.723406030529254,7.28519495803936,-0.5));
#7210=CARTESIAN_POINT('Ctrl Pts',(-0.723406030529254,7.28519495803936,5.5));
#7211=CARTESIAN_POINT('Ctrl Pts',(-0.732753985316028,7.26180609196638,-0.5));
#7212=CARTESIAN_POINT('Ctrl Pts',(-0.732753985316028,7.26180609196638,5.5));
#7213=CARTESIAN_POINT('Ctrl Pts',(-0.741905681965996,7.23840343157706,-0.5));
#7214=CARTESIAN_POINT('Ctrl Pts',(-0.741905681965996,7.23840343157706,5.5));
#7215=CARTESIAN_POINT('Ctrl Pts',(-0.750859107449479,7.21498789410649,-0.5));
#7216=CARTESIAN_POINT('Ctrl Pts',(-0.750859107449479,7.21498789410649,5.5));
#7217=CARTESIAN_POINT('Ctrl Pts',(-0.75961138875356,7.19156044536297,-0.5));
#7218=CARTESIAN_POINT('Ctrl Pts',(-0.75961138875356,7.19156044536297,5.5));
#7219=CARTESIAN_POINT('Ctrl Pts',(-0.768159016457242,7.1681220910755,-0.5));
#7220=CARTESIAN_POINT('Ctrl Pts',(-0.768159016457242,7.1681220910755,5.5));
#7221=CARTESIAN_POINT('Ctrl Pts',(-0.77649843338025,7.14467385191801,-0.5));
#7222=CARTESIAN_POINT('Ctrl Pts',(-0.77649843338025,7.14467385191801,5.5));
#7223=CARTESIAN_POINT('Ctrl Pts',(-0.784626566359105,7.12121674131662,-0.5));
#7224=CARTESIAN_POINT('Ctrl Pts',(-0.784626566359105,7.12121674131662,5.5));
#7225=CARTESIAN_POINT('Ctrl Pts',(-0.792541274106697,7.09775174688353,-0.5));
#7226=CARTESIAN_POINT('Ctrl Pts',(-0.792541274106697,7.09775174688353,5.5));
#7227=CARTESIAN_POINT('Ctrl Pts',(-0.80024210469829,7.0742797986884,-0.5));
#7228=CARTESIAN_POINT('Ctrl Pts',(-0.80024210469829,7.0742797986884,5.5));
#7229=CARTESIAN_POINT('Ctrl Pts',(-0.807729722794658,7.05080179481158,-0.5));
#7230=CARTESIAN_POINT('Ctrl Pts',(-0.807729722794658,7.05080179481158,5.5));
#7231=CARTESIAN_POINT('Ctrl Pts',(-0.815004487612946,7.02731866356643,-0.5));
#7232=CARTESIAN_POINT('Ctrl Pts',(-0.815004487612946,7.02731866356643,5.5));
#7233=CARTESIAN_POINT('Ctrl Pts',(-0.822065170286231,7.00383141973208,-0.5));
#7234=CARTESIAN_POINT('Ctrl Pts',(-0.822065170286231,7.00383141973208,5.5));
#7235=CARTESIAN_POINT('Ctrl Pts',(-0.828907865645332,6.9803412127244,-0.5));
#7236=CARTESIAN_POINT('Ctrl Pts',(-0.828907865645332,6.9803412127244,5.5));
#7237=CARTESIAN_POINT('Ctrl Pts',(-0.835524191667621,6.95684940497902,-0.5));
#7238=CARTESIAN_POINT('Ctrl Pts',(-0.835524191667621,6.95684940497902,5.5));
#7239=CARTESIAN_POINT('Ctrl Pts',(-0.84190269431815,6.93335751477297,-0.5));
#7240=CARTESIAN_POINT('Ctrl Pts',(-0.84190269431815,6.93335751477297,5.5));
#7241=CARTESIAN_POINT('Ctrl Pts',(-0.848032080182033,6.90986708187115,-0.5));
#7242=CARTESIAN_POINT('Ctrl Pts',(-0.848032080182033,6.90986708187115,5.5));
#7243=CARTESIAN_POINT('Ctrl Pts',(-0.853904157913483,6.88637954538076,-0.5));
#7244=CARTESIAN_POINT('Ctrl Pts',(-0.853904157913483,6.88637954538076,5.5));
#7245=CARTESIAN_POINT('Ctrl Pts',(-0.859516323825147,6.86289614142964,-0.5));
#7246=CARTESIAN_POINT('Ctrl Pts',(-0.859516323825147,6.86289614142964,5.5));
#7247=CARTESIAN_POINT('Ctrl Pts',(-0.864875709530408,6.83941772944835,-0.5));
#7248=CARTESIAN_POINT('Ctrl Pts',(-0.864875709530408,6.83941772944835,5.5));
#7249=CARTESIAN_POINT('Ctrl Pts',(-0.869995291804869,6.81594496396828,-0.5));
#7250=CARTESIAN_POINT('Ctrl Pts',(-0.869995291804869,6.81594496396828,5.5));
#7251=CARTESIAN_POINT('Ctrl Pts',(-0.874886221356462,6.79247862919114,-0.5));
#7252=CARTESIAN_POINT('Ctrl Pts',(-0.874886221356462,6.79247862919114,5.5));
#7253=CARTESIAN_POINT('Ctrl Pts',(-0.879550777930927,6.76901994628675,-0.5));
#7254=CARTESIAN_POINT('Ctrl Pts',(-0.879550777930927,6.76901994628675,5.5));
#7255=CARTESIAN_POINT('Ctrl Pts',(-0.88397630624078,6.74557083961386,-0.5));
#7256=CARTESIAN_POINT('Ctrl Pts',(-0.88397630624078,6.74557083961386,5.5));
#7257=CARTESIAN_POINT('Ctrl Pts',(-0.888125543974225,6.72213435550073,-0.5));
#7258=CARTESIAN_POINT('Ctrl Pts',(-0.888125543974225,6.72213435550073,5.5));
#7259=CARTESIAN_POINT('Ctrl Pts',(-0.891946890586321,6.69871423921015,-0.5));
#7260=CARTESIAN_POINT('Ctrl Pts',(-0.891946890586321,6.69871423921015,5.5));
#7261=CARTESIAN_POINT('Ctrl Pts',(-0.895391678549426,6.67531421972684,-0.5));
#7262=CARTESIAN_POINT('Ctrl Pts',(-0.895391678549426,6.67531421972684,5.5));
#7263=CARTESIAN_POINT('Ctrl Pts',(-0.898430271836105,6.6519373371481,-0.5));
#7264=CARTESIAN_POINT('Ctrl Pts',(-0.898430271836105,6.6519373371481,5.5));
#7265=CARTESIAN_POINT('Ctrl Pts',(-0.9010661787369,6.62858537017198,-0.5));
#7266=CARTESIAN_POINT('Ctrl Pts',(-0.9010661787369,6.62858537017198,5.5));
#7267=CARTESIAN_POINT('Ctrl Pts',(-0.903357522037562,6.60525791195515,-0.5));
#7268=CARTESIAN_POINT('Ctrl Pts',(-0.903357522037562,6.60525791195515,5.5));
#7269=CARTESIAN_POINT('Ctrl Pts',(-0.905386776363814,6.58195390072161,-0.5));
#7270=CARTESIAN_POINT('Ctrl Pts',(-0.905386776363814,6.58195390072161,5.5));
#7271=CARTESIAN_POINT('Ctrl Pts',(-0.907218416175499,6.5586737175737,-0.5));
#7272=CARTESIAN_POINT('Ctrl Pts',(-0.907218416175499,6.5586737175737,5.5));
#7273=CARTESIAN_POINT('Ctrl Pts',(-0.908859323612598,6.53542116725981,-0.5));
#7274=CARTESIAN_POINT('Ctrl Pts',(-0.908859323612598,6.53542116725981,5.5));
#7275=CARTESIAN_POINT('Ctrl Pts',(-0.910221050248128,6.5122053410738,-0.5));
#7276=CARTESIAN_POINT('Ctrl Pts',(-0.910221050248128,6.5122053410738,5.5));
#7277=CARTESIAN_POINT('Ctrl Pts',(-0.911072987219754,6.4890429911396,-0.5));
#7278=CARTESIAN_POINT('Ctrl Pts',(-0.911072987219754,6.4890429911396,5.5));
#7279=CARTESIAN_POINT('Ctrl Pts',(-0.911105068738671,6.46595481719808,-0.5));
#7280=CARTESIAN_POINT('Ctrl Pts',(-0.911105068738671,6.46595481719808,5.5));
#7281=CARTESIAN_POINT('Ctrl Pts',(-0.910223780411021,6.44755978970361,-0.5));
#7282=CARTESIAN_POINT('Ctrl Pts',(-0.910223780411021,6.44755978970361,5.5));
#7283=CARTESIAN_POINT('Ctrl Pts',(-0.908941672619339,6.43381299344649,-0.5));
#7284=CARTESIAN_POINT('Ctrl Pts',(-0.908941672619339,6.43381299344649,5.5));
#7285=CARTESIAN_POINT('Ctrl Pts',(-0.907796702189696,6.42467133104104,-0.5));
#7286=CARTESIAN_POINT('Ctrl Pts',(-0.907796702189696,6.42467133104104,5.5));
#7287=CARTESIAN_POINT('Ctrl Pts',(-0.90715165822288,6.42010621698977,-0.5));
#7288=CARTESIAN_POINT('Ctrl Pts',(-0.90715165822288,6.42010621698977,5.5));
#7289=CARTESIAN_POINT('',(-0.313187475600046,8.04390537022454,0.));
#7290=CARTESIAN_POINT('Ctrl Pts',(0.907151658222881,6.42010621698978,-0.5));
#7291=CARTESIAN_POINT('Ctrl Pts',(0.907151658222881,6.42010621698978,5.5));
#7292=CARTESIAN_POINT('Ctrl Pts',(0.907796702189697,6.42467133104104,-0.5));
#7293=CARTESIAN_POINT('Ctrl Pts',(0.907796702189697,6.42467133104104,5.5));
#7294=CARTESIAN_POINT('Ctrl Pts',(0.908941672619341,6.43381299344649,-0.5));
#7295=CARTESIAN_POINT('Ctrl Pts',(0.908941672619341,6.43381299344649,5.5));
#7296=CARTESIAN_POINT('Ctrl Pts',(0.910223780411022,6.44755978970361,-0.5));
#7297=CARTESIAN_POINT('Ctrl Pts',(0.910223780411022,6.44755978970361,5.5));
#7298=CARTESIAN_POINT('Ctrl Pts',(0.911105068738672,6.46595481719808,-0.5));
#7299=CARTESIAN_POINT('Ctrl Pts',(0.911105068738672,6.46595481719808,5.5));
#7300=CARTESIAN_POINT('Ctrl Pts',(0.911072987219754,6.4890429911396,-0.5));
#7301=CARTESIAN_POINT('Ctrl Pts',(0.911072987219754,6.4890429911396,5.5));
#7302=CARTESIAN_POINT('Ctrl Pts',(0.910221050248129,6.5122053410738,-0.5));
#7303=CARTESIAN_POINT('Ctrl Pts',(0.910221050248129,6.5122053410738,5.5));
#7304=CARTESIAN_POINT('Ctrl Pts',(0.9088593236126,6.53542116725981,-0.5));
#7305=CARTESIAN_POINT('Ctrl Pts',(0.9088593236126,6.53542116725981,5.5));
#7306=CARTESIAN_POINT('Ctrl Pts',(0.9072184161755,6.5586737175737,-0.5));
#7307=CARTESIAN_POINT('Ctrl Pts',(0.9072184161755,6.5586737175737,5.5));
#7308=CARTESIAN_POINT('Ctrl Pts',(0.905386776363815,6.58195390072161,-0.5));
#7309=CARTESIAN_POINT('Ctrl Pts',(0.905386776363815,6.58195390072161,5.5));
#7310=CARTESIAN_POINT('Ctrl Pts',(0.903357522037564,6.60525791195515,-0.5));
#7311=CARTESIAN_POINT('Ctrl Pts',(0.903357522037564,6.60525791195515,5.5));
#7312=CARTESIAN_POINT('Ctrl Pts',(0.901066178736901,6.62858537017199,-0.5));
#7313=CARTESIAN_POINT('Ctrl Pts',(0.901066178736901,6.62858537017199,5.5));
#7314=CARTESIAN_POINT('Ctrl Pts',(0.898430271836106,6.6519373371481,-0.5));
#7315=CARTESIAN_POINT('Ctrl Pts',(0.898430271836106,6.6519373371481,5.5));
#7316=CARTESIAN_POINT('Ctrl Pts',(0.895391678549427,6.67531421972684,-0.5));
#7317=CARTESIAN_POINT('Ctrl Pts',(0.895391678549427,6.67531421972684,5.5));
#7318=CARTESIAN_POINT('Ctrl Pts',(0.891946890586323,6.69871423921015,-0.5));
#7319=CARTESIAN_POINT('Ctrl Pts',(0.891946890586323,6.69871423921015,5.5));
#7320=CARTESIAN_POINT('Ctrl Pts',(0.888125543974226,6.72213435550073,-0.5));
#7321=CARTESIAN_POINT('Ctrl Pts',(0.888125543974226,6.72213435550073,5.5));
#7322=CARTESIAN_POINT('Ctrl Pts',(0.883976306240782,6.74557083961386,-0.5));
#7323=CARTESIAN_POINT('Ctrl Pts',(0.883976306240782,6.74557083961386,5.5));
#7324=CARTESIAN_POINT('Ctrl Pts',(0.879550777930928,6.76901994628675,-0.5));
#7325=CARTESIAN_POINT('Ctrl Pts',(0.879550777930928,6.76901994628675,5.5));
#7326=CARTESIAN_POINT('Ctrl Pts',(0.874886221356462,6.79247862919114,-0.5));
#7327=CARTESIAN_POINT('Ctrl Pts',(0.874886221356462,6.79247862919114,5.5));
#7328=CARTESIAN_POINT('Ctrl Pts',(0.86999529180487,6.81594496396828,-0.5));
#7329=CARTESIAN_POINT('Ctrl Pts',(0.86999529180487,6.81594496396828,5.5));
#7330=CARTESIAN_POINT('Ctrl Pts',(0.864875709530408,6.83941772944835,-0.5));
#7331=CARTESIAN_POINT('Ctrl Pts',(0.864875709530408,6.83941772944835,5.5));
#7332=CARTESIAN_POINT('Ctrl Pts',(0.859516323825147,6.86289614142964,-0.5));
#7333=CARTESIAN_POINT('Ctrl Pts',(0.859516323825147,6.86289614142964,5.5));
#7334=CARTESIAN_POINT('Ctrl Pts',(0.853904157913484,6.88637954538076,-0.5));
#7335=CARTESIAN_POINT('Ctrl Pts',(0.853904157913484,6.88637954538076,5.5));
#7336=CARTESIAN_POINT('Ctrl Pts',(0.848032080182035,6.90986708187115,-0.5));
#7337=CARTESIAN_POINT('Ctrl Pts',(0.848032080182035,6.90986708187115,5.5));
#7338=CARTESIAN_POINT('Ctrl Pts',(0.841902694318151,6.93335751477297,-0.5));
#7339=CARTESIAN_POINT('Ctrl Pts',(0.841902694318151,6.93335751477297,5.5));
#7340=CARTESIAN_POINT('Ctrl Pts',(0.835524191667622,6.95684940497902,-0.5));
#7341=CARTESIAN_POINT('Ctrl Pts',(0.835524191667622,6.95684940497902,5.5));
#7342=CARTESIAN_POINT('Ctrl Pts',(0.828907865645333,6.9803412127244,-0.5));
#7343=CARTESIAN_POINT('Ctrl Pts',(0.828907865645333,6.9803412127244,5.5));
#7344=CARTESIAN_POINT('Ctrl Pts',(0.822065170286232,7.00383141973208,-0.5));
#7345=CARTESIAN_POINT('Ctrl Pts',(0.822065170286232,7.00383141973208,5.5));
#7346=CARTESIAN_POINT('Ctrl Pts',(0.815004487612948,7.02731866356643,-0.5));
#7347=CARTESIAN_POINT('Ctrl Pts',(0.815004487612948,7.02731866356643,5.5));
#7348=CARTESIAN_POINT('Ctrl Pts',(0.807729722794659,7.05080179481158,-0.5));
#7349=CARTESIAN_POINT('Ctrl Pts',(0.807729722794659,7.05080179481158,5.5));
#7350=CARTESIAN_POINT('Ctrl Pts',(0.800242104698292,7.0742797986884,-0.5));
#7351=CARTESIAN_POINT('Ctrl Pts',(0.800242104698292,7.0742797986884,5.5));
#7352=CARTESIAN_POINT('Ctrl Pts',(0.792541274106698,7.09775174688353,-0.5));
#7353=CARTESIAN_POINT('Ctrl Pts',(0.792541274106698,7.09775174688353,5.5));
#7354=CARTESIAN_POINT('Ctrl Pts',(0.784626566359106,7.12121674131662,-0.5));
#7355=CARTESIAN_POINT('Ctrl Pts',(0.784626566359106,7.12121674131662,5.5));
#7356=CARTESIAN_POINT('Ctrl Pts',(0.776498433380252,7.14467385191801,-0.5));
#7357=CARTESIAN_POINT('Ctrl Pts',(0.776498433380252,7.14467385191801,5.5));
#7358=CARTESIAN_POINT('Ctrl Pts',(0.768159016457243,7.1681220910755,-0.5));
#7359=CARTESIAN_POINT('Ctrl Pts',(0.768159016457243,7.1681220910755,5.5));
#7360=CARTESIAN_POINT('Ctrl Pts',(0.759611388753561,7.19156044536297,-0.5));
#7361=CARTESIAN_POINT('Ctrl Pts',(0.759611388753561,7.19156044536297,5.5));
#7362=CARTESIAN_POINT('Ctrl Pts',(0.75085910744948,7.21498789410648,-0.5));
#7363=CARTESIAN_POINT('Ctrl Pts',(0.75085910744948,7.21498789410648,5.5));
#7364=CARTESIAN_POINT('Ctrl Pts',(0.741905681965997,7.23840343157706,-0.5));
#7365=CARTESIAN_POINT('Ctrl Pts',(0.741905681965997,7.23840343157706,5.5));
#7366=CARTESIAN_POINT('Ctrl Pts',(0.732753985316029,7.26180609196637,-0.5));
#7367=CARTESIAN_POINT('Ctrl Pts',(0.732753985316029,7.26180609196637,5.5));
#7368=CARTESIAN_POINT('Ctrl Pts',(0.723406030529256,7.28519495803936,-0.5));
#7369=CARTESIAN_POINT('Ctrl Pts',(0.723406030529256,7.28519495803936,5.5));
#7370=CARTESIAN_POINT('Ctrl Pts',(0.713863299501327,7.30856914516286,-0.5));
#7371=CARTESIAN_POINT('Ctrl Pts',(0.713863299501327,7.30856914516286,5.5));
#7372=CARTESIAN_POINT('Ctrl Pts',(0.704126943598499,7.33192779114585,-0.5));
#7373=CARTESIAN_POINT('Ctrl Pts',(0.704126943598499,7.33192779114585,5.5));
#7374=CARTESIAN_POINT('Ctrl Pts',(0.694198020142615,7.35527004474723,-0.5));
#7375=CARTESIAN_POINT('Ctrl Pts',(0.694198020142615,7.35527004474723,5.5));
#7376=CARTESIAN_POINT('Ctrl Pts',(0.684077755798166,7.3785950527577,-0.5));
#7377=CARTESIAN_POINT('Ctrl Pts',(0.684077755798166,7.3785950527577,5.5));
#7378=CARTESIAN_POINT('Ctrl Pts',(0.673767653616532,7.40190195539557,-0.5));
#7379=CARTESIAN_POINT('Ctrl Pts',(0.673767653616532,7.40190195539557,5.5));
#7380=CARTESIAN_POINT('Ctrl Pts',(0.663269353663905,7.42518989444757,-0.5));
#7381=CARTESIAN_POINT('Ctrl Pts',(0.663269353663905,7.42518989444757,5.5));
#7382=CARTESIAN_POINT('Ctrl Pts',(0.652584552089806,7.44845801875727,-0.5));
#7383=CARTESIAN_POINT('Ctrl Pts',(0.652584552089806,7.44845801875727,5.5));
#7384=CARTESIAN_POINT('Ctrl Pts',(0.64171490468487,7.47170549021206,-0.5));
#7385=CARTESIAN_POINT('Ctrl Pts',(0.64171490468487,7.47170549021206,5.5));
#7386=CARTESIAN_POINT('Ctrl Pts',(0.630661922416645,7.49493149140951,-0.5));
#7387=CARTESIAN_POINT('Ctrl Pts',(0.630661922416645,7.49493149140951,5.5));
#7388=CARTESIAN_POINT('Ctrl Pts',(0.619426927356793,7.51813522678576,-0.5));
#7389=CARTESIAN_POINT('Ctrl Pts',(0.619426927356793,7.51813522678576,5.5));
#7390=CARTESIAN_POINT('Ctrl Pts',(0.608011115336903,7.54131591281093,-0.5));
#7391=CARTESIAN_POINT('Ctrl Pts',(0.608011115336903,7.54131591281093,5.5));
#7392=CARTESIAN_POINT('Ctrl Pts',(0.596415596117561,7.56447277044292,-0.5));
#7393=CARTESIAN_POINT('Ctrl Pts',(0.596415596117561,7.56447277044292,5.5));
#7394=CARTESIAN_POINT('Ctrl Pts',(0.584641440571027,7.58760501779217,-0.5));
#7395=CARTESIAN_POINT('Ctrl Pts',(0.584641440571027,7.58760501779217,5.5));
#7396=CARTESIAN_POINT('Ctrl Pts',(0.572689733904962,7.61071186060966,-0.5));
#7397=CARTESIAN_POINT('Ctrl Pts',(0.572689733904962,7.61071186060966,5.5));
#7398=CARTESIAN_POINT('Ctrl Pts',(0.560561601581151,7.63379249140354,-0.5));
#7399=CARTESIAN_POINT('Ctrl Pts',(0.560561601581151,7.63379249140354,5.5));
#7400=CARTESIAN_POINT('Ctrl Pts',(0.548258175947977,7.65684610542876,-0.5));
#7401=CARTESIAN_POINT('Ctrl Pts',(0.548258175947977,7.65684610542876,5.5));
#7402=CARTESIAN_POINT('Ctrl Pts',(0.535780576080236,7.6798719140331,-0.5));
#7403=CARTESIAN_POINT('Ctrl Pts',(0.535780576080236,7.6798719140331,5.5));
#7404=CARTESIAN_POINT('Ctrl Pts',(0.523129885150077,7.70286915756226,-0.5));
#7405=CARTESIAN_POINT('Ctrl Pts',(0.523129885150077,7.70286915756226,5.5));
#7406=CARTESIAN_POINT('Ctrl Pts',(0.510307126413401,7.72583712276135,-0.5));
#7407=CARTESIAN_POINT('Ctrl Pts',(0.510307126413401,7.72583712276135,5.5));
#7408=CARTESIAN_POINT('Ctrl Pts',(0.497313252795217,7.74877514556158,-0.5));
#7409=CARTESIAN_POINT('Ctrl Pts',(0.497313252795217,7.74877514556158,5.5));
#7410=CARTESIAN_POINT('Ctrl Pts',(0.484149173653468,7.77168257484129,-0.5));
#7411=CARTESIAN_POINT('Ctrl Pts',(0.484149173653468,7.77168257484129,5.5));
#7412=CARTESIAN_POINT('Ctrl Pts',(0.470815776301977,7.79455874244928,-0.5));
#7413=CARTESIAN_POINT('Ctrl Pts',(0.470815776301977,7.79455874244928,5.5));
#7414=CARTESIAN_POINT('Ctrl Pts',(0.457313949184187,7.81740293354563,-0.5));
#7415=CARTESIAN_POINT('Ctrl Pts',(0.457313949184187,7.81740293354563,5.5));
#7416=CARTESIAN_POINT('Ctrl Pts',(0.443644609440337,7.84021435087634,-0.5));
#7417=CARTESIAN_POINT('Ctrl Pts',(0.443644609440337,7.84021435087634,5.5));
#7418=CARTESIAN_POINT('Ctrl Pts',(0.429808718159518,7.86299210035576,-0.5));
#7419=CARTESIAN_POINT('Ctrl Pts',(0.429808718159518,7.86299210035576,5.5));
#7420=CARTESIAN_POINT('Ctrl Pts',(0.415807239642699,7.88573526609423,-0.5));
#7421=CARTESIAN_POINT('Ctrl Pts',(0.415807239642699,7.88573526609423,5.5));
#7422=CARTESIAN_POINT('Ctrl Pts',(0.401641109761651,7.90844297327769,-0.5));
#7423=CARTESIAN_POINT('Ctrl Pts',(0.401641109761651,7.90844297327769,5.5));
#7424=CARTESIAN_POINT('Ctrl Pts',(0.387311202242903,7.93111445438293,-0.5));
#7425=CARTESIAN_POINT('Ctrl Pts',(0.387311202242903,7.93111445438293,5.5));
#7426=CARTESIAN_POINT('Ctrl Pts',(0.372818296272027,7.95374911831087,-0.5));
#7427=CARTESIAN_POINT('Ctrl Pts',(0.372818296272027,7.95374911831087,5.5));
#7428=CARTESIAN_POINT('Ctrl Pts',(0.358163046702124,7.97634660729582,-0.5));
#7429=CARTESIAN_POINT('Ctrl Pts',(0.358163046702124,7.97634660729582,5.5));
#7430=CARTESIAN_POINT('Ctrl Pts',(0.343345976616106,7.99890673560413,-0.5));
#7431=CARTESIAN_POINT('Ctrl Pts',(0.343345976616106,7.99890673560413,5.5));
#7432=CARTESIAN_POINT('Ctrl Pts',(0.331363170220354,8.01692489842179,-0.5));
#7433=CARTESIAN_POINT('Ctrl Pts',(0.331363170220354,8.01692489842179,5.5));
#7434=CARTESIAN_POINT('Ctrl Pts',(0.322303524068118,8.03042168088932,-0.5));
#7435=CARTESIAN_POINT('Ctrl Pts',(0.322303524068118,8.03042168088932,5.5));
#7436=CARTESIAN_POINT('Ctrl Pts',(0.31623153007186,8.03941205407817,-0.5));
#7437=CARTESIAN_POINT('Ctrl Pts',(0.31623153007186,8.03941205407817,5.5));
#7438=CARTESIAN_POINT('Ctrl Pts',(0.313187475600059,8.04390537022454,-0.5));
#7439=CARTESIAN_POINT('Ctrl Pts',(0.313187475600059,8.04390537022454,5.5));
#7440=CARTESIAN_POINT('',(0.907151658222881,6.42010621698978,0.));
#7441=CARTESIAN_POINT('',(0.313187475600058,8.04390537022454,0.));
#7442=CARTESIAN_POINT('Origin',(0.777815906407205,5.50476945186989,0.));
#7443=CARTESIAN_POINT('',(0.859068586894755,6.07981204195579,0.));
#7444=CARTESIAN_POINT('Origin',(1.45316722455171,5.99586676969967,0.));
#7445=CARTESIAN_POINT('',(1.31184176851737,5.41274832934926,0.));
#7446=CARTESIAN_POINT('Origin',(0.,0.,0.));
#7447=CARTESIAN_POINT('',(1.57028586739308,5.34349844176693,0.));
#7448=CARTESIAN_POINT('Origin',(1.73945365244113,5.9191565525427,0.));
#7449=CARTESIAN_POINT('',(2.29593080113384,5.69480597201563,0.));
#7450=CARTESIAN_POINT('Origin',(2.4244367273887,6.01355090801899,0.));
#7451=CARTESIAN_POINT('',(2.4244367273887,6.01355090801899,0.));
#7452=CARTESIAN_POINT('Ctrl Pts',(3.7507243750955,7.12282013405255,-0.5));
#7453=CARTESIAN_POINT('Ctrl Pts',(3.7507243750955,7.12282013405255,5.5));
#7454=CARTESIAN_POINT('Ctrl Pts',(3.74584148851923,7.12045083535846,-0.5));
#7455=CARTESIAN_POINT('Ctrl Pts',(3.74584148851923,7.12045083535846,5.5));
#7456=CARTESIAN_POINT('Ctrl Pts',(3.73608780087242,7.11570094078554,-0.5));
#7457=CARTESIAN_POINT('Ctrl Pts',(3.73608780087242,7.11570094078554,5.5));
#7458=CARTESIAN_POINT('Ctrl Pts',(3.72149352592152,7.10854220737543,-0.5));
#7459=CARTESIAN_POINT('Ctrl Pts',(3.72149352592152,7.10854220737543,5.5));
#7460=CARTESIAN_POINT('Ctrl Pts',(3.70210702976534,7.09892942384368,-0.5));
#7461=CARTESIAN_POINT('Ctrl Pts',(3.70210702976534,7.09892942384368,5.5));
#7462=CARTESIAN_POINT('Ctrl Pts',(3.67799500650704,7.08680031465906,-0.5));
#7463=CARTESIAN_POINT('Ctrl Pts',(3.67799500650704,7.08680031465906,5.5));
#7464=CARTESIAN_POINT('Ctrl Pts',(3.65400444358822,7.0745579399213,-0.5));
#7465=CARTESIAN_POINT('Ctrl Pts',(3.65400444358822,7.0745579399213,5.5));
#7466=CARTESIAN_POINT('Ctrl Pts',(3.63013588687882,7.06220219893903,-0.5));
#7467=CARTESIAN_POINT('Ctrl Pts',(3.63013588687882,7.06220219893903,5.5));
#7468=CARTESIAN_POINT('Ctrl Pts',(3.60639008238108,7.04973307411984,-0.5));
#7469=CARTESIAN_POINT('Ctrl Pts',(3.60639008238108,7.04973307411984,5.5));
#7470=CARTESIAN_POINT('Ctrl Pts',(3.58276800043905,7.03715068777779,-0.5));
#7471=CARTESIAN_POINT('Ctrl Pts',(3.58276800043905,7.03715068777779,5.5));
#7472=CARTESIAN_POINT('Ctrl Pts',(3.55927078148371,7.02445526774421,-0.5));
#7473=CARTESIAN_POINT('Ctrl Pts',(3.55927078148371,7.02445526774421,5.5));
#7474=CARTESIAN_POINT('Ctrl Pts',(3.53589967341081,7.0116471036944,-0.5));
#7475=CARTESIAN_POINT('Ctrl Pts',(3.53589967341081,7.0116471036944,5.5));
#7476=CARTESIAN_POINT('Ctrl Pts',(3.51265596927433,6.99872650666161,-0.5));
#7477=CARTESIAN_POINT('Ctrl Pts',(3.51265596927433,6.99872650666161,5.5));
#7478=CARTESIAN_POINT('Ctrl Pts',(3.48954094844464,6.98569377040216,-0.5));
#7479=CARTESIAN_POINT('Ctrl Pts',(3.48954094844464,6.98569377040216,5.5));
#7480=CARTESIAN_POINT('Ctrl Pts',(3.4665558038155,6.97254912678815,-0.5));
#7481=CARTESIAN_POINT('Ctrl Pts',(3.4665558038155,6.97254912678815,5.5));
#7482=CARTESIAN_POINT('Ctrl Pts',(3.44370166222146,6.9592927506674,-0.5));
#7483=CARTESIAN_POINT('Ctrl Pts',(3.44370166222146,6.9592927506674,5.5));
#7484=CARTESIAN_POINT('Ctrl Pts',(3.42097962617443,6.9459247770189,-0.5));
#7485=CARTESIAN_POINT('Ctrl Pts',(3.42097962617443,6.9459247770189,5.5));
#7486=CARTESIAN_POINT('Ctrl Pts',(3.39839080876233,6.93244531505159,-0.5));
#7487=CARTESIAN_POINT('Ctrl Pts',(3.39839080876233,6.93244531505159,5.5));
#7488=CARTESIAN_POINT('Ctrl Pts',(3.37593636727681,6.9188544634034,-0.5));
#7489=CARTESIAN_POINT('Ctrl Pts',(3.37593636727681,6.9188544634034,5.5));
#7490=CARTESIAN_POINT('Ctrl Pts',(3.35361754451092,6.90515232814324,-0.5));
#7491=CARTESIAN_POINT('Ctrl Pts',(3.35361754451092,6.90515232814324,5.5));
#7492=CARTESIAN_POINT('Ctrl Pts',(3.3314356583464,6.89133902556494,-0.5));
#7493=CARTESIAN_POINT('Ctrl Pts',(3.3314356583464,6.89133902556494,5.5));
#7494=CARTESIAN_POINT('Ctrl Pts',(3.30939207225658,6.87741467912398,-0.5));
#7495=CARTESIAN_POINT('Ctrl Pts',(3.30939207225658,6.87741467912398,5.5));
#7496=CARTESIAN_POINT('Ctrl Pts',(3.28748816925645,6.86337941957581,-0.5));
#7497=CARTESIAN_POINT('Ctrl Pts',(3.28748816925645,6.86337941957581,5.5));
#7498=CARTESIAN_POINT('Ctrl Pts',(3.26572532777042,6.849233383498,-0.5));
#7499=CARTESIAN_POINT('Ctrl Pts',(3.26572532777042,6.849233383498,5.5));
#7500=CARTESIAN_POINT('Ctrl Pts',(3.2441048847404,6.83497671612654,-0.5));
#7501=CARTESIAN_POINT('Ctrl Pts',(3.2441048847404,6.83497671612654,5.5));
#7502=CARTESIAN_POINT('Ctrl Pts',(3.22262815851376,6.82060955916155,-0.5));
#7503=CARTESIAN_POINT('Ctrl Pts',(3.22262815851376,6.82060955916155,5.5));
#7504=CARTESIAN_POINT('Ctrl Pts',(3.20129649969241,6.80613203239295,-0.5));
#7505=CARTESIAN_POINT('Ctrl Pts',(3.20129649969241,6.80613203239295,5.5));
#7506=CARTESIAN_POINT('Ctrl Pts',(3.18011133566183,6.79154421646174,-0.5));
#7507=CARTESIAN_POINT('Ctrl Pts',(3.18011133566183,6.79154421646174,5.5));
#7508=CARTESIAN_POINT('Ctrl Pts',(3.15907420915158,6.77684613931061,-0.5));
#7509=CARTESIAN_POINT('Ctrl Pts',(3.15907420915158,6.77684613931061,5.5));
#7510=CARTESIAN_POINT('Ctrl Pts',(3.13818683739916,6.76203775334704,-0.5));
#7511=CARTESIAN_POINT('Ctrl Pts',(3.13818683739916,6.76203775334704,5.5));
#7512=CARTESIAN_POINT('Ctrl Pts',(3.11745107341763,6.74711895650254,-0.5));
#7513=CARTESIAN_POINT('Ctrl Pts',(3.11745107341763,6.74711895650254,5.5));
#7514=CARTESIAN_POINT('Ctrl Pts',(3.09686881169379,6.73208963782543,-0.5));
#7515=CARTESIAN_POINT('Ctrl Pts',(3.09686881169379,6.73208963782543,5.5));
#7516=CARTESIAN_POINT('Ctrl Pts',(3.07644190167325,6.71694972051712,-0.5));
#7517=CARTESIAN_POINT('Ctrl Pts',(3.07644190167325,6.71694972051712,5.5));
#7518=CARTESIAN_POINT('Ctrl Pts',(3.05617207492754,6.70169919764469,-0.5));
#7519=CARTESIAN_POINT('Ctrl Pts',(3.05617207492754,6.70169919764469,5.5));
#7520=CARTESIAN_POINT('Ctrl Pts',(3.0360608203839,6.68633819477682,-0.5));
#7521=CARTESIAN_POINT('Ctrl Pts',(3.0360608203839,6.68633819477682,5.5));
#7522=CARTESIAN_POINT('Ctrl Pts',(3.01610947933049,6.67086692044902,-0.5));
#7523=CARTESIAN_POINT('Ctrl Pts',(3.01610947933049,6.67086692044902,5.5));
#7524=CARTESIAN_POINT('Ctrl Pts',(2.99631947997522,6.65528554565749,-0.5));
#7525=CARTESIAN_POINT('Ctrl Pts',(2.99631947997522,6.65528554565749,5.5));
#7526=CARTESIAN_POINT('Ctrl Pts',(2.97669254799396,6.63959409556919,-0.5));
#7527=CARTESIAN_POINT('Ctrl Pts',(2.97669254799396,6.63959409556919,5.5));
#7528=CARTESIAN_POINT('Ctrl Pts',(2.95723088533908,6.62379235801815,-0.5));
#7529=CARTESIAN_POINT('Ctrl Pts',(2.95723088533908,6.62379235801815,5.5));
#7530=CARTESIAN_POINT('Ctrl Pts',(2.93793746301693,6.60787973291245,-0.5));
#7531=CARTESIAN_POINT('Ctrl Pts',(2.93793746301693,6.60787973291245,5.5));
#7532=CARTESIAN_POINT('Ctrl Pts',(2.91881582313971,6.59185533652843,-0.5));
#7533=CARTESIAN_POINT('Ctrl Pts',(2.91881582313971,6.59185533652843,5.5));
#7534=CARTESIAN_POINT('Ctrl Pts',(2.89986955665289,6.57571827420554,-0.5));
#7535=CARTESIAN_POINT('Ctrl Pts',(2.89986955665289,6.57571827420554,5.5));
#7536=CARTESIAN_POINT('Ctrl Pts',(2.88110183170717,6.55946788701478,-0.5));
#7537=CARTESIAN_POINT('Ctrl Pts',(2.88110183170717,6.55946788701478,5.5));
#7538=CARTESIAN_POINT('Ctrl Pts',(2.86251499651768,6.54310395960986,-0.5));
#7539=CARTESIAN_POINT('Ctrl Pts',(2.86251499651768,6.54310395960986,5.5));
#7540=CARTESIAN_POINT('Ctrl Pts',(2.84410990749756,6.52662707149237,-0.5));
#7541=CARTESIAN_POINT('Ctrl Pts',(2.84410990749756,6.52662707149237,5.5));
#7542=CARTESIAN_POINT('Ctrl Pts',(2.82588643807385,6.51003833275307,-0.5));
#7543=CARTESIAN_POINT('Ctrl Pts',(2.82588643807385,6.51003833275307,5.5));
#7544=CARTESIAN_POINT('Ctrl Pts',(2.80784474131208,6.49333872694351,-0.5));
#7545=CARTESIAN_POINT('Ctrl Pts',(2.80784474131208,6.49333872694351,5.5));
#7546=CARTESIAN_POINT('Ctrl Pts',(2.78998638883178,6.47652851845473,-0.5));
#7547=CARTESIAN_POINT('Ctrl Pts',(2.78998638883178,6.47652851845473,5.5));
#7548=CARTESIAN_POINT('Ctrl Pts',(2.77231533731661,6.45960675012547,-0.5));
#7549=CARTESIAN_POINT('Ctrl Pts',(2.77231533731661,6.45960675012547,5.5));
#7550=CARTESIAN_POINT('Ctrl Pts',(2.75483952702889,6.4425704108483,-0.5));
#7551=CARTESIAN_POINT('Ctrl Pts',(2.75483952702889,6.4425704108483,5.5));
#7552=CARTESIAN_POINT('Ctrl Pts',(2.7375696365924,6.42541508847221,-0.5));
#7553=CARTESIAN_POINT('Ctrl Pts',(2.7375696365924,6.42541508847221,5.5));
#7554=CARTESIAN_POINT('Ctrl Pts',(2.72051621627377,6.40813646976528,-0.5));
#7555=CARTESIAN_POINT('Ctrl Pts',(2.72051621627377,6.40813646976528,5.5));
#7556=CARTESIAN_POINT('Ctrl Pts',(2.70368707954015,6.39073170535801,-0.5));
#7557=CARTESIAN_POINT('Ctrl Pts',(2.70368707954015,6.39073170535801,5.5));
#7558=CARTESIAN_POINT('Ctrl Pts',(2.68708509931483,6.37320056392484,-0.5));
#7559=CARTESIAN_POINT('Ctrl Pts',(2.68708509931483,6.37320056392484,5.5));
#7560=CARTESIAN_POINT('Ctrl Pts',(2.67070452915475,6.35554735556116,-0.5));
#7561=CARTESIAN_POINT('Ctrl Pts',(2.67070452915475,6.35554735556116,5.5));
#7562=CARTESIAN_POINT('Ctrl Pts',(2.65453445810827,6.33777913549557,-0.5));
#7563=CARTESIAN_POINT('Ctrl Pts',(2.65453445810827,6.33777913549557,5.5));
#7564=CARTESIAN_POINT('Ctrl Pts',(2.6385656214799,6.31990215822066,-0.5));
#7565=CARTESIAN_POINT('Ctrl Pts',(2.6385656214799,6.31990215822066,5.5));
#7566=CARTESIAN_POINT('Ctrl Pts',(2.62279665553683,6.30191862117336,-0.5));
#7567=CARTESIAN_POINT('Ctrl Pts',(2.62279665553683,6.30191862117336,5.5));
#7568=CARTESIAN_POINT('Ctrl Pts',(2.60723948225888,6.28382386325352,-0.5));
#7569=CARTESIAN_POINT('Ctrl Pts',(2.60723948225888,6.28382386325352,5.5));
#7570=CARTESIAN_POINT('Ctrl Pts',(2.59192789491881,6.26560189150288,-0.5));
#7571=CARTESIAN_POINT('Ctrl Pts',(2.59192789491881,6.26560189150288,5.5));
#7572=CARTESIAN_POINT('Ctrl Pts',(2.57690845353078,6.2472301491417,-0.5));
#7573=CARTESIAN_POINT('Ctrl Pts',(2.57690845353078,6.2472301491417,5.5));
#7574=CARTESIAN_POINT('Ctrl Pts',(2.56222516990243,6.22868753180166,-0.5));
#7575=CARTESIAN_POINT('Ctrl Pts',(2.56222516990243,6.22868753180166,5.5));
#7576=CARTESIAN_POINT('Ctrl Pts',(2.54790522963502,6.20996185427052,-0.5));
#7577=CARTESIAN_POINT('Ctrl Pts',(2.54790522963502,6.20996185427052,5.5));
#7578=CARTESIAN_POINT('Ctrl Pts',(2.53394648380887,6.19105641109127,-0.5));
#7579=CARTESIAN_POINT('Ctrl Pts',(2.53394648380887,6.19105641109127,5.5));
#7580=CARTESIAN_POINT('Ctrl Pts',(2.52029839319328,6.1719999113201,-0.5));
#7581=CARTESIAN_POINT('Ctrl Pts',(2.52029839319328,6.1719999113201,5.5));
#7582=CARTESIAN_POINT('Ctrl Pts',(2.50688900177924,6.1528326727449,-0.5));
#7583=CARTESIAN_POINT('Ctrl Pts',(2.50688900177924,6.1528326727449,5.5));
#7584=CARTESIAN_POINT('Ctrl Pts',(2.49366266359779,6.1335872626399,-0.5));
#7585=CARTESIAN_POINT('Ctrl Pts',(2.49366266359779,6.1335872626399,5.5));
#7586=CARTESIAN_POINT('Ctrl Pts',(2.48061532091505,6.11427041708384,-0.5));
#7587=CARTESIAN_POINT('Ctrl Pts',(2.48061532091505,6.11427041708384,5.5));
#7588=CARTESIAN_POINT('Ctrl Pts',(2.46782811796267,6.09484578515468,-0.5));
#7589=CARTESIAN_POINT('Ctrl Pts',(2.46782811796267,6.09484578515468,5.5));
#7590=CARTESIAN_POINT('Ctrl Pts',(2.45550914393572,6.07521257018613,-0.5));
#7591=CARTESIAN_POINT('Ctrl Pts',(2.45550914393572,6.07521257018613,5.5));
#7592=CARTESIAN_POINT('Ctrl Pts',(2.44393727355458,6.05523366578524,-0.5));
#7593=CARTESIAN_POINT('Ctrl Pts',(2.44393727355458,6.05523366578524,5.5));
#7594=CARTESIAN_POINT('Ctrl Pts',(2.43550297788715,6.03886246050789,-0.5));
#7595=CARTESIAN_POINT('Ctrl Pts',(2.43550297788715,6.03886246050789,5.5));
#7596=CARTESIAN_POINT('Ctrl Pts',(2.42973991767658,6.02631633183274,-0.5));
#7597=CARTESIAN_POINT('Ctrl Pts',(2.42973991767658,6.02631633183274,5.5));
#7598=CARTESIAN_POINT('Ctrl Pts',(2.42616065995251,6.01782693474197,-0.5));
#7599=CARTESIAN_POINT('Ctrl Pts',(2.42616065995251,6.01782693474197,5.5));
#7600=CARTESIAN_POINT('Ctrl Pts',(2.4244367273887,6.01355090801899,-0.5));
#7601=CARTESIAN_POINT('Ctrl Pts',(2.4244367273887,6.01355090801899,5.5));
#7602=CARTESIAN_POINT('',(3.75072437509551,7.12282013405255,0.));
#7603=CARTESIAN_POINT('Ctrl Pts',(3.99566948960108,5.10639924979611,-0.5));
#7604=CARTESIAN_POINT('Ctrl Pts',(3.99566948960108,5.10639924979611,5.5));
#7605=CARTESIAN_POINT('Ctrl Pts',(3.99851067108854,5.11003023255228,-0.5));
#7606=CARTESIAN_POINT('Ctrl Pts',(3.99851067108854,5.11003023255228,5.5));
#7607=CARTESIAN_POINT('Ctrl Pts',(4.00407307576991,5.1173746592134,-0.5));
#7608=CARTESIAN_POINT('Ctrl Pts',(4.00407307576991,5.1173746592134,5.5));
#7609=CARTESIAN_POINT('Ctrl Pts',(4.01205681181646,5.12863868009687,-0.5));
#7610=CARTESIAN_POINT('Ctrl Pts',(4.01205681181646,5.12863868009687,5.5));
#7611=CARTESIAN_POINT('Ctrl Pts',(4.0220175436435,5.14412859704656,-0.5));
#7612=CARTESIAN_POINT('Ctrl Pts',(4.0220175436435,5.14412859704656,5.5));
#7613=CARTESIAN_POINT('Ctrl Pts',(4.03353384720388,5.16413958296637,-0.5));
#7614=CARTESIAN_POINT('Ctrl Pts',(4.03353384720388,5.16413958296637,5.5));
#7615=CARTESIAN_POINT('Ctrl Pts',(4.04437722311113,5.18462473490655,-0.5));
#7616=CARTESIAN_POINT('Ctrl Pts',(4.04437722311113,5.18462473490655,5.5));
#7617=CARTESIAN_POINT('Ctrl Pts',(4.05480584634476,5.20541109347124,-0.5));
#7618=CARTESIAN_POINT('Ctrl Pts',(4.05480584634476,5.20541109347124,5.5));
#7619=CARTESIAN_POINT('Ctrl Pts',(4.06501105397592,5.2263688464644,-0.5));
#7620=CARTESIAN_POINT('Ctrl Pts',(4.06501105397592,5.2263688464644,5.5));
#7621=CARTESIAN_POINT('Ctrl Pts',(4.07506489894237,5.24744589638109,-0.5));
#7622=CARTESIAN_POINT('Ctrl Pts',(4.07506489894237,5.24744589638109,5.5));
#7623=CARTESIAN_POINT('Ctrl Pts',(4.08495951876187,5.26864238928253,-0.5));
#7624=CARTESIAN_POINT('Ctrl Pts',(4.08495951876187,5.26864238928253,5.5));
#7625=CARTESIAN_POINT('Ctrl Pts',(4.09463888636312,5.28999023235436,-0.5));
#7626=CARTESIAN_POINT('Ctrl Pts',(4.09463888636312,5.28999023235436,5.5));
#7627=CARTESIAN_POINT('Ctrl Pts',(4.10403210751308,5.31153158243441,-0.5));
#7628=CARTESIAN_POINT('Ctrl Pts',(4.10403210751308,5.31153158243441,5.5));
#7629=CARTESIAN_POINT('Ctrl Pts',(4.11308904982442,5.33329585325223,-0.5));
#7630=CARTESIAN_POINT('Ctrl Pts',(4.11308904982442,5.33329585325223,5.5));
#7631=CARTESIAN_POINT('Ctrl Pts',(4.12180578567937,5.35528325855538,-0.5));
#7632=CARTESIAN_POINT('Ctrl Pts',(4.12180578567937,5.35528325855538,5.5));
#7633=CARTESIAN_POINT('Ctrl Pts',(4.13020646058192,5.37747634752865,-0.5));
#7634=CARTESIAN_POINT('Ctrl Pts',(4.13020646058192,5.37747634752865,5.5));
#7635=CARTESIAN_POINT('Ctrl Pts',(4.13833135735498,5.39984755701274,-0.5));
#7636=CARTESIAN_POINT('Ctrl Pts',(4.13833135735498,5.39984755701274,5.5));
#7637=CARTESIAN_POINT('Ctrl Pts',(4.14622329074992,5.42236784324244,-0.5));
#7638=CARTESIAN_POINT('Ctrl Pts',(4.14622329074992,5.42236784324244,5.5));
#7639=CARTESIAN_POINT('Ctrl Pts',(4.15391300771124,5.44501593686419,-0.5));
#7640=CARTESIAN_POINT('Ctrl Pts',(4.15391300771124,5.44501593686419,5.5));
#7641=CARTESIAN_POINT('Ctrl Pts',(4.16141050586001,5.46778384369071,-0.5));
#7642=CARTESIAN_POINT('Ctrl Pts',(4.16141050586001,5.46778384369071,5.5));
#7643=CARTESIAN_POINT('Ctrl Pts',(4.1687132002936,5.49067164603075,-0.5));
#7644=CARTESIAN_POINT('Ctrl Pts',(4.1687132002936,5.49067164603075,5.5));
#7645=CARTESIAN_POINT('Ctrl Pts',(4.17581104211481,5.51368424009969,-0.5));
#7646=CARTESIAN_POINT('Ctrl Pts',(4.17581104211481,5.51368424009969,5.5));
#7647=CARTESIAN_POINT('Ctrl Pts',(4.18269246584062,5.53682754744453,-0.5));
#7648=CARTESIAN_POINT('Ctrl Pts',(4.18269246584062,5.53682754744453,5.5));
#7649=CARTESIAN_POINT('Ctrl Pts',(4.18935086559738,5.56010438958324,-0.5));
#7650=CARTESIAN_POINT('Ctrl Pts',(4.18935086559738,5.56010438958324,5.5));
#7651=CARTESIAN_POINT('Ctrl Pts',(4.19578787818057,5.58351239415406,-0.5));
#7652=CARTESIAN_POINT('Ctrl Pts',(4.19578787818057,5.58351239415406,5.5));
#7653=CARTESIAN_POINT('Ctrl Pts',(4.20200987795013,5.60704621918068,-0.5));
#7654=CARTESIAN_POINT('Ctrl Pts',(4.20200987795013,5.60704621918068,5.5));
#7655=CARTESIAN_POINT('Ctrl Pts',(4.2080258754078,5.63069888448014,-0.5));
#7656=CARTESIAN_POINT('Ctrl Pts',(4.2080258754078,5.63069888448014,5.5));
#7657=CARTESIAN_POINT('Ctrl Pts',(4.2138450309003,5.6544633481685,-0.5));
#7658=CARTESIAN_POINT('Ctrl Pts',(4.2138450309003,5.6544633481685,5.5));
#7659=CARTESIAN_POINT('Ctrl Pts',(4.21947392225435,5.67833423933057,-0.5));
#7660=CARTESIAN_POINT('Ctrl Pts',(4.21947392225435,5.67833423933057,5.5));
#7661=CARTESIAN_POINT('Ctrl Pts',(4.22491535673773,5.70230860995841,-0.5));
#7662=CARTESIAN_POINT('Ctrl Pts',(4.22491535673773,5.70230860995841,5.5));
#7663=CARTESIAN_POINT('Ctrl Pts',(4.23016989119085,5.72638496679408,-0.5));
#7664=CARTESIAN_POINT('Ctrl Pts',(4.23016989119085,5.72638496679408,5.5));
#7665=CARTESIAN_POINT('Ctrl Pts',(4.23523675036585,5.75056268550316,-0.5));
#7666=CARTESIAN_POINT('Ctrl Pts',(4.23523675036585,5.75056268550316,5.5));
#7667=CARTESIAN_POINT('Ctrl Pts',(4.24011490960945,5.77484132065568,-0.5));
#7668=CARTESIAN_POINT('Ctrl Pts',(4.24011490960945,5.77484132065568,5.5));
#7669=CARTESIAN_POINT('Ctrl Pts',(4.24480429526512,5.79921984082528,-0.5));
#7670=CARTESIAN_POINT('Ctrl Pts',(4.24480429526512,5.79921984082528,5.5));
#7671=CARTESIAN_POINT('Ctrl Pts',(4.24930626793579,5.82369632007119,-0.5));
#7672=CARTESIAN_POINT('Ctrl Pts',(4.24930626793579,5.82369632007119,5.5));
#7673=CARTESIAN_POINT('Ctrl Pts',(4.25362298234605,5.84826834415889,-0.5));
#7674=CARTESIAN_POINT('Ctrl Pts',(4.25362298234605,5.84826834415889,5.5));
#7675=CARTESIAN_POINT('Ctrl Pts',(4.2577570087674,5.87293325056867,-0.5));
#7676=CARTESIAN_POINT('Ctrl Pts',(4.2577570087674,5.87293325056867,5.5));
#7677=CARTESIAN_POINT('Ctrl Pts',(4.2617108835831,5.89768841360319,-0.5));
#7678=CARTESIAN_POINT('Ctrl Pts',(4.2617108835831,5.89768841360319,5.5));
#7679=CARTESIAN_POINT('Ctrl Pts',(4.26548661199116,5.92253156034146,-0.5));
#7680=CARTESIAN_POINT('Ctrl Pts',(4.26548661199116,5.92253156034146,5.5));
#7681=CARTESIAN_POINT('Ctrl Pts',(4.26908547870888,5.94746088991977,-0.5));
#7682=CARTESIAN_POINT('Ctrl Pts',(4.26908547870888,5.94746088991977,5.5));
#7683=CARTESIAN_POINT('Ctrl Pts',(4.27250832477896,5.97247489527549,-0.5));
#7684=CARTESIAN_POINT('Ctrl Pts',(4.27250832477896,5.97247489527549,5.5));
#7685=CARTESIAN_POINT('Ctrl Pts',(4.27575571621832,5.99757225404619,-0.5));
#7686=CARTESIAN_POINT('Ctrl Pts',(4.27575571621832,5.99757225404619,5.5));
#7687=CARTESIAN_POINT('Ctrl Pts',(4.27882814307399,6.0227517003745,-0.5));
#7688=CARTESIAN_POINT('Ctrl Pts',(4.27882814307399,6.0227517003745,5.5));
#7689=CARTESIAN_POINT('Ctrl Pts',(4.28172624106391,6.04801188202727,-0.5));
#7690=CARTESIAN_POINT('Ctrl Pts',(4.28172624106391,6.04801188202727,5.5));
#7691=CARTESIAN_POINT('Ctrl Pts',(4.28445088197793,6.073351302886,-0.5));
#7692=CARTESIAN_POINT('Ctrl Pts',(4.28445088197793,6.073351302886,5.5));
#7693=CARTESIAN_POINT('Ctrl Pts',(4.28700305704841,6.09876839968314,-0.5));
#7694=CARTESIAN_POINT('Ctrl Pts',(4.28700305704841,6.09876839968314,5.5));
#7695=CARTESIAN_POINT('Ctrl Pts',(4.2893838096057,6.12426158722081,-0.5));
#7696=CARTESIAN_POINT('Ctrl Pts',(4.2893838096057,6.12426158722081,5.5));
#7697=CARTESIAN_POINT('Ctrl Pts',(4.29159415455024,6.14982931177687,-0.5));
#7698=CARTESIAN_POINT('Ctrl Pts',(4.29159415455024,6.14982931177687,5.5));
#7699=CARTESIAN_POINT('Ctrl Pts',(4.2936349917171,6.1754701099763,-0.5));
#7700=CARTESIAN_POINT('Ctrl Pts',(4.2936349917171,6.1754701099763,5.5));
#7701=CARTESIAN_POINT('Ctrl Pts',(4.295507068272,6.20118263180475,-0.5));
#7702=CARTESIAN_POINT('Ctrl Pts',(4.295507068272,6.20118263180475,5.5));
#7703=CARTESIAN_POINT('Ctrl Pts',(4.29721102807053,6.22696560078964,-0.5));
#7704=CARTESIAN_POINT('Ctrl Pts',(4.29721102807053,6.22696560078964,5.5));
#7705=CARTESIAN_POINT('Ctrl Pts',(4.29874744267251,6.25281778738044,-0.5));
#7706=CARTESIAN_POINT('Ctrl Pts',(4.29874744267251,6.25281778738044,5.5));
#7707=CARTESIAN_POINT('Ctrl Pts',(4.30011684853572,6.27873797900478,-0.5));
#7708=CARTESIAN_POINT('Ctrl Pts',(4.30011684853572,6.27873797900478,5.5));
#7709=CARTESIAN_POINT('Ctrl Pts',(4.30131978835308,6.30472494521901,-0.5));
#7710=CARTESIAN_POINT('Ctrl Pts',(4.30131978835308,6.30472494521901,5.5));
#7711=CARTESIAN_POINT('Ctrl Pts',(4.30235683305714,6.33077742398379,-0.5));
#7712=CARTESIAN_POINT('Ctrl Pts',(4.30235683305714,6.33077742398379,5.5));
#7713=CARTESIAN_POINT('Ctrl Pts',(4.30322856091785,6.35689415219526,-0.5));
#7714=CARTESIAN_POINT('Ctrl Pts',(4.30322856091785,6.35689415219526,5.5));
#7715=CARTESIAN_POINT('Ctrl Pts',(4.3039355467563,6.38307388732317,-0.5));
#7716=CARTESIAN_POINT('Ctrl Pts',(4.3039355467563,6.38307388732317,5.5));
#7717=CARTESIAN_POINT('Ctrl Pts',(4.30447834879993,6.40931542990151,-0.5));
#7718=CARTESIAN_POINT('Ctrl Pts',(4.30447834879993,6.40931542990151,5.5));
#7719=CARTESIAN_POINT('Ctrl Pts',(4.30485749658692,6.43561765060551,-0.5));
#7720=CARTESIAN_POINT('Ctrl Pts',(4.30485749658692,6.43561765060551,5.5));
#7721=CARTESIAN_POINT('Ctrl Pts',(4.30507348334012,6.46197949787218,-0.5));
#7722=CARTESIAN_POINT('Ctrl Pts',(4.30507348334012,6.46197949787218,5.5));
#7723=CARTESIAN_POINT('Ctrl Pts',(4.30512677102579,6.48839995313468,-0.5));
#7724=CARTESIAN_POINT('Ctrl Pts',(4.30512677102579,6.48839995313468,5.5));
#7725=CARTESIAN_POINT('Ctrl Pts',(4.30501779400465,6.51487799410018,-0.5));
#7726=CARTESIAN_POINT('Ctrl Pts',(4.30501779400465,6.51487799410018,5.5));
#7727=CARTESIAN_POINT('Ctrl Pts',(4.30474696427131,6.54141255747742,-0.5));
#7728=CARTESIAN_POINT('Ctrl Pts',(4.30474696427131,6.54141255747742,5.5));
#7729=CARTESIAN_POINT('Ctrl Pts',(4.30431467746553,6.56800249425406,-0.5));
#7730=CARTESIAN_POINT('Ctrl Pts',(4.30431467746553,6.56800249425406,5.5));
#7731=CARTESIAN_POINT('Ctrl Pts',(4.30372131887205,6.59464654958469,-0.5));
#7732=CARTESIAN_POINT('Ctrl Pts',(4.30372131887205,6.59464654958469,5.5));
#7733=CARTESIAN_POINT('Ctrl Pts',(4.30296726565517,6.62134344813509,-0.5));
#7734=CARTESIAN_POINT('Ctrl Pts',(4.30296726565517,6.62134344813509,5.5));
#7735=CARTESIAN_POINT('Ctrl Pts',(4.30205289089661,6.64809196435819,-0.5));
#7736=CARTESIAN_POINT('Ctrl Pts',(4.30205289089661,6.64809196435819,5.5));
#7737=CARTESIAN_POINT('Ctrl Pts',(4.30097856750411,6.67489099669613,-0.5));
#7738=CARTESIAN_POINT('Ctrl Pts',(4.30097856750411,6.67489099669613,5.5));
#7739=CARTESIAN_POINT('Ctrl Pts',(4.29974467472264,6.70173964364928,-0.5));
#7740=CARTESIAN_POINT('Ctrl Pts',(4.29974467472264,6.70173964364928,5.5));
#7741=CARTESIAN_POINT('Ctrl Pts',(4.29835160078878,6.72863726795694,-0.5));
#7742=CARTESIAN_POINT('Ctrl Pts',(4.29835160078878,6.72863726795694,5.5));
#7743=CARTESIAN_POINT('Ctrl Pts',(4.29679970583879,6.75558344722758,-0.5));
#7744=CARTESIAN_POINT('Ctrl Pts',(4.29679970583879,6.75558344722758,5.5));
#7745=CARTESIAN_POINT('Ctrl Pts',(4.29543137250027,6.77717903715507,-0.5));
#7746=CARTESIAN_POINT('Ctrl Pts',(4.29543137250027,6.77717903715507,5.5));
#7747=CARTESIAN_POINT('Ctrl Pts',(4.2943338800169,6.79339741671742,-0.5));
#7748=CARTESIAN_POINT('Ctrl Pts',(4.2943338800169,6.79339741671742,5.5));
#7749=CARTESIAN_POINT('Ctrl Pts',(4.29357056555894,6.8042193052866,-0.5));
#7750=CARTESIAN_POINT('Ctrl Pts',(4.29357056555894,6.8042193052866,5.5));
#7751=CARTESIAN_POINT('Ctrl Pts',(4.29318099512904,6.8096326584525,-0.5));
#7752=CARTESIAN_POINT('Ctrl Pts',(4.29318099512904,6.8096326584525,5.5));
#7753=CARTESIAN_POINT('',(3.99566948960108,5.10639924979611,0.));
#7754=CARTESIAN_POINT('',(4.29318099512904,6.80963265845249,0.));
#7755=CARTESIAN_POINT('Origin',(3.4259930603512,4.37836223409226,0.));
#7756=CARTESIAN_POINT('',(3.78388124082195,4.83573738512088,0.));
#7757=CARTESIAN_POINT('Origin',(4.25641311725854,4.465989327991,0.));
#7758=CARTESIAN_POINT('',(3.84246246195618,4.03165667324955,0.));
#7759=CARTESIAN_POINT('Origin',(0.,0.,0.));
#7760=CARTESIAN_POINT('',(4.03165667324955,3.84246246195618,0.));
#7761=CARTESIAN_POINT('Origin',(4.465989327991,4.25641311725854,0.));
#7762=CARTESIAN_POINT('',(4.83573738512088,3.78388124082195,0.));
#7763=CARTESIAN_POINT('Origin',(5.10639924979611,3.99566948960108,0.));
#7764=CARTESIAN_POINT('',(5.10639924979611,3.99566948960108,0.));
#7765=CARTESIAN_POINT('Ctrl Pts',(6.8096326584525,4.29318099512904,-0.5));
#7766=CARTESIAN_POINT('Ctrl Pts',(6.8096326584525,4.29318099512904,5.5));
#7767=CARTESIAN_POINT('Ctrl Pts',(6.8042193052866,4.29357056555894,-0.5));
#7768=CARTESIAN_POINT('Ctrl Pts',(6.8042193052866,4.29357056555894,5.5));
#7769=CARTESIAN_POINT('Ctrl Pts',(6.79339741671742,4.2943338800169,-0.5));
#7770=CARTESIAN_POINT('Ctrl Pts',(6.79339741671742,4.2943338800169,5.5));
#7771=CARTESIAN_POINT('Ctrl Pts',(6.77717903715507,4.29543137250027,-0.5));
#7772=CARTESIAN_POINT('Ctrl Pts',(6.77717903715507,4.29543137250027,5.5));
#7773=CARTESIAN_POINT('Ctrl Pts',(6.75558344722758,4.29679970583879,-0.5));
#7774=CARTESIAN_POINT('Ctrl Pts',(6.75558344722758,4.29679970583879,5.5));
#7775=CARTESIAN_POINT('Ctrl Pts',(6.72863726795694,4.29835160078878,-0.5));
#7776=CARTESIAN_POINT('Ctrl Pts',(6.72863726795694,4.29835160078878,5.5));
#7777=CARTESIAN_POINT('Ctrl Pts',(6.70173964364928,4.29974467472264,-0.5));
#7778=CARTESIAN_POINT('Ctrl Pts',(6.70173964364928,4.29974467472264,5.5));
#7779=CARTESIAN_POINT('Ctrl Pts',(6.67489099669613,4.30097856750411,-0.5));
#7780=CARTESIAN_POINT('Ctrl Pts',(6.67489099669613,4.30097856750411,5.5));
#7781=CARTESIAN_POINT('Ctrl Pts',(6.64809196435819,4.30205289089661,-0.5));
#7782=CARTESIAN_POINT('Ctrl Pts',(6.64809196435819,4.30205289089661,5.5));
#7783=CARTESIAN_POINT('Ctrl Pts',(6.62134344813509,4.30296726565517,-0.5));
#7784=CARTESIAN_POINT('Ctrl Pts',(6.62134344813509,4.30296726565517,5.5));
#7785=CARTESIAN_POINT('Ctrl Pts',(6.59464654958469,4.30372131887205,-0.5));
#7786=CARTESIAN_POINT('Ctrl Pts',(6.59464654958469,4.30372131887205,5.5));
#7787=CARTESIAN_POINT('Ctrl Pts',(6.56800249425406,4.30431467746553,-0.5));
#7788=CARTESIAN_POINT('Ctrl Pts',(6.56800249425406,4.30431467746553,5.5));
#7789=CARTESIAN_POINT('Ctrl Pts',(6.54141255747742,4.30474696427131,-0.5));
#7790=CARTESIAN_POINT('Ctrl Pts',(6.54141255747742,4.30474696427131,5.5));
#7791=CARTESIAN_POINT('Ctrl Pts',(6.51487799410018,4.30501779400464,-0.5));
#7792=CARTESIAN_POINT('Ctrl Pts',(6.51487799410018,4.30501779400464,5.5));
#7793=CARTESIAN_POINT('Ctrl Pts',(6.48839995313468,4.30512677102579,-0.5));
#7794=CARTESIAN_POINT('Ctrl Pts',(6.48839995313468,4.30512677102579,5.5));
#7795=CARTESIAN_POINT('Ctrl Pts',(6.46197949787219,4.30507348334012,-0.5));
#7796=CARTESIAN_POINT('Ctrl Pts',(6.46197949787219,4.30507348334012,5.5));
#7797=CARTESIAN_POINT('Ctrl Pts',(6.43561765060551,4.30485749658692,-0.5));
#7798=CARTESIAN_POINT('Ctrl Pts',(6.43561765060551,4.30485749658692,5.5));
#7799=CARTESIAN_POINT('Ctrl Pts',(6.40931542990152,4.30447834879993,-0.5));
#7800=CARTESIAN_POINT('Ctrl Pts',(6.40931542990152,4.30447834879993,5.5));
#7801=CARTESIAN_POINT('Ctrl Pts',(6.38307388732317,4.3039355467563,-0.5));
#7802=CARTESIAN_POINT('Ctrl Pts',(6.38307388732317,4.3039355467563,5.5));
#7803=CARTESIAN_POINT('Ctrl Pts',(6.35689415219526,4.30322856091785,-0.5));
#7804=CARTESIAN_POINT('Ctrl Pts',(6.35689415219526,4.30322856091785,5.5));
#7805=CARTESIAN_POINT('Ctrl Pts',(6.33077742398379,4.30235683305714,-0.5));
#7806=CARTESIAN_POINT('Ctrl Pts',(6.33077742398379,4.30235683305714,5.5));
#7807=CARTESIAN_POINT('Ctrl Pts',(6.30472494521902,4.30131978835308,-0.5));
#7808=CARTESIAN_POINT('Ctrl Pts',(6.30472494521902,4.30131978835308,5.5));
#7809=CARTESIAN_POINT('Ctrl Pts',(6.27873797900478,4.30011684853572,-0.5));
#7810=CARTESIAN_POINT('Ctrl Pts',(6.27873797900478,4.30011684853572,5.5));
#7811=CARTESIAN_POINT('Ctrl Pts',(6.25281778738044,4.29874744267251,-0.5));
#7812=CARTESIAN_POINT('Ctrl Pts',(6.25281778738044,4.29874744267251,5.5));
#7813=CARTESIAN_POINT('Ctrl Pts',(6.22696560078964,4.29721102807053,-0.5));
#7814=CARTESIAN_POINT('Ctrl Pts',(6.22696560078964,4.29721102807053,5.5));
#7815=CARTESIAN_POINT('Ctrl Pts',(6.20118263180475,4.295507068272,-0.5));
#7816=CARTESIAN_POINT('Ctrl Pts',(6.20118263180475,4.295507068272,5.5));
#7817=CARTESIAN_POINT('Ctrl Pts',(6.1754701099763,4.2936349917171,-0.5));
#7818=CARTESIAN_POINT('Ctrl Pts',(6.1754701099763,4.2936349917171,5.5));
#7819=CARTESIAN_POINT('Ctrl Pts',(6.14982931177687,4.29159415455024,-0.5));
#7820=CARTESIAN_POINT('Ctrl Pts',(6.14982931177687,4.29159415455024,5.5));
#7821=CARTESIAN_POINT('Ctrl Pts',(6.12426158722081,4.2893838096057,-0.5));
#7822=CARTESIAN_POINT('Ctrl Pts',(6.12426158722081,4.2893838096057,5.5));
#7823=CARTESIAN_POINT('Ctrl Pts',(6.09876839968314,4.28700305704841,-0.5));
#7824=CARTESIAN_POINT('Ctrl Pts',(6.09876839968314,4.28700305704841,5.5));
#7825=CARTESIAN_POINT('Ctrl Pts',(6.073351302886,4.28445088197793,-0.5));
#7826=CARTESIAN_POINT('Ctrl Pts',(6.073351302886,4.28445088197793,5.5));
#7827=CARTESIAN_POINT('Ctrl Pts',(6.04801188202727,4.28172624106391,-0.5));
#7828=CARTESIAN_POINT('Ctrl Pts',(6.04801188202727,4.28172624106391,5.5));
#7829=CARTESIAN_POINT('Ctrl Pts',(6.0227517003745,4.27882814307398,-0.5));
#7830=CARTESIAN_POINT('Ctrl Pts',(6.0227517003745,4.27882814307398,5.5));
#7831=CARTESIAN_POINT('Ctrl Pts',(5.99757225404619,4.27575571621832,-0.5));
#7832=CARTESIAN_POINT('Ctrl Pts',(5.99757225404619,4.27575571621832,5.5));
#7833=CARTESIAN_POINT('Ctrl Pts',(5.97247489527549,4.27250832477896,-0.5));
#7834=CARTESIAN_POINT('Ctrl Pts',(5.97247489527549,4.27250832477896,5.5));
#7835=CARTESIAN_POINT('Ctrl Pts',(5.94746088991977,4.26908547870887,-0.5));
#7836=CARTESIAN_POINT('Ctrl Pts',(5.94746088991977,4.26908547870887,5.5));
#7837=CARTESIAN_POINT('Ctrl Pts',(5.92253156034146,4.26548661199116,-0.5));
#7838=CARTESIAN_POINT('Ctrl Pts',(5.92253156034146,4.26548661199116,5.5));
#7839=CARTESIAN_POINT('Ctrl Pts',(5.89768841360319,4.2617108835831,-0.5));
#7840=CARTESIAN_POINT('Ctrl Pts',(5.89768841360319,4.2617108835831,5.5));
#7841=CARTESIAN_POINT('Ctrl Pts',(5.87293325056867,4.2577570087674,-0.5));
#7842=CARTESIAN_POINT('Ctrl Pts',(5.87293325056867,4.2577570087674,5.5));
#7843=CARTESIAN_POINT('Ctrl Pts',(5.84826834415889,4.25362298234605,-0.5));
#7844=CARTESIAN_POINT('Ctrl Pts',(5.84826834415889,4.25362298234605,5.5));
#7845=CARTESIAN_POINT('Ctrl Pts',(5.82369632007119,4.24930626793579,-0.5));
#7846=CARTESIAN_POINT('Ctrl Pts',(5.82369632007119,4.24930626793579,5.5));
#7847=CARTESIAN_POINT('Ctrl Pts',(5.79921984082529,4.24480429526512,-0.5));
#7848=CARTESIAN_POINT('Ctrl Pts',(5.79921984082529,4.24480429526512,5.5));
#7849=CARTESIAN_POINT('Ctrl Pts',(5.77484132065568,4.24011490960945,-0.5));
#7850=CARTESIAN_POINT('Ctrl Pts',(5.77484132065568,4.24011490960945,5.5));
#7851=CARTESIAN_POINT('Ctrl Pts',(5.75056268550316,4.23523675036585,-0.5));
#7852=CARTESIAN_POINT('Ctrl Pts',(5.75056268550316,4.23523675036585,5.5));
#7853=CARTESIAN_POINT('Ctrl Pts',(5.72638496679408,4.23016989119085,-0.5));
#7854=CARTESIAN_POINT('Ctrl Pts',(5.72638496679408,4.23016989119085,5.5));
#7855=CARTESIAN_POINT('Ctrl Pts',(5.70230860995841,4.22491535673773,-0.5));
#7856=CARTESIAN_POINT('Ctrl Pts',(5.70230860995841,4.22491535673773,5.5));
#7857=CARTESIAN_POINT('Ctrl Pts',(5.67833423933057,4.21947392225435,-0.5));
#7858=CARTESIAN_POINT('Ctrl Pts',(5.67833423933057,4.21947392225435,5.5));
#7859=CARTESIAN_POINT('Ctrl Pts',(5.6544633481685,4.2138450309003,-0.5));
#7860=CARTESIAN_POINT('Ctrl Pts',(5.6544633481685,4.2138450309003,5.5));
#7861=CARTESIAN_POINT('Ctrl Pts',(5.63069888448014,4.2080258754078,-0.5));
#7862=CARTESIAN_POINT('Ctrl Pts',(5.63069888448014,4.2080258754078,5.5));
#7863=CARTESIAN_POINT('Ctrl Pts',(5.60704621918068,4.20200987795013,-0.5));
#7864=CARTESIAN_POINT('Ctrl Pts',(5.60704621918068,4.20200987795013,5.5));
#7865=CARTESIAN_POINT('Ctrl Pts',(5.58351239415406,4.19578787818057,-0.5));
#7866=CARTESIAN_POINT('Ctrl Pts',(5.58351239415406,4.19578787818057,5.5));
#7867=CARTESIAN_POINT('Ctrl Pts',(5.56010438958324,4.18935086559738,-0.5));
#7868=CARTESIAN_POINT('Ctrl Pts',(5.56010438958324,4.18935086559738,5.5));
#7869=CARTESIAN_POINT('Ctrl Pts',(5.53682754744453,4.18269246584062,-0.5));
#7870=CARTESIAN_POINT('Ctrl Pts',(5.53682754744453,4.18269246584062,5.5));
#7871=CARTESIAN_POINT('Ctrl Pts',(5.51368424009969,4.17581104211481,-0.5));
#7872=CARTESIAN_POINT('Ctrl Pts',(5.51368424009969,4.17581104211481,5.5));
#7873=CARTESIAN_POINT('Ctrl Pts',(5.49067164603075,4.1687132002936,-0.5));
#7874=CARTESIAN_POINT('Ctrl Pts',(5.49067164603075,4.1687132002936,5.5));
#7875=CARTESIAN_POINT('Ctrl Pts',(5.46778384369071,4.16141050586001,-0.5));
#7876=CARTESIAN_POINT('Ctrl Pts',(5.46778384369071,4.16141050586001,5.5));
#7877=CARTESIAN_POINT('Ctrl Pts',(5.44501593686419,4.15391300771124,-0.5));
#7878=CARTESIAN_POINT('Ctrl Pts',(5.44501593686419,4.15391300771124,5.5));
#7879=CARTESIAN_POINT('Ctrl Pts',(5.42236784324244,4.14622329074992,-0.5));
#7880=CARTESIAN_POINT('Ctrl Pts',(5.42236784324244,4.14622329074992,5.5));
#7881=CARTESIAN_POINT('Ctrl Pts',(5.39984755701274,4.13833135735498,-0.5));
#7882=CARTESIAN_POINT('Ctrl Pts',(5.39984755701274,4.13833135735498,5.5));
#7883=CARTESIAN_POINT('Ctrl Pts',(5.37747634752865,4.13020646058192,-0.5));
#7884=CARTESIAN_POINT('Ctrl Pts',(5.37747634752865,4.13020646058192,5.5));
#7885=CARTESIAN_POINT('Ctrl Pts',(5.35528325855538,4.12180578567937,-0.5));
#7886=CARTESIAN_POINT('Ctrl Pts',(5.35528325855538,4.12180578567937,5.5));
#7887=CARTESIAN_POINT('Ctrl Pts',(5.33329585325223,4.11308904982441,-0.5));
#7888=CARTESIAN_POINT('Ctrl Pts',(5.33329585325223,4.11308904982441,5.5));
#7889=CARTESIAN_POINT('Ctrl Pts',(5.31153158243441,4.10403210751308,-0.5));
#7890=CARTESIAN_POINT('Ctrl Pts',(5.31153158243441,4.10403210751308,5.5));
#7891=CARTESIAN_POINT('Ctrl Pts',(5.28999023235437,4.09463888636312,-0.5));
#7892=CARTESIAN_POINT('Ctrl Pts',(5.28999023235437,4.09463888636312,5.5));
#7893=CARTESIAN_POINT('Ctrl Pts',(5.26864238928253,4.08495951876187,-0.5));
#7894=CARTESIAN_POINT('Ctrl Pts',(5.26864238928253,4.08495951876187,5.5));
#7895=CARTESIAN_POINT('Ctrl Pts',(5.24744589638109,4.07506489894237,-0.5));
#7896=CARTESIAN_POINT('Ctrl Pts',(5.24744589638109,4.07506489894237,5.5));
#7897=CARTESIAN_POINT('Ctrl Pts',(5.2263688464644,4.06501105397592,-0.5));
#7898=CARTESIAN_POINT('Ctrl Pts',(5.2263688464644,4.06501105397592,5.5));
#7899=CARTESIAN_POINT('Ctrl Pts',(5.20541109347124,4.05480584634476,-0.5));
#7900=CARTESIAN_POINT('Ctrl Pts',(5.20541109347124,4.05480584634476,5.5));
#7901=CARTESIAN_POINT('Ctrl Pts',(5.18462473490655,4.04437722311113,-0.5));
#7902=CARTESIAN_POINT('Ctrl Pts',(5.18462473490655,4.04437722311113,5.5));
#7903=CARTESIAN_POINT('Ctrl Pts',(5.16413958296638,4.03353384720388,-0.5));
#7904=CARTESIAN_POINT('Ctrl Pts',(5.16413958296638,4.03353384720388,5.5));
#7905=CARTESIAN_POINT('Ctrl Pts',(5.14412859704656,4.02201754364349,-0.5));
#7906=CARTESIAN_POINT('Ctrl Pts',(5.14412859704656,4.02201754364349,5.5));
#7907=CARTESIAN_POINT('Ctrl Pts',(5.12863868009687,4.01205681181646,-0.5));
#7908=CARTESIAN_POINT('Ctrl Pts',(5.12863868009687,4.01205681181646,5.5));
#7909=CARTESIAN_POINT('Ctrl Pts',(5.1173746592134,4.00407307576991,-0.5));
#7910=CARTESIAN_POINT('Ctrl Pts',(5.1173746592134,4.00407307576991,5.5));
#7911=CARTESIAN_POINT('Ctrl Pts',(5.11003023255228,3.99851067108853,-0.5));
#7912=CARTESIAN_POINT('Ctrl Pts',(5.11003023255228,3.99851067108853,5.5));
#7913=CARTESIAN_POINT('Ctrl Pts',(5.10639924979611,3.99566948960108,-0.5));
#7914=CARTESIAN_POINT('Ctrl Pts',(5.10639924979611,3.99566948960108,5.5));
#7915=CARTESIAN_POINT('',(6.8096326584525,4.29318099512903,0.));
#7916=CARTESIAN_POINT('Ctrl Pts',(6.01355090801899,2.42443672738869,-0.5));
#7917=CARTESIAN_POINT('Ctrl Pts',(6.01355090801899,2.42443672738869,5.5));
#7918=CARTESIAN_POINT('Ctrl Pts',(6.01782693474197,2.42616065995251,-0.5));
#7919=CARTESIAN_POINT('Ctrl Pts',(6.01782693474197,2.42616065995251,5.5));
#7920=CARTESIAN_POINT('Ctrl Pts',(6.02631633183274,2.42973991767658,-0.5));
#7921=CARTESIAN_POINT('Ctrl Pts',(6.02631633183274,2.42973991767658,5.5));
#7922=CARTESIAN_POINT('Ctrl Pts',(6.03886246050789,2.43550297788715,-0.5));
#7923=CARTESIAN_POINT('Ctrl Pts',(6.03886246050789,2.43550297788715,5.5));
#7924=CARTESIAN_POINT('Ctrl Pts',(6.05523366578524,2.44393727355458,-0.5));
#7925=CARTESIAN_POINT('Ctrl Pts',(6.05523366578524,2.44393727355458,5.5));
#7926=CARTESIAN_POINT('Ctrl Pts',(6.07521257018613,2.45550914393572,-0.5));
#7927=CARTESIAN_POINT('Ctrl Pts',(6.07521257018613,2.45550914393572,5.5));
#7928=CARTESIAN_POINT('Ctrl Pts',(6.09484578515468,2.46782811796267,-0.5));
#7929=CARTESIAN_POINT('Ctrl Pts',(6.09484578515468,2.46782811796267,5.5));
#7930=CARTESIAN_POINT('Ctrl Pts',(6.11427041708384,2.48061532091505,-0.5));
#7931=CARTESIAN_POINT('Ctrl Pts',(6.11427041708384,2.48061532091505,5.5));
#7932=CARTESIAN_POINT('Ctrl Pts',(6.1335872626399,2.49366266359778,-0.5));
#7933=CARTESIAN_POINT('Ctrl Pts',(6.1335872626399,2.49366266359778,5.5));
#7934=CARTESIAN_POINT('Ctrl Pts',(6.1528326727449,2.50688900177924,-0.5));
#7935=CARTESIAN_POINT('Ctrl Pts',(6.1528326727449,2.50688900177924,5.5));
#7936=CARTESIAN_POINT('Ctrl Pts',(6.1719999113201,2.52029839319328,-0.5));
#7937=CARTESIAN_POINT('Ctrl Pts',(6.1719999113201,2.52029839319328,5.5));
#7938=CARTESIAN_POINT('Ctrl Pts',(6.19105641109127,2.53394648380887,-0.5));
#7939=CARTESIAN_POINT('Ctrl Pts',(6.19105641109127,2.53394648380887,5.5));
#7940=CARTESIAN_POINT('Ctrl Pts',(6.20996185427052,2.54790522963502,-0.5));
#7941=CARTESIAN_POINT('Ctrl Pts',(6.20996185427052,2.54790522963502,5.5));
#7942=CARTESIAN_POINT('Ctrl Pts',(6.22868753180166,2.56222516990243,-0.5));
#7943=CARTESIAN_POINT('Ctrl Pts',(6.22868753180166,2.56222516990243,5.5));
#7944=CARTESIAN_POINT('Ctrl Pts',(6.2472301491417,2.57690845353078,-0.5));
#7945=CARTESIAN_POINT('Ctrl Pts',(6.2472301491417,2.57690845353078,5.5));
#7946=CARTESIAN_POINT('Ctrl Pts',(6.26560189150288,2.59192789491881,-0.5));
#7947=CARTESIAN_POINT('Ctrl Pts',(6.26560189150288,2.59192789491881,5.5));
#7948=CARTESIAN_POINT('Ctrl Pts',(6.28382386325352,2.60723948225888,-0.5));
#7949=CARTESIAN_POINT('Ctrl Pts',(6.28382386325352,2.60723948225888,5.5));
#7950=CARTESIAN_POINT('Ctrl Pts',(6.30191862117336,2.62279665553683,-0.5));
#7951=CARTESIAN_POINT('Ctrl Pts',(6.30191862117336,2.62279665553683,5.5));
#7952=CARTESIAN_POINT('Ctrl Pts',(6.31990215822066,2.6385656214799,-0.5));
#7953=CARTESIAN_POINT('Ctrl Pts',(6.31990215822066,2.6385656214799,5.5));
#7954=CARTESIAN_POINT('Ctrl Pts',(6.33777913549558,2.65453445810827,-0.5));
#7955=CARTESIAN_POINT('Ctrl Pts',(6.33777913549558,2.65453445810827,5.5));
#7956=CARTESIAN_POINT('Ctrl Pts',(6.35554735556116,2.67070452915475,-0.5));
#7957=CARTESIAN_POINT('Ctrl Pts',(6.35554735556116,2.67070452915475,5.5));
#7958=CARTESIAN_POINT('Ctrl Pts',(6.37320056392484,2.68708509931483,-0.5));
#7959=CARTESIAN_POINT('Ctrl Pts',(6.37320056392484,2.68708509931483,5.5));
#7960=CARTESIAN_POINT('Ctrl Pts',(6.39073170535801,2.70368707954014,-0.5));
#7961=CARTESIAN_POINT('Ctrl Pts',(6.39073170535801,2.70368707954014,5.5));
#7962=CARTESIAN_POINT('Ctrl Pts',(6.40813646976528,2.72051621627377,-0.5));
#7963=CARTESIAN_POINT('Ctrl Pts',(6.40813646976528,2.72051621627377,5.5));
#7964=CARTESIAN_POINT('Ctrl Pts',(6.42541508847221,2.7375696365924,-0.5));
#7965=CARTESIAN_POINT('Ctrl Pts',(6.42541508847221,2.7375696365924,5.5));
#7966=CARTESIAN_POINT('Ctrl Pts',(6.4425704108483,2.75483952702889,-0.5));
#7967=CARTESIAN_POINT('Ctrl Pts',(6.4425704108483,2.75483952702889,5.5));
#7968=CARTESIAN_POINT('Ctrl Pts',(6.45960675012547,2.7723153373166,-0.5));
#7969=CARTESIAN_POINT('Ctrl Pts',(6.45960675012547,2.7723153373166,5.5));
#7970=CARTESIAN_POINT('Ctrl Pts',(6.47652851845473,2.78998638883178,-0.5));
#7971=CARTESIAN_POINT('Ctrl Pts',(6.47652851845473,2.78998638883178,5.5));
#7972=CARTESIAN_POINT('Ctrl Pts',(6.49333872694351,2.80784474131208,-0.5));
#7973=CARTESIAN_POINT('Ctrl Pts',(6.49333872694351,2.80784474131208,5.5));
#7974=CARTESIAN_POINT('Ctrl Pts',(6.51003833275307,2.82588643807385,-0.5));
#7975=CARTESIAN_POINT('Ctrl Pts',(6.51003833275307,2.82588643807385,5.5));
#7976=CARTESIAN_POINT('Ctrl Pts',(6.52662707149237,2.84410990749755,-0.5));
#7977=CARTESIAN_POINT('Ctrl Pts',(6.52662707149237,2.84410990749755,5.5));
#7978=CARTESIAN_POINT('Ctrl Pts',(6.54310395960986,2.86251499651768,-0.5));
#7979=CARTESIAN_POINT('Ctrl Pts',(6.54310395960986,2.86251499651768,5.5));
#7980=CARTESIAN_POINT('Ctrl Pts',(6.55946788701478,2.88110183170717,-0.5));
#7981=CARTESIAN_POINT('Ctrl Pts',(6.55946788701478,2.88110183170717,5.5));
#7982=CARTESIAN_POINT('Ctrl Pts',(6.57571827420554,2.89986955665289,-0.5));
#7983=CARTESIAN_POINT('Ctrl Pts',(6.57571827420554,2.89986955665289,5.5));
#7984=CARTESIAN_POINT('Ctrl Pts',(6.59185533652843,2.91881582313971,-0.5));
#7985=CARTESIAN_POINT('Ctrl Pts',(6.59185533652843,2.91881582313971,5.5));
#7986=CARTESIAN_POINT('Ctrl Pts',(6.60787973291245,2.93793746301693,-0.5));
#7987=CARTESIAN_POINT('Ctrl Pts',(6.60787973291245,2.93793746301693,5.5));
#7988=CARTESIAN_POINT('Ctrl Pts',(6.62379235801815,2.95723088533908,-0.5));
#7989=CARTESIAN_POINT('Ctrl Pts',(6.62379235801815,2.95723088533908,5.5));
#7990=CARTESIAN_POINT('Ctrl Pts',(6.63959409556919,2.97669254799396,-0.5));
#7991=CARTESIAN_POINT('Ctrl Pts',(6.63959409556919,2.97669254799396,5.5));
#7992=CARTESIAN_POINT('Ctrl Pts',(6.65528554565749,2.99631947997522,-0.5));
#7993=CARTESIAN_POINT('Ctrl Pts',(6.65528554565749,2.99631947997522,5.5));
#7994=CARTESIAN_POINT('Ctrl Pts',(6.67086692044902,3.01610947933048,-0.5));
#7995=CARTESIAN_POINT('Ctrl Pts',(6.67086692044902,3.01610947933048,5.5));
#7996=CARTESIAN_POINT('Ctrl Pts',(6.68633819477682,3.0360608203839,-0.5));
#7997=CARTESIAN_POINT('Ctrl Pts',(6.68633819477682,3.0360608203839,5.5));
#7998=CARTESIAN_POINT('Ctrl Pts',(6.70169919764469,3.05617207492754,-0.5));
#7999=CARTESIAN_POINT('Ctrl Pts',(6.70169919764469,3.05617207492754,5.5));
#8000=CARTESIAN_POINT('Ctrl Pts',(6.71694972051712,3.07644190167325,-0.5));
#8001=CARTESIAN_POINT('Ctrl Pts',(6.71694972051712,3.07644190167325,5.5));
#8002=CARTESIAN_POINT('Ctrl Pts',(6.73208963782543,3.09686881169379,-0.5));
#8003=CARTESIAN_POINT('Ctrl Pts',(6.73208963782543,3.09686881169379,5.5));
#8004=CARTESIAN_POINT('Ctrl Pts',(6.74711895650254,3.11745107341763,-0.5));
#8005=CARTESIAN_POINT('Ctrl Pts',(6.74711895650254,3.11745107341763,5.5));
#8006=CARTESIAN_POINT('Ctrl Pts',(6.76203775334704,3.13818683739916,-0.5));
#8007=CARTESIAN_POINT('Ctrl Pts',(6.76203775334704,3.13818683739916,5.5));
#8008=CARTESIAN_POINT('Ctrl Pts',(6.77684613931061,3.15907420915158,-0.5));
#8009=CARTESIAN_POINT('Ctrl Pts',(6.77684613931061,3.15907420915158,5.5));
#8010=CARTESIAN_POINT('Ctrl Pts',(6.79154421646174,3.18011133566182,-0.5));
#8011=CARTESIAN_POINT('Ctrl Pts',(6.79154421646174,3.18011133566182,5.5));
#8012=CARTESIAN_POINT('Ctrl Pts',(6.80613203239295,3.20129649969241,-0.5));
#8013=CARTESIAN_POINT('Ctrl Pts',(6.80613203239295,3.20129649969241,5.5));
#8014=CARTESIAN_POINT('Ctrl Pts',(6.82060955916155,3.22262815851376,-0.5));
#8015=CARTESIAN_POINT('Ctrl Pts',(6.82060955916155,3.22262815851376,5.5));
#8016=CARTESIAN_POINT('Ctrl Pts',(6.83497671612654,3.24410488474039,-0.5));
#8017=CARTESIAN_POINT('Ctrl Pts',(6.83497671612654,3.24410488474039,5.5));
#8018=CARTESIAN_POINT('Ctrl Pts',(6.84923338349801,3.26572532777041,-0.5));
#8019=CARTESIAN_POINT('Ctrl Pts',(6.84923338349801,3.26572532777041,5.5));
#8020=CARTESIAN_POINT('Ctrl Pts',(6.86337941957581,3.28748816925644,-0.5));
#8021=CARTESIAN_POINT('Ctrl Pts',(6.86337941957581,3.28748816925644,5.5));
#8022=CARTESIAN_POINT('Ctrl Pts',(6.87741467912398,3.30939207225658,-0.5));
#8023=CARTESIAN_POINT('Ctrl Pts',(6.87741467912398,3.30939207225658,5.5));
#8024=CARTESIAN_POINT('Ctrl Pts',(6.89133902556494,3.3314356583464,-0.5));
#8025=CARTESIAN_POINT('Ctrl Pts',(6.89133902556494,3.3314356583464,5.5));
#8026=CARTESIAN_POINT('Ctrl Pts',(6.90515232814324,3.35361754451092,-0.5));
#8027=CARTESIAN_POINT('Ctrl Pts',(6.90515232814324,3.35361754451092,5.5));
#8028=CARTESIAN_POINT('Ctrl Pts',(6.91885446340341,3.3759363672768,-0.5));
#8029=CARTESIAN_POINT('Ctrl Pts',(6.91885446340341,3.3759363672768,5.5));
#8030=CARTESIAN_POINT('Ctrl Pts',(6.93244531505159,3.39839080876233,-0.5));
#8031=CARTESIAN_POINT('Ctrl Pts',(6.93244531505159,3.39839080876233,5.5));
#8032=CARTESIAN_POINT('Ctrl Pts',(6.94592477701891,3.42097962617443,-0.5));
#8033=CARTESIAN_POINT('Ctrl Pts',(6.94592477701891,3.42097962617443,5.5));
#8034=CARTESIAN_POINT('Ctrl Pts',(6.9592927506674,3.44370166222146,-0.5));
#8035=CARTESIAN_POINT('Ctrl Pts',(6.9592927506674,3.44370166222146,5.5));
#8036=CARTESIAN_POINT('Ctrl Pts',(6.97254912678815,3.4665558038155,-0.5));
#8037=CARTESIAN_POINT('Ctrl Pts',(6.97254912678815,3.4665558038155,5.5));
#8038=CARTESIAN_POINT('Ctrl Pts',(6.98569377040216,3.48954094844464,-0.5));
#8039=CARTESIAN_POINT('Ctrl Pts',(6.98569377040216,3.48954094844464,5.5));
#8040=CARTESIAN_POINT('Ctrl Pts',(6.99872650666161,3.51265596927433,-0.5));
#8041=CARTESIAN_POINT('Ctrl Pts',(6.99872650666161,3.51265596927433,5.5));
#8042=CARTESIAN_POINT('Ctrl Pts',(7.0116471036944,3.53589967341081,-0.5));
#8043=CARTESIAN_POINT('Ctrl Pts',(7.0116471036944,3.53589967341081,5.5));
#8044=CARTESIAN_POINT('Ctrl Pts',(7.02445526774421,3.55927078148371,-0.5));
#8045=CARTESIAN_POINT('Ctrl Pts',(7.02445526774421,3.55927078148371,5.5));
#8046=CARTESIAN_POINT('Ctrl Pts',(7.03715068777779,3.58276800043905,-0.5));
#8047=CARTESIAN_POINT('Ctrl Pts',(7.03715068777779,3.58276800043905,5.5));
#8048=CARTESIAN_POINT('Ctrl Pts',(7.04973307411984,3.60639008238108,-0.5));
#8049=CARTESIAN_POINT('Ctrl Pts',(7.04973307411984,3.60639008238108,5.5));
#8050=CARTESIAN_POINT('Ctrl Pts',(7.06220219893903,3.63013588687882,-0.5));
#8051=CARTESIAN_POINT('Ctrl Pts',(7.06220219893903,3.63013588687882,5.5));
#8052=CARTESIAN_POINT('Ctrl Pts',(7.0745579399213,3.65400444358822,-0.5));
#8053=CARTESIAN_POINT('Ctrl Pts',(7.0745579399213,3.65400444358822,5.5));
#8054=CARTESIAN_POINT('Ctrl Pts',(7.08680031465906,3.67799500650704,-0.5));
#8055=CARTESIAN_POINT('Ctrl Pts',(7.08680031465906,3.67799500650704,5.5));
#8056=CARTESIAN_POINT('Ctrl Pts',(7.09892942384368,3.70210702976534,-0.5));
#8057=CARTESIAN_POINT('Ctrl Pts',(7.09892942384368,3.70210702976534,5.5));
#8058=CARTESIAN_POINT('Ctrl Pts',(7.10854220737543,3.72149352592152,-0.5));
#8059=CARTESIAN_POINT('Ctrl Pts',(7.10854220737543,3.72149352592152,5.5));
#8060=CARTESIAN_POINT('Ctrl Pts',(7.11570094078554,3.73608780087242,-0.5));
#8061=CARTESIAN_POINT('Ctrl Pts',(7.11570094078554,3.73608780087242,5.5));
#8062=CARTESIAN_POINT('Ctrl Pts',(7.12045083535846,3.74584148851923,-0.5));
#8063=CARTESIAN_POINT('Ctrl Pts',(7.12045083535846,3.74584148851923,5.5));
#8064=CARTESIAN_POINT('Ctrl Pts',(7.12282013405255,3.7507243750955,-0.5));
#8065=CARTESIAN_POINT('Ctrl Pts',(7.12282013405255,3.7507243750955,5.5));
#8066=CARTESIAN_POINT('',(6.01355090801899,2.42443672738869,0.));
#8067=CARTESIAN_POINT('',(7.12282013405255,3.7507243750955,0.));
#8068=CARTESIAN_POINT('Origin',(5.15617814049947,2.07877639151869,0.));
#8069=CARTESIAN_POINT('',(5.69480597201564,2.29593080113384,0.));
#8070=CARTESIAN_POINT('Origin',(5.91915655254271,1.73945365244113,0.));
#8071=CARTESIAN_POINT('',(5.34349844176693,1.57028586739308,0.));
#8072=CARTESIAN_POINT('Origin',(0.,0.,0.));
#8073=CARTESIAN_POINT('',(5.41274832934926,1.31184176851737,0.));
#8074=CARTESIAN_POINT('Origin',(5.99586676969967,1.45316722455171,0.));
#8075=CARTESIAN_POINT('',(6.07981204195579,0.859068586894755,0.));
#8076=CARTESIAN_POINT('Origin',(6.42010621698977,0.907151658222881,0.));
#8077=CARTESIAN_POINT('',(6.42010621698977,0.907151658222881,0.));
#8078=CARTESIAN_POINT('Ctrl Pts',(8.04390537022454,0.313187475600057,-0.5));
#8079=CARTESIAN_POINT('Ctrl Pts',(8.04390537022454,0.313187475600057,5.5));
#8080=CARTESIAN_POINT('Ctrl Pts',(8.03941205407817,0.31623153007186,-0.5));
#8081=CARTESIAN_POINT('Ctrl Pts',(8.03941205407817,0.31623153007186,5.5));
#8082=CARTESIAN_POINT('Ctrl Pts',(8.03042168088932,0.322303524068118,-0.5));
#8083=CARTESIAN_POINT('Ctrl Pts',(8.03042168088932,0.322303524068118,5.5));
#8084=CARTESIAN_POINT('Ctrl Pts',(8.01692489842179,0.331363170220354,-0.5));
#8085=CARTESIAN_POINT('Ctrl Pts',(8.01692489842179,0.331363170220354,5.5));
#8086=CARTESIAN_POINT('Ctrl Pts',(7.99890673560413,0.343345976616105,-0.5));
#8087=CARTESIAN_POINT('Ctrl Pts',(7.99890673560413,0.343345976616105,5.5));
#8088=CARTESIAN_POINT('Ctrl Pts',(7.97634660729582,0.358163046702123,-0.5));
#8089=CARTESIAN_POINT('Ctrl Pts',(7.97634660729582,0.358163046702123,5.5));
#8090=CARTESIAN_POINT('Ctrl Pts',(7.95374911831087,0.372818296272026,-0.5));
#8091=CARTESIAN_POINT('Ctrl Pts',(7.95374911831087,0.372818296272026,5.5));
#8092=CARTESIAN_POINT('Ctrl Pts',(7.93111445438293,0.387311202242902,-0.5));
#8093=CARTESIAN_POINT('Ctrl Pts',(7.93111445438293,0.387311202242902,5.5));
#8094=CARTESIAN_POINT('Ctrl Pts',(7.90844297327769,0.40164110976165,-0.5));
#8095=CARTESIAN_POINT('Ctrl Pts',(7.90844297327769,0.40164110976165,5.5));
#8096=CARTESIAN_POINT('Ctrl Pts',(7.88573526609423,0.415807239642698,-0.5));
#8097=CARTESIAN_POINT('Ctrl Pts',(7.88573526609423,0.415807239642698,5.5));
#8098=CARTESIAN_POINT('Ctrl Pts',(7.86299210035576,0.429808718159518,-0.5));
#8099=CARTESIAN_POINT('Ctrl Pts',(7.86299210035576,0.429808718159518,5.5));
#8100=CARTESIAN_POINT('Ctrl Pts',(7.84021435087634,0.443644609440336,-0.5));
#8101=CARTESIAN_POINT('Ctrl Pts',(7.84021435087634,0.443644609440336,5.5));
#8102=CARTESIAN_POINT('Ctrl Pts',(7.81740293354563,0.457313949184186,-0.5));
#8103=CARTESIAN_POINT('Ctrl Pts',(7.81740293354563,0.457313949184186,5.5));
#8104=CARTESIAN_POINT('Ctrl Pts',(7.79455874244928,0.470815776301977,-0.5));
#8105=CARTESIAN_POINT('Ctrl Pts',(7.79455874244928,0.470815776301977,5.5));
#8106=CARTESIAN_POINT('Ctrl Pts',(7.77168257484129,0.484149173653467,-0.5));
#8107=CARTESIAN_POINT('Ctrl Pts',(7.77168257484129,0.484149173653467,5.5));
#8108=CARTESIAN_POINT('Ctrl Pts',(7.74877514556158,0.497313252795216,-0.5));
#8109=CARTESIAN_POINT('Ctrl Pts',(7.74877514556158,0.497313252795216,5.5));
#8110=CARTESIAN_POINT('Ctrl Pts',(7.72583712276135,0.5103071264134,-0.5));
#8111=CARTESIAN_POINT('Ctrl Pts',(7.72583712276135,0.5103071264134,5.5));
#8112=CARTESIAN_POINT('Ctrl Pts',(7.70286915756226,0.523129885150076,-0.5));
#8113=CARTESIAN_POINT('Ctrl Pts',(7.70286915756226,0.523129885150076,5.5));
#8114=CARTESIAN_POINT('Ctrl Pts',(7.6798719140331,0.535780576080236,-0.5));
#8115=CARTESIAN_POINT('Ctrl Pts',(7.6798719140331,0.535780576080236,5.5));
#8116=CARTESIAN_POINT('Ctrl Pts',(7.65684610542876,0.548258175947976,-0.5));
#8117=CARTESIAN_POINT('Ctrl Pts',(7.65684610542876,0.548258175947976,5.5));
#8118=CARTESIAN_POINT('Ctrl Pts',(7.63379249140354,0.560561601581151,-0.5));
#8119=CARTESIAN_POINT('Ctrl Pts',(7.63379249140354,0.560561601581151,5.5));
#8120=CARTESIAN_POINT('Ctrl Pts',(7.61071186060966,0.572689733904962,-0.5));
#8121=CARTESIAN_POINT('Ctrl Pts',(7.61071186060966,0.572689733904962,5.5));
#8122=CARTESIAN_POINT('Ctrl Pts',(7.58760501779217,0.584641440571026,-0.5));
#8123=CARTESIAN_POINT('Ctrl Pts',(7.58760501779217,0.584641440571026,5.5));
#8124=CARTESIAN_POINT('Ctrl Pts',(7.56447277044292,0.59641559611756,-0.5));
#8125=CARTESIAN_POINT('Ctrl Pts',(7.56447277044292,0.59641559611756,5.5));
#8126=CARTESIAN_POINT('Ctrl Pts',(7.54131591281093,0.608011115336903,-0.5));
#8127=CARTESIAN_POINT('Ctrl Pts',(7.54131591281093,0.608011115336903,5.5));
#8128=CARTESIAN_POINT('Ctrl Pts',(7.51813522678576,0.619426927356793,-0.5));
#8129=CARTESIAN_POINT('Ctrl Pts',(7.51813522678576,0.619426927356793,5.5));
#8130=CARTESIAN_POINT('Ctrl Pts',(7.49493149140951,0.630661922416644,-0.5));
#8131=CARTESIAN_POINT('Ctrl Pts',(7.49493149140951,0.630661922416644,5.5));
#8132=CARTESIAN_POINT('Ctrl Pts',(7.47170549021206,0.641714904684869,-0.5));
#8133=CARTESIAN_POINT('Ctrl Pts',(7.47170549021206,0.641714904684869,5.5));
#8134=CARTESIAN_POINT('Ctrl Pts',(7.44845801875727,0.652584552089805,-0.5));
#8135=CARTESIAN_POINT('Ctrl Pts',(7.44845801875727,0.652584552089805,5.5));
#8136=CARTESIAN_POINT('Ctrl Pts',(7.42518989444757,0.663269353663904,-0.5));
#8137=CARTESIAN_POINT('Ctrl Pts',(7.42518989444757,0.663269353663904,5.5));
#8138=CARTESIAN_POINT('Ctrl Pts',(7.40190195539556,0.673767653616532,-0.5));
#8139=CARTESIAN_POINT('Ctrl Pts',(7.40190195539556,0.673767653616532,5.5));
#8140=CARTESIAN_POINT('Ctrl Pts',(7.3785950527577,0.684077755798166,-0.5));
#8141=CARTESIAN_POINT('Ctrl Pts',(7.3785950527577,0.684077755798166,5.5));
#8142=CARTESIAN_POINT('Ctrl Pts',(7.35527004474723,0.694198020142615,-0.5));
#8143=CARTESIAN_POINT('Ctrl Pts',(7.35527004474723,0.694198020142615,5.5));
#8144=CARTESIAN_POINT('Ctrl Pts',(7.33192779114585,0.704126943598497,-0.5));
#8145=CARTESIAN_POINT('Ctrl Pts',(7.33192779114585,0.704126943598497,5.5));
#8146=CARTESIAN_POINT('Ctrl Pts',(7.30856914516286,0.713863299501327,-0.5));
#8147=CARTESIAN_POINT('Ctrl Pts',(7.30856914516286,0.713863299501327,5.5));
#8148=CARTESIAN_POINT('Ctrl Pts',(7.28519495803936,0.723406030529254,-0.5));
#8149=CARTESIAN_POINT('Ctrl Pts',(7.28519495803936,0.723406030529254,5.5));
#8150=CARTESIAN_POINT('Ctrl Pts',(7.26180609196637,0.732753985316028,-0.5));
#8151=CARTESIAN_POINT('Ctrl Pts',(7.26180609196637,0.732753985316028,5.5));
#8152=CARTESIAN_POINT('Ctrl Pts',(7.23840343157706,0.741905681965997,-0.5));
#8153=CARTESIAN_POINT('Ctrl Pts',(7.23840343157706,0.741905681965997,5.5));
#8154=CARTESIAN_POINT('Ctrl Pts',(7.21498789410648,0.750859107449479,-0.5));
#8155=CARTESIAN_POINT('Ctrl Pts',(7.21498789410648,0.750859107449479,5.5));
#8156=CARTESIAN_POINT('Ctrl Pts',(7.19156044536297,0.75961138875356,-0.5));
#8157=CARTESIAN_POINT('Ctrl Pts',(7.19156044536297,0.75961138875356,5.5));
#8158=CARTESIAN_POINT('Ctrl Pts',(7.1681220910755,0.768159016457242,-0.5));
#8159=CARTESIAN_POINT('Ctrl Pts',(7.1681220910755,0.768159016457242,5.5));
#8160=CARTESIAN_POINT('Ctrl Pts',(7.14467385191801,0.776498433380251,-0.5));
#8161=CARTESIAN_POINT('Ctrl Pts',(7.14467385191801,0.776498433380251,5.5));
#8162=CARTESIAN_POINT('Ctrl Pts',(7.12121674131662,0.784626566359105,-0.5));
#8163=CARTESIAN_POINT('Ctrl Pts',(7.12121674131662,0.784626566359105,5.5));
#8164=CARTESIAN_POINT('Ctrl Pts',(7.09775174688353,0.792541274106697,-0.5));
#8165=CARTESIAN_POINT('Ctrl Pts',(7.09775174688353,0.792541274106697,5.5));
#8166=CARTESIAN_POINT('Ctrl Pts',(7.0742797986884,0.800242104698291,-0.5));
#8167=CARTESIAN_POINT('Ctrl Pts',(7.0742797986884,0.800242104698291,5.5));
#8168=CARTESIAN_POINT('Ctrl Pts',(7.05080179481158,0.807729722794659,-0.5));
#8169=CARTESIAN_POINT('Ctrl Pts',(7.05080179481158,0.807729722794659,5.5));
#8170=CARTESIAN_POINT('Ctrl Pts',(7.02731866356643,0.815004487612946,-0.5));
#8171=CARTESIAN_POINT('Ctrl Pts',(7.02731866356643,0.815004487612946,5.5));
#8172=CARTESIAN_POINT('Ctrl Pts',(7.00383141973208,0.822065170286232,-0.5));
#8173=CARTESIAN_POINT('Ctrl Pts',(7.00383141973208,0.822065170286232,5.5));
#8174=CARTESIAN_POINT('Ctrl Pts',(6.9803412127244,0.828907865645332,-0.5));
#8175=CARTESIAN_POINT('Ctrl Pts',(6.9803412127244,0.828907865645332,5.5));
#8176=CARTESIAN_POINT('Ctrl Pts',(6.95684940497902,0.835524191667621,-0.5));
#8177=CARTESIAN_POINT('Ctrl Pts',(6.95684940497902,0.835524191667621,5.5));
#8178=CARTESIAN_POINT('Ctrl Pts',(6.93335751477297,0.84190269431815,-0.5));
#8179=CARTESIAN_POINT('Ctrl Pts',(6.93335751477297,0.84190269431815,5.5));
#8180=CARTESIAN_POINT('Ctrl Pts',(6.90986708187115,0.848032080182034,-0.5));
#8181=CARTESIAN_POINT('Ctrl Pts',(6.90986708187115,0.848032080182034,5.5));
#8182=CARTESIAN_POINT('Ctrl Pts',(6.88637954538076,0.853904157913483,-0.5));
#8183=CARTESIAN_POINT('Ctrl Pts',(6.88637954538076,0.853904157913483,5.5));
#8184=CARTESIAN_POINT('Ctrl Pts',(6.86289614142963,0.859516323825147,-0.5));
#8185=CARTESIAN_POINT('Ctrl Pts',(6.86289614142963,0.859516323825147,5.5));
#8186=CARTESIAN_POINT('Ctrl Pts',(6.83941772944835,0.864875709530408,-0.5));
#8187=CARTESIAN_POINT('Ctrl Pts',(6.83941772944835,0.864875709530408,5.5));
#8188=CARTESIAN_POINT('Ctrl Pts',(6.81594496396828,0.869995291804869,-0.5));
#8189=CARTESIAN_POINT('Ctrl Pts',(6.81594496396828,0.869995291804869,5.5));
#8190=CARTESIAN_POINT('Ctrl Pts',(6.79247862919114,0.874886221356462,-0.5));
#8191=CARTESIAN_POINT('Ctrl Pts',(6.79247862919114,0.874886221356462,5.5));
#8192=CARTESIAN_POINT('Ctrl Pts',(6.76901994628675,0.879550777930927,-0.5));
#8193=CARTESIAN_POINT('Ctrl Pts',(6.76901994628675,0.879550777930927,5.5));
#8194=CARTESIAN_POINT('Ctrl Pts',(6.74557083961386,0.883976306240781,-0.5));
#8195=CARTESIAN_POINT('Ctrl Pts',(6.74557083961386,0.883976306240781,5.5));
#8196=CARTESIAN_POINT('Ctrl Pts',(6.72213435550073,0.888125543974225,-0.5));
#8197=CARTESIAN_POINT('Ctrl Pts',(6.72213435550073,0.888125543974225,5.5));
#8198=CARTESIAN_POINT('Ctrl Pts',(6.69871423921015,0.891946890586322,-0.5));
#8199=CARTESIAN_POINT('Ctrl Pts',(6.69871423921015,0.891946890586322,5.5));
#8200=CARTESIAN_POINT('Ctrl Pts',(6.67531421972684,0.895391678549427,-0.5));
#8201=CARTESIAN_POINT('Ctrl Pts',(6.67531421972684,0.895391678549427,5.5));
#8202=CARTESIAN_POINT('Ctrl Pts',(6.6519373371481,0.898430271836105,-0.5));
#8203=CARTESIAN_POINT('Ctrl Pts',(6.6519373371481,0.898430271836105,5.5));
#8204=CARTESIAN_POINT('Ctrl Pts',(6.62858537017198,0.901066178736901,-0.5));
#8205=CARTESIAN_POINT('Ctrl Pts',(6.62858537017198,0.901066178736901,5.5));
#8206=CARTESIAN_POINT('Ctrl Pts',(6.60525791195515,0.903357522037563,-0.5));
#8207=CARTESIAN_POINT('Ctrl Pts',(6.60525791195515,0.903357522037563,5.5));
#8208=CARTESIAN_POINT('Ctrl Pts',(6.58195390072161,0.905386776363815,-0.5));
#8209=CARTESIAN_POINT('Ctrl Pts',(6.58195390072161,0.905386776363815,5.5));
#8210=CARTESIAN_POINT('Ctrl Pts',(6.5586737175737,0.907218416175499,-0.5));
#8211=CARTESIAN_POINT('Ctrl Pts',(6.5586737175737,0.907218416175499,5.5));
#8212=CARTESIAN_POINT('Ctrl Pts',(6.53542116725981,0.908859323612599,-0.5));
#8213=CARTESIAN_POINT('Ctrl Pts',(6.53542116725981,0.908859323612599,5.5));
#8214=CARTESIAN_POINT('Ctrl Pts',(6.5122053410738,0.910221050248129,-0.5));
#8215=CARTESIAN_POINT('Ctrl Pts',(6.5122053410738,0.910221050248129,5.5));
#8216=CARTESIAN_POINT('Ctrl Pts',(6.4890429911396,0.911072987219754,-0.5));
#8217=CARTESIAN_POINT('Ctrl Pts',(6.4890429911396,0.911072987219754,5.5));
#8218=CARTESIAN_POINT('Ctrl Pts',(6.46595481719808,0.911105068738672,-0.5));
#8219=CARTESIAN_POINT('Ctrl Pts',(6.46595481719808,0.911105068738672,5.5));
#8220=CARTESIAN_POINT('Ctrl Pts',(6.44755978970361,0.910223780411022,-0.5));
#8221=CARTESIAN_POINT('Ctrl Pts',(6.44755978970361,0.910223780411022,5.5));
#8222=CARTESIAN_POINT('Ctrl Pts',(6.43381299344649,0.90894167261934,-0.5));
#8223=CARTESIAN_POINT('Ctrl Pts',(6.43381299344649,0.90894167261934,5.5));
#8224=CARTESIAN_POINT('Ctrl Pts',(6.42467133104104,0.907796702189697,-0.5));
#8225=CARTESIAN_POINT('Ctrl Pts',(6.42467133104104,0.907796702189697,5.5));
#8226=CARTESIAN_POINT('Ctrl Pts',(6.42010621698977,0.907151658222881,-0.5));
#8227=CARTESIAN_POINT('Ctrl Pts',(6.42010621698977,0.907151658222881,5.5));
#8228=CARTESIAN_POINT('',(8.04390537022454,0.313187475600047,0.));
#8229=CARTESIAN_POINT('Ctrl Pts',(6.42010621698977,-0.907151658222881,-0.5));
#8230=CARTESIAN_POINT('Ctrl Pts',(6.42010621698977,-0.907151658222881,5.5));
#8231=CARTESIAN_POINT('Ctrl Pts',(6.42467133104104,-0.907796702189697,-0.5));
#8232=CARTESIAN_POINT('Ctrl Pts',(6.42467133104104,-0.907796702189697,5.5));
#8233=CARTESIAN_POINT('Ctrl Pts',(6.43381299344649,-0.90894167261934,-0.5));
#8234=CARTESIAN_POINT('Ctrl Pts',(6.43381299344649,-0.90894167261934,5.5));
#8235=CARTESIAN_POINT('Ctrl Pts',(6.44755978970361,-0.910223780411022,-0.5));
#8236=CARTESIAN_POINT('Ctrl Pts',(6.44755978970361,-0.910223780411022,5.5));
#8237=CARTESIAN_POINT('Ctrl Pts',(6.46595481719808,-0.911105068738672,-0.5));
#8238=CARTESIAN_POINT('Ctrl Pts',(6.46595481719808,-0.911105068738672,5.5));
#8239=CARTESIAN_POINT('Ctrl Pts',(6.4890429911396,-0.911072987219754,-0.5));
#8240=CARTESIAN_POINT('Ctrl Pts',(6.4890429911396,-0.911072987219754,5.5));
#8241=CARTESIAN_POINT('Ctrl Pts',(6.5122053410738,-0.910221050248129,-0.5));
#8242=CARTESIAN_POINT('Ctrl Pts',(6.5122053410738,-0.910221050248129,5.5));
#8243=CARTESIAN_POINT('Ctrl Pts',(6.53542116725981,-0.908859323612599,-0.5));
#8244=CARTESIAN_POINT('Ctrl Pts',(6.53542116725981,-0.908859323612599,5.5));
#8245=CARTESIAN_POINT('Ctrl Pts',(6.5586737175737,-0.907218416175499,-0.5));
#8246=CARTESIAN_POINT('Ctrl Pts',(6.5586737175737,-0.907218416175499,5.5));
#8247=CARTESIAN_POINT('Ctrl Pts',(6.58195390072161,-0.905386776363815,-0.5));
#8248=CARTESIAN_POINT('Ctrl Pts',(6.58195390072161,-0.905386776363815,5.5));
#8249=CARTESIAN_POINT('Ctrl Pts',(6.60525791195515,-0.903357522037563,-0.5));
#8250=CARTESIAN_POINT('Ctrl Pts',(6.60525791195515,-0.903357522037563,5.5));
#8251=CARTESIAN_POINT('Ctrl Pts',(6.62858537017198,-0.901066178736901,-0.5));
#8252=CARTESIAN_POINT('Ctrl Pts',(6.62858537017198,-0.901066178736901,5.5));
#8253=CARTESIAN_POINT('Ctrl Pts',(6.6519373371481,-0.898430271836105,-0.5));
#8254=CARTESIAN_POINT('Ctrl Pts',(6.6519373371481,-0.898430271836105,5.5));
#8255=CARTESIAN_POINT('Ctrl Pts',(6.67531421972684,-0.895391678549427,-0.5));
#8256=CARTESIAN_POINT('Ctrl Pts',(6.67531421972684,-0.895391678549427,5.5));
#8257=CARTESIAN_POINT('Ctrl Pts',(6.69871423921015,-0.891946890586322,-0.5));
#8258=CARTESIAN_POINT('Ctrl Pts',(6.69871423921015,-0.891946890586322,5.5));
#8259=CARTESIAN_POINT('Ctrl Pts',(6.72213435550073,-0.888125543974225,-0.5));
#8260=CARTESIAN_POINT('Ctrl Pts',(6.72213435550073,-0.888125543974225,5.5));
#8261=CARTESIAN_POINT('Ctrl Pts',(6.74557083961386,-0.883976306240781,-0.5));
#8262=CARTESIAN_POINT('Ctrl Pts',(6.74557083961386,-0.883976306240781,5.5));
#8263=CARTESIAN_POINT('Ctrl Pts',(6.76901994628675,-0.879550777930927,-0.5));
#8264=CARTESIAN_POINT('Ctrl Pts',(6.76901994628675,-0.879550777930927,5.5));
#8265=CARTESIAN_POINT('Ctrl Pts',(6.79247862919114,-0.874886221356462,-0.5));
#8266=CARTESIAN_POINT('Ctrl Pts',(6.79247862919114,-0.874886221356462,5.5));
#8267=CARTESIAN_POINT('Ctrl Pts',(6.81594496396828,-0.869995291804869,-0.5));
#8268=CARTESIAN_POINT('Ctrl Pts',(6.81594496396828,-0.869995291804869,5.5));
#8269=CARTESIAN_POINT('Ctrl Pts',(6.83941772944835,-0.864875709530408,-0.5));
#8270=CARTESIAN_POINT('Ctrl Pts',(6.83941772944835,-0.864875709530408,5.5));
#8271=CARTESIAN_POINT('Ctrl Pts',(6.86289614142963,-0.859516323825147,-0.5));
#8272=CARTESIAN_POINT('Ctrl Pts',(6.86289614142963,-0.859516323825147,5.5));
#8273=CARTESIAN_POINT('Ctrl Pts',(6.88637954538076,-0.853904157913483,-0.5));
#8274=CARTESIAN_POINT('Ctrl Pts',(6.88637954538076,-0.853904157913483,5.5));
#8275=CARTESIAN_POINT('Ctrl Pts',(6.90986708187115,-0.848032080182034,-0.5));
#8276=CARTESIAN_POINT('Ctrl Pts',(6.90986708187115,-0.848032080182034,5.5));
#8277=CARTESIAN_POINT('Ctrl Pts',(6.93335751477297,-0.84190269431815,-0.5));
#8278=CARTESIAN_POINT('Ctrl Pts',(6.93335751477297,-0.84190269431815,5.5));
#8279=CARTESIAN_POINT('Ctrl Pts',(6.95684940497902,-0.835524191667621,-0.5));
#8280=CARTESIAN_POINT('Ctrl Pts',(6.95684940497902,-0.835524191667621,5.5));
#8281=CARTESIAN_POINT('Ctrl Pts',(6.9803412127244,-0.828907865645332,-0.5));
#8282=CARTESIAN_POINT('Ctrl Pts',(6.9803412127244,-0.828907865645332,5.5));
#8283=CARTESIAN_POINT('Ctrl Pts',(7.00383141973208,-0.822065170286232,-0.5));
#8284=CARTESIAN_POINT('Ctrl Pts',(7.00383141973208,-0.822065170286232,5.5));
#8285=CARTESIAN_POINT('Ctrl Pts',(7.02731866356643,-0.815004487612946,-0.5));
#8286=CARTESIAN_POINT('Ctrl Pts',(7.02731866356643,-0.815004487612946,5.5));
#8287=CARTESIAN_POINT('Ctrl Pts',(7.05080179481158,-0.807729722794659,-0.5));
#8288=CARTESIAN_POINT('Ctrl Pts',(7.05080179481158,-0.807729722794659,5.5));
#8289=CARTESIAN_POINT('Ctrl Pts',(7.0742797986884,-0.800242104698291,-0.5));
#8290=CARTESIAN_POINT('Ctrl Pts',(7.0742797986884,-0.800242104698291,5.5));
#8291=CARTESIAN_POINT('Ctrl Pts',(7.09775174688353,-0.792541274106697,-0.5));
#8292=CARTESIAN_POINT('Ctrl Pts',(7.09775174688353,-0.792541274106697,5.5));
#8293=CARTESIAN_POINT('Ctrl Pts',(7.12121674131662,-0.784626566359105,-0.5));
#8294=CARTESIAN_POINT('Ctrl Pts',(7.12121674131662,-0.784626566359105,5.5));
#8295=CARTESIAN_POINT('Ctrl Pts',(7.14467385191801,-0.776498433380251,-0.5));
#8296=CARTESIAN_POINT('Ctrl Pts',(7.14467385191801,-0.776498433380251,5.5));
#8297=CARTESIAN_POINT('Ctrl Pts',(7.1681220910755,-0.768159016457242,-0.5));
#8298=CARTESIAN_POINT('Ctrl Pts',(7.1681220910755,-0.768159016457242,5.5));
#8299=CARTESIAN_POINT('Ctrl Pts',(7.19156044536297,-0.75961138875356,-0.5));
#8300=CARTESIAN_POINT('Ctrl Pts',(7.19156044536297,-0.75961138875356,5.5));
#8301=CARTESIAN_POINT('Ctrl Pts',(7.21498789410648,-0.750859107449479,-0.5));
#8302=CARTESIAN_POINT('Ctrl Pts',(7.21498789410648,-0.750859107449479,5.5));
#8303=CARTESIAN_POINT('Ctrl Pts',(7.23840343157706,-0.741905681965997,-0.5));
#8304=CARTESIAN_POINT('Ctrl Pts',(7.23840343157706,-0.741905681965997,5.5));
#8305=CARTESIAN_POINT('Ctrl Pts',(7.26180609196637,-0.732753985316028,-0.5));
#8306=CARTESIAN_POINT('Ctrl Pts',(7.26180609196637,-0.732753985316028,5.5));
#8307=CARTESIAN_POINT('Ctrl Pts',(7.28519495803936,-0.723406030529254,-0.5));
#8308=CARTESIAN_POINT('Ctrl Pts',(7.28519495803936,-0.723406030529254,5.5));
#8309=CARTESIAN_POINT('Ctrl Pts',(7.30856914516286,-0.713863299501327,-0.5));
#8310=CARTESIAN_POINT('Ctrl Pts',(7.30856914516286,-0.713863299501327,5.5));
#8311=CARTESIAN_POINT('Ctrl Pts',(7.33192779114585,-0.704126943598497,-0.5));
#8312=CARTESIAN_POINT('Ctrl Pts',(7.33192779114585,-0.704126943598497,5.5));
#8313=CARTESIAN_POINT('Ctrl Pts',(7.35527004474723,-0.694198020142615,-0.5));
#8314=CARTESIAN_POINT('Ctrl Pts',(7.35527004474723,-0.694198020142615,5.5));
#8315=CARTESIAN_POINT('Ctrl Pts',(7.3785950527577,-0.684077755798166,-0.5));
#8316=CARTESIAN_POINT('Ctrl Pts',(7.3785950527577,-0.684077755798166,5.5));
#8317=CARTESIAN_POINT('Ctrl Pts',(7.40190195539556,-0.673767653616532,-0.5));
#8318=CARTESIAN_POINT('Ctrl Pts',(7.40190195539556,-0.673767653616532,5.5));
#8319=CARTESIAN_POINT('Ctrl Pts',(7.42518989444757,-0.663269353663904,-0.5));
#8320=CARTESIAN_POINT('Ctrl Pts',(7.42518989444757,-0.663269353663904,5.5));
#8321=CARTESIAN_POINT('Ctrl Pts',(7.44845801875727,-0.652584552089805,-0.5));
#8322=CARTESIAN_POINT('Ctrl Pts',(7.44845801875727,-0.652584552089805,5.5));
#8323=CARTESIAN_POINT('Ctrl Pts',(7.47170549021206,-0.641714904684869,-0.5));
#8324=CARTESIAN_POINT('Ctrl Pts',(7.47170549021206,-0.641714904684869,5.5));
#8325=CARTESIAN_POINT('Ctrl Pts',(7.49493149140951,-0.630661922416644,-0.5));
#8326=CARTESIAN_POINT('Ctrl Pts',(7.49493149140951,-0.630661922416644,5.5));
#8327=CARTESIAN_POINT('Ctrl Pts',(7.51813522678576,-0.619426927356793,-0.5));
#8328=CARTESIAN_POINT('Ctrl Pts',(7.51813522678576,-0.619426927356793,5.5));
#8329=CARTESIAN_POINT('Ctrl Pts',(7.54131591281093,-0.608011115336903,-0.5));
#8330=CARTESIAN_POINT('Ctrl Pts',(7.54131591281093,-0.608011115336903,5.5));
#8331=CARTESIAN_POINT('Ctrl Pts',(7.56447277044292,-0.59641559611756,-0.5));
#8332=CARTESIAN_POINT('Ctrl Pts',(7.56447277044292,-0.59641559611756,5.5));
#8333=CARTESIAN_POINT('Ctrl Pts',(7.58760501779217,-0.584641440571026,-0.5));
#8334=CARTESIAN_POINT('Ctrl Pts',(7.58760501779217,-0.584641440571026,5.5));
#8335=CARTESIAN_POINT('Ctrl Pts',(7.61071186060966,-0.572689733904962,-0.5));
#8336=CARTESIAN_POINT('Ctrl Pts',(7.61071186060966,-0.572689733904962,5.5));
#8337=CARTESIAN_POINT('Ctrl Pts',(7.63379249140354,-0.560561601581151,-0.5));
#8338=CARTESIAN_POINT('Ctrl Pts',(7.63379249140354,-0.560561601581151,5.5));
#8339=CARTESIAN_POINT('Ctrl Pts',(7.65684610542876,-0.548258175947976,-0.5));
#8340=CARTESIAN_POINT('Ctrl Pts',(7.65684610542876,-0.548258175947976,5.5));
#8341=CARTESIAN_POINT('Ctrl Pts',(7.6798719140331,-0.535780576080236,-0.5));
#8342=CARTESIAN_POINT('Ctrl Pts',(7.6798719140331,-0.535780576080236,5.5));
#8343=CARTESIAN_POINT('Ctrl Pts',(7.70286915756226,-0.523129885150076,-0.5));
#8344=CARTESIAN_POINT('Ctrl Pts',(7.70286915756226,-0.523129885150076,5.5));
#8345=CARTESIAN_POINT('Ctrl Pts',(7.72583712276135,-0.5103071264134,-0.5));
#8346=CARTESIAN_POINT('Ctrl Pts',(7.72583712276135,-0.5103071264134,5.5));
#8347=CARTESIAN_POINT('Ctrl Pts',(7.74877514556158,-0.497313252795216,-0.5));
#8348=CARTESIAN_POINT('Ctrl Pts',(7.74877514556158,-0.497313252795216,5.5));
#8349=CARTESIAN_POINT('Ctrl Pts',(7.77168257484129,-0.484149173653467,-0.5));
#8350=CARTESIAN_POINT('Ctrl Pts',(7.77168257484129,-0.484149173653467,5.5));
#8351=CARTESIAN_POINT('Ctrl Pts',(7.79455874244928,-0.470815776301977,-0.5));
#8352=CARTESIAN_POINT('Ctrl Pts',(7.79455874244928,-0.470815776301977,5.5));
#8353=CARTESIAN_POINT('Ctrl Pts',(7.81740293354563,-0.457313949184186,-0.5));
#8354=CARTESIAN_POINT('Ctrl Pts',(7.81740293354563,-0.457313949184186,5.5));
#8355=CARTESIAN_POINT('Ctrl Pts',(7.84021435087634,-0.443644609440336,-0.5));
#8356=CARTESIAN_POINT('Ctrl Pts',(7.84021435087634,-0.443644609440336,5.5));
#8357=CARTESIAN_POINT('Ctrl Pts',(7.86299210035576,-0.429808718159518,-0.5));
#8358=CARTESIAN_POINT('Ctrl Pts',(7.86299210035576,-0.429808718159518,5.5));
#8359=CARTESIAN_POINT('Ctrl Pts',(7.88573526609423,-0.415807239642698,-0.5));
#8360=CARTESIAN_POINT('Ctrl Pts',(7.88573526609423,-0.415807239642698,5.5));
#8361=CARTESIAN_POINT('Ctrl Pts',(7.90844297327769,-0.40164110976165,-0.5));
#8362=CARTESIAN_POINT('Ctrl Pts',(7.90844297327769,-0.40164110976165,5.5));
#8363=CARTESIAN_POINT('Ctrl Pts',(7.93111445438293,-0.387311202242902,-0.5));
#8364=CARTESIAN_POINT('Ctrl Pts',(7.93111445438293,-0.387311202242902,5.5));
#8365=CARTESIAN_POINT('Ctrl Pts',(7.95374911831087,-0.372818296272026,-0.5));
#8366=CARTESIAN_POINT('Ctrl Pts',(7.95374911831087,-0.372818296272026,5.5));
#8367=CARTESIAN_POINT('Ctrl Pts',(7.97634660729582,-0.358163046702123,-0.5));
#8368=CARTESIAN_POINT('Ctrl Pts',(7.97634660729582,-0.358163046702123,5.5));
#8369=CARTESIAN_POINT('Ctrl Pts',(7.99890673560413,-0.343345976616105,-0.5));
#8370=CARTESIAN_POINT('Ctrl Pts',(7.99890673560413,-0.343345976616105,5.5));
#8371=CARTESIAN_POINT('Ctrl Pts',(8.01692489842179,-0.331363170220354,-0.5));
#8372=CARTESIAN_POINT('Ctrl Pts',(8.01692489842179,-0.331363170220354,5.5));
#8373=CARTESIAN_POINT('Ctrl Pts',(8.03042168088932,-0.322303524068118,-0.5));
#8374=CARTESIAN_POINT('Ctrl Pts',(8.03042168088932,-0.322303524068118,5.5));
#8375=CARTESIAN_POINT('Ctrl Pts',(8.03941205407817,-0.31623153007186,-0.5));
#8376=CARTESIAN_POINT('Ctrl Pts',(8.03941205407817,-0.31623153007186,5.5));
#8377=CARTESIAN_POINT('Ctrl Pts',(8.04390537022454,-0.313187475600057,-0.5));
#8378=CARTESIAN_POINT('Ctrl Pts',(8.04390537022454,-0.313187475600057,5.5));
#8379=CARTESIAN_POINT('',(6.42010621698977,-0.907151658222881,0.));
#8380=CARTESIAN_POINT('',(8.04390537022454,-0.313187475600057,0.));
#8381=CARTESIAN_POINT('Origin',(5.50476945186989,-0.777815906407205,0.));
#8382=CARTESIAN_POINT('',(6.07981204195579,-0.859068586894755,0.));
#8383=CARTESIAN_POINT('Origin',(-4.86277684785819E-13,6.31088724176809E-29,
0.));
#8384=CARTESIAN_POINT('',(0.313187475600045,-8.04390537022454,0.));
#8385=CARTESIAN_POINT('',(-0.31318747560006,-8.04390537022454,0.));
#8386=CARTESIAN_POINT('',(-3.75072437509551,-7.12282013405254,0.));
#8387=CARTESIAN_POINT('',(-4.29318099512904,-6.80963265845249,0.));
#8388=CARTESIAN_POINT('',(-6.8096326584525,-4.29318099512903,0.));
#8389=CARTESIAN_POINT('',(-7.12282013405255,-3.7507243750955,0.));
#8390=CARTESIAN_POINT('',(-8.04390537022454,-0.313187475600046,0.));
#8391=CARTESIAN_POINT('',(-8.04390537022454,0.313187475600059,0.));
#8392=CARTESIAN_POINT('',(8.04390537022357,-0.313187475600058,0.));
#8393=CARTESIAN_POINT('',(7.21827542179919,3.56356562098443,-10.));
#8394=CARTESIAN_POINT('',(7.21827542179853,3.56356562098195,0.));
#8395=CARTESIAN_POINT('',(4.4694270762991,-6.69527606672357,-10.));
#8396=CARTESIAN_POINT('Origin',(-4.86277684785819E-13,6.31088724176809E-29,
-10.));
#8397=CARTESIAN_POINT('',(4.46942707629932,-6.69527606672274,0.));
#8398=CARTESIAN_POINT('',(7.12282013405254,-3.75072437509551,0.));
#8399=CARTESIAN_POINT('',(6.80963265845249,-4.29318099512904,0.));
#8400=CARTESIAN_POINT('',(4.29318099512902,-6.8096326584525,0.));
#8401=CARTESIAN_POINT('',(3.7507243750955,-7.12282013405256,0.));
#8402=CARTESIAN_POINT('Origin',(5.99586676969967,-1.45316722455171,0.));
#8403=CARTESIAN_POINT('',(5.41274832934926,-1.31184176851737,0.));
#8404=CARTESIAN_POINT('Origin',(0.,0.,0.));
#8405=CARTESIAN_POINT('',(5.34349844176693,-1.57028586739308,0.));
#8406=CARTESIAN_POINT('Origin',(5.9191565525427,-1.73945365244113,0.));
#8407=CARTESIAN_POINT('',(5.69480597201563,-2.29593080113384,0.));
#8408=CARTESIAN_POINT('Origin',(-5.32907051820075E-13,8.97060203897126E-13,
-10.));
#8409=CARTESIAN_POINT('',(6.53106333542417,0.998855199057428,-9.99999999999999));
#8410=CARTESIAN_POINT('Origin',(7.21827542179919,3.56356562098443,-20.));
#8411=CARTESIAN_POINT('Origin',(-5.32907051820075E-13,8.97060203897126E-13,
2.22044604925031E-15));
#8412=CARTESIAN_POINT('',(-2.,-2.44929359829471E-16,0.));
#8413=CARTESIAN_POINT('Origin',(0.,0.,0.));
#8414=CARTESIAN_POINT('Origin',(6.01355090801899,-2.4244367273887,0.));
#8415=CARTESIAN_POINT('',(6.01355090801899,-2.4244367273887,0.));
#8416=CARTESIAN_POINT('Origin',(4.465989327991,-4.25641311725854,0.));
#8417=CARTESIAN_POINT('',(4.03165667324955,-3.84246246195618,0.));
#8418=CARTESIAN_POINT('',(4.83573738512088,-3.78388124082196,0.));
#8419=CARTESIAN_POINT('Origin',(4.37836223409226,-3.42599306035121,0.));
#8420=CARTESIAN_POINT('',(5.10639924979611,-3.99566948960108,0.));
#8421=CARTESIAN_POINT('Origin',(4.25641311725853,-4.465989327991,0.));
#8422=CARTESIAN_POINT('',(3.78388124082195,-4.83573738512088,0.));
#8423=CARTESIAN_POINT('',(3.84246246195618,-4.03165667324956,0.));
#8424=CARTESIAN_POINT('Origin',(3.99566948960108,-5.10639924979612,0.));
#8425=CARTESIAN_POINT('',(3.99566948960108,-5.10639924979612,0.));
#8426=CARTESIAN_POINT('Origin',(1.73945365244113,-5.91915655254271,0.));
#8427=CARTESIAN_POINT('',(1.57028586739308,-5.34349844176693,0.));
#8428=CARTESIAN_POINT('',(2.29593080113383,-5.69480597201564,0.));
#8429=CARTESIAN_POINT('Origin',(2.07877639151868,-5.15617814049947,0.));
#8430=CARTESIAN_POINT('',(2.42443672738869,-6.013550908019,0.));
#8431=CARTESIAN_POINT('Origin',(1.4531672245517,-5.99586676969967,0.));
#8432=CARTESIAN_POINT('',(0.859068586894754,-6.07981204195579,0.));
#8433=CARTESIAN_POINT('',(1.31184176851737,-5.41274832934926,0.));
#8434=CARTESIAN_POINT('Origin',(0.907151658222879,-6.42010621698978,0.));
#8435=CARTESIAN_POINT('',(0.907151658222879,-6.42010621698978,0.));
#8436=CARTESIAN_POINT('Origin',(-1.45316722455171,-5.99586676969967,0.));
#8437=CARTESIAN_POINT('',(-1.31184176851737,-5.41274832934926,0.));
#8438=CARTESIAN_POINT('',(-0.859068586894756,-6.07981204195579,0.));
#8439=CARTESIAN_POINT('Origin',(-0.777815906407206,-5.50476945186989,0.));
#8440=CARTESIAN_POINT('',(-0.907151658222883,-6.42010621698977,0.));
#8441=CARTESIAN_POINT('Origin',(-1.73945365244113,-5.9191565525427,0.));
#8442=CARTESIAN_POINT('',(-2.29593080113384,-5.69480597201563,0.));
#8443=CARTESIAN_POINT('',(-1.57028586739308,-5.34349844176693,0.));
#8444=CARTESIAN_POINT('Origin',(-2.4244367273887,-6.01355090801899,0.));
#8445=CARTESIAN_POINT('',(-2.4244367273887,-6.01355090801899,0.));
#8446=CARTESIAN_POINT('Origin',(-4.25641311725854,-4.46598932799099,0.));
#8447=CARTESIAN_POINT('',(-3.84246246195618,-4.03165667324955,0.));
#8448=CARTESIAN_POINT('',(-3.78388124082196,-4.83573738512088,0.));
#8449=CARTESIAN_POINT('Origin',(-3.42599306035121,-4.37836223409226,0.));
#8450=CARTESIAN_POINT('',(-3.99566948960108,-5.10639924979611,0.));
#8451=CARTESIAN_POINT('Origin',(-4.465989327991,-4.25641311725853,0.));
#8452=CARTESIAN_POINT('',(-4.83573738512088,-3.78388124082195,0.));
#8453=CARTESIAN_POINT('',(-4.03165667324956,-3.84246246195618,0.));
#8454=CARTESIAN_POINT('Origin',(-5.10639924979611,-3.99566948960108,0.));
#8455=CARTESIAN_POINT('',(-5.10639924979611,-3.99566948960108,0.));
#8456=CARTESIAN_POINT('Origin',(-5.91915655254271,-1.73945365244113,0.));
#8457=CARTESIAN_POINT('',(-5.34349844176693,-1.57028586739308,0.));
#8458=CARTESIAN_POINT('',(-5.69480597201563,-2.29593080113384,0.));
#8459=CARTESIAN_POINT('Origin',(-5.15617814049947,-2.07877639151869,0.));
#8460=CARTESIAN_POINT('',(-6.013550908019,-2.42443672738869,0.));
#8461=CARTESIAN_POINT('Origin',(-5.99586676969967,-1.4531672245517,0.));
#8462=CARTESIAN_POINT('',(-6.07981204195579,-0.859068586894754,0.));
#8463=CARTESIAN_POINT('',(-5.41274832934926,-1.31184176851737,0.));
#8464=CARTESIAN_POINT('Origin',(-6.42010621698977,-0.907151658222879,0.));
#8465=CARTESIAN_POINT('',(-6.42010621698977,-0.907151658222879,0.));
#8466=CARTESIAN_POINT('Origin',(-5.99586676969967,1.45316722455171,0.));
#8467=CARTESIAN_POINT('',(-5.41274832934926,1.31184176851737,0.));
#8468=CARTESIAN_POINT('',(-6.07981204195579,0.859068586894756,0.));
#8469=CARTESIAN_POINT('Origin',(-5.50476945186989,0.777815906407206,0.));
#8470=CARTESIAN_POINT('',(-6.42010621698977,0.907151658222882,0.));
#8471=CARTESIAN_POINT('Origin',(-5.9191565525427,1.73945365244113,0.));
#8472=CARTESIAN_POINT('',(-5.34349844176693,1.57028586739308,0.));
#8473=CARTESIAN_POINT('Ctrl Pts',(7.12282013405255,-3.75072437509551,-0.5));
#8474=CARTESIAN_POINT('Ctrl Pts',(7.12282013405255,-3.75072437509551,5.5));
#8475=CARTESIAN_POINT('Ctrl Pts',(7.12045083535846,-3.74584148851923,-0.5));
#8476=CARTESIAN_POINT('Ctrl Pts',(7.12045083535846,-3.74584148851923,5.5));
#8477=CARTESIAN_POINT('Ctrl Pts',(7.11570094078554,-3.73608780087242,-0.5));
#8478=CARTESIAN_POINT('Ctrl Pts',(7.11570094078554,-3.73608780087242,5.5));
#8479=CARTESIAN_POINT('Ctrl Pts',(7.10854220737542,-3.72149352592152,-0.5));
#8480=CARTESIAN_POINT('Ctrl Pts',(7.10854220737542,-3.72149352592152,5.5));
#8481=CARTESIAN_POINT('Ctrl Pts',(7.09892942384368,-3.70210702976534,-0.5));
#8482=CARTESIAN_POINT('Ctrl Pts',(7.09892942384368,-3.70210702976534,5.5));
#8483=CARTESIAN_POINT('Ctrl Pts',(7.08680031465906,-3.67799500650704,-0.5));
#8484=CARTESIAN_POINT('Ctrl Pts',(7.08680031465906,-3.67799500650704,5.5));
#8485=CARTESIAN_POINT('Ctrl Pts',(7.0745579399213,-3.65400444358823,-0.5));
#8486=CARTESIAN_POINT('Ctrl Pts',(7.0745579399213,-3.65400444358823,5.5));
#8487=CARTESIAN_POINT('Ctrl Pts',(7.06220219893902,-3.63013588687882,-0.5));
#8488=CARTESIAN_POINT('Ctrl Pts',(7.06220219893902,-3.63013588687882,5.5));
#8489=CARTESIAN_POINT('Ctrl Pts',(7.04973307411984,-3.60639008238109,-0.5));
#8490=CARTESIAN_POINT('Ctrl Pts',(7.04973307411984,-3.60639008238109,5.5));
#8491=CARTESIAN_POINT('Ctrl Pts',(7.03715068777779,-3.58276800043906,-0.5));
#8492=CARTESIAN_POINT('Ctrl Pts',(7.03715068777779,-3.58276800043906,5.5));
#8493=CARTESIAN_POINT('Ctrl Pts',(7.02445526774421,-3.55927078148372,-0.5));
#8494=CARTESIAN_POINT('Ctrl Pts',(7.02445526774421,-3.55927078148372,5.5));
#8495=CARTESIAN_POINT('Ctrl Pts',(7.0116471036944,-3.53589967341081,-0.5));
#8496=CARTESIAN_POINT('Ctrl Pts',(7.0116471036944,-3.53589967341081,5.5));
#8497=CARTESIAN_POINT('Ctrl Pts',(6.9987265066616,-3.51265596927433,-0.5));
#8498=CARTESIAN_POINT('Ctrl Pts',(6.9987265066616,-3.51265596927433,5.5));
#8499=CARTESIAN_POINT('Ctrl Pts',(6.98569377040215,-3.48954094844464,-0.5));
#8500=CARTESIAN_POINT('Ctrl Pts',(6.98569377040215,-3.48954094844464,5.5));
#8501=CARTESIAN_POINT('Ctrl Pts',(6.97254912678815,-3.4665558038155,-0.5));
#8502=CARTESIAN_POINT('Ctrl Pts',(6.97254912678815,-3.4665558038155,5.5));
#8503=CARTESIAN_POINT('Ctrl Pts',(6.9592927506674,-3.44370166222147,-0.5));
#8504=CARTESIAN_POINT('Ctrl Pts',(6.9592927506674,-3.44370166222147,5.5));
#8505=CARTESIAN_POINT('Ctrl Pts',(6.9459247770189,-3.42097962617444,-0.5));
#8506=CARTESIAN_POINT('Ctrl Pts',(6.9459247770189,-3.42097962617444,5.5));
#8507=CARTESIAN_POINT('Ctrl Pts',(6.93244531505159,-3.39839080876233,-0.5));
#8508=CARTESIAN_POINT('Ctrl Pts',(6.93244531505159,-3.39839080876233,5.5));
#8509=CARTESIAN_POINT('Ctrl Pts',(6.9188544634034,-3.37593636727681,-0.5));
#8510=CARTESIAN_POINT('Ctrl Pts',(6.9188544634034,-3.37593636727681,5.5));
#8511=CARTESIAN_POINT('Ctrl Pts',(6.90515232814324,-3.35361754451092,-0.5));
#8512=CARTESIAN_POINT('Ctrl Pts',(6.90515232814324,-3.35361754451092,5.5));
#8513=CARTESIAN_POINT('Ctrl Pts',(6.89133902556494,-3.33143565834641,-0.5));
#8514=CARTESIAN_POINT('Ctrl Pts',(6.89133902556494,-3.33143565834641,5.5));
#8515=CARTESIAN_POINT('Ctrl Pts',(6.87741467912397,-3.30939207225659,-0.5));
#8516=CARTESIAN_POINT('Ctrl Pts',(6.87741467912397,-3.30939207225659,5.5));
#8517=CARTESIAN_POINT('Ctrl Pts',(6.8633794195758,-3.28748816925645,-0.5));
#8518=CARTESIAN_POINT('Ctrl Pts',(6.8633794195758,-3.28748816925645,5.5));
#8519=CARTESIAN_POINT('Ctrl Pts',(6.849233383498,-3.26572532777042,-0.5));
#8520=CARTESIAN_POINT('Ctrl Pts',(6.849233383498,-3.26572532777042,5.5));
#8521=CARTESIAN_POINT('Ctrl Pts',(6.83497671612654,-3.2441048847404,-0.5));
#8522=CARTESIAN_POINT('Ctrl Pts',(6.83497671612654,-3.2441048847404,5.5));
#8523=CARTESIAN_POINT('Ctrl Pts',(6.82060955916154,-3.22262815851376,-0.5));
#8524=CARTESIAN_POINT('Ctrl Pts',(6.82060955916154,-3.22262815851376,5.5));
#8525=CARTESIAN_POINT('Ctrl Pts',(6.80613203239294,-3.20129649969241,-0.5));
#8526=CARTESIAN_POINT('Ctrl Pts',(6.80613203239294,-3.20129649969241,5.5));
#8527=CARTESIAN_POINT('Ctrl Pts',(6.79154421646174,-3.18011133566183,-0.5));
#8528=CARTESIAN_POINT('Ctrl Pts',(6.79154421646174,-3.18011133566183,5.5));
#8529=CARTESIAN_POINT('Ctrl Pts',(6.77684613931061,-3.15907420915158,-0.5));
#8530=CARTESIAN_POINT('Ctrl Pts',(6.77684613931061,-3.15907420915158,5.5));
#8531=CARTESIAN_POINT('Ctrl Pts',(6.76203775334704,-3.13818683739916,-0.5));
#8532=CARTESIAN_POINT('Ctrl Pts',(6.76203775334704,-3.13818683739916,5.5));
#8533=CARTESIAN_POINT('Ctrl Pts',(6.74711895650253,-3.11745107341763,-0.5));
#8534=CARTESIAN_POINT('Ctrl Pts',(6.74711895650253,-3.11745107341763,5.5));
#8535=CARTESIAN_POINT('Ctrl Pts',(6.73208963782543,-3.09686881169379,-0.5));
#8536=CARTESIAN_POINT('Ctrl Pts',(6.73208963782543,-3.09686881169379,5.5));
#8537=CARTESIAN_POINT('Ctrl Pts',(6.71694972051712,-3.07644190167325,-0.5));
#8538=CARTESIAN_POINT('Ctrl Pts',(6.71694972051712,-3.07644190167325,5.5));
#8539=CARTESIAN_POINT('Ctrl Pts',(6.70169919764468,-3.05617207492754,-0.5));
#8540=CARTESIAN_POINT('Ctrl Pts',(6.70169919764468,-3.05617207492754,5.5));
#8541=CARTESIAN_POINT('Ctrl Pts',(6.68633819477682,-3.03606082038391,-0.5));
#8542=CARTESIAN_POINT('Ctrl Pts',(6.68633819477682,-3.03606082038391,5.5));
#8543=CARTESIAN_POINT('Ctrl Pts',(6.67086692044902,-3.01610947933049,-0.5));
#8544=CARTESIAN_POINT('Ctrl Pts',(6.67086692044902,-3.01610947933049,5.5));
#8545=CARTESIAN_POINT('Ctrl Pts',(6.65528554565749,-2.99631947997522,-0.5));
#8546=CARTESIAN_POINT('Ctrl Pts',(6.65528554565749,-2.99631947997522,5.5));
#8547=CARTESIAN_POINT('Ctrl Pts',(6.63959409556919,-2.97669254799396,-0.5));
#8548=CARTESIAN_POINT('Ctrl Pts',(6.63959409556919,-2.97669254799396,5.5));
#8549=CARTESIAN_POINT('Ctrl Pts',(6.62379235801814,-2.95723088533909,-0.5));
#8550=CARTESIAN_POINT('Ctrl Pts',(6.62379235801814,-2.95723088533909,5.5));
#8551=CARTESIAN_POINT('Ctrl Pts',(6.60787973291245,-2.93793746301693,-0.5));
#8552=CARTESIAN_POINT('Ctrl Pts',(6.60787973291245,-2.93793746301693,5.5));
#8553=CARTESIAN_POINT('Ctrl Pts',(6.59185533652843,-2.91881582313971,-0.5));
#8554=CARTESIAN_POINT('Ctrl Pts',(6.59185533652843,-2.91881582313971,5.5));
#8555=CARTESIAN_POINT('Ctrl Pts',(6.57571827420553,-2.89986955665289,-0.5));
#8556=CARTESIAN_POINT('Ctrl Pts',(6.57571827420553,-2.89986955665289,5.5));
#8557=CARTESIAN_POINT('Ctrl Pts',(6.55946788701478,-2.88110183170717,-0.5));
#8558=CARTESIAN_POINT('Ctrl Pts',(6.55946788701478,-2.88110183170717,5.5));
#8559=CARTESIAN_POINT('Ctrl Pts',(6.54310395960986,-2.86251499651768,-0.5));
#8560=CARTESIAN_POINT('Ctrl Pts',(6.54310395960986,-2.86251499651768,5.5));
#8561=CARTESIAN_POINT('Ctrl Pts',(6.52662707149237,-2.84410990749756,-0.5));
#8562=CARTESIAN_POINT('Ctrl Pts',(6.52662707149237,-2.84410990749756,5.5));
#8563=CARTESIAN_POINT('Ctrl Pts',(6.51003833275307,-2.82588643807386,-0.5));
#8564=CARTESIAN_POINT('Ctrl Pts',(6.51003833275307,-2.82588643807386,5.5));
#8565=CARTESIAN_POINT('Ctrl Pts',(6.49333872694351,-2.80784474131209,-0.5));
#8566=CARTESIAN_POINT('Ctrl Pts',(6.49333872694351,-2.80784474131209,5.5));
#8567=CARTESIAN_POINT('Ctrl Pts',(6.47652851845473,-2.78998638883179,-0.5));
#8568=CARTESIAN_POINT('Ctrl Pts',(6.47652851845473,-2.78998638883179,5.5));
#8569=CARTESIAN_POINT('Ctrl Pts',(6.45960675012547,-2.77231533731661,-0.5));
#8570=CARTESIAN_POINT('Ctrl Pts',(6.45960675012547,-2.77231533731661,5.5));
#8571=CARTESIAN_POINT('Ctrl Pts',(6.4425704108483,-2.75483952702889,-0.5));
#8572=CARTESIAN_POINT('Ctrl Pts',(6.4425704108483,-2.75483952702889,5.5));
#8573=CARTESIAN_POINT('Ctrl Pts',(6.4254150884722,-2.7375696365924,-0.5));
#8574=CARTESIAN_POINT('Ctrl Pts',(6.4254150884722,-2.7375696365924,5.5));
#8575=CARTESIAN_POINT('Ctrl Pts',(6.40813646976528,-2.72051621627377,-0.5));
#8576=CARTESIAN_POINT('Ctrl Pts',(6.40813646976528,-2.72051621627377,5.5));
#8577=CARTESIAN_POINT('Ctrl Pts',(6.39073170535801,-2.70368707954015,-0.5));
#8578=CARTESIAN_POINT('Ctrl Pts',(6.39073170535801,-2.70368707954015,5.5));
#8579=CARTESIAN_POINT('Ctrl Pts',(6.37320056392484,-2.68708509931483,-0.5));
#8580=CARTESIAN_POINT('Ctrl Pts',(6.37320056392484,-2.68708509931483,5.5));
#8581=CARTESIAN_POINT('Ctrl Pts',(6.35554735556116,-2.67070452915475,-0.5));
#8582=CARTESIAN_POINT('Ctrl Pts',(6.35554735556116,-2.67070452915475,5.5));
#8583=CARTESIAN_POINT('Ctrl Pts',(6.33777913549557,-2.65453445810827,-0.5));
#8584=CARTESIAN_POINT('Ctrl Pts',(6.33777913549557,-2.65453445810827,5.5));
#8585=CARTESIAN_POINT('Ctrl Pts',(6.31990215822065,-2.6385656214799,-0.5));
#8586=CARTESIAN_POINT('Ctrl Pts',(6.31990215822065,-2.6385656214799,5.5));
#8587=CARTESIAN_POINT('Ctrl Pts',(6.30191862117336,-2.62279665553683,-0.5));
#8588=CARTESIAN_POINT('Ctrl Pts',(6.30191862117336,-2.62279665553683,5.5));
#8589=CARTESIAN_POINT('Ctrl Pts',(6.28382386325352,-2.60723948225889,-0.5));
#8590=CARTESIAN_POINT('Ctrl Pts',(6.28382386325352,-2.60723948225889,5.5));
#8591=CARTESIAN_POINT('Ctrl Pts',(6.26560189150288,-2.59192789491881,-0.5));
#8592=CARTESIAN_POINT('Ctrl Pts',(6.26560189150288,-2.59192789491881,5.5));
#8593=CARTESIAN_POINT('Ctrl Pts',(6.2472301491417,-2.57690845353078,-0.5));
#8594=CARTESIAN_POINT('Ctrl Pts',(6.2472301491417,-2.57690845353078,5.5));
#8595=CARTESIAN_POINT('Ctrl Pts',(6.22868753180165,-2.56222516990243,-0.5));
#8596=CARTESIAN_POINT('Ctrl Pts',(6.22868753180165,-2.56222516990243,5.5));
#8597=CARTESIAN_POINT('Ctrl Pts',(6.20996185427052,-2.54790522963503,-0.5));
#8598=CARTESIAN_POINT('Ctrl Pts',(6.20996185427052,-2.54790522963503,5.5));
#8599=CARTESIAN_POINT('Ctrl Pts',(6.19105641109126,-2.53394648380887,-0.5));
#8600=CARTESIAN_POINT('Ctrl Pts',(6.19105641109126,-2.53394648380887,5.5));
#8601=CARTESIAN_POINT('Ctrl Pts',(6.1719999113201,-2.52029839319329,-0.5));
#8602=CARTESIAN_POINT('Ctrl Pts',(6.1719999113201,-2.52029839319329,5.5));
#8603=CARTESIAN_POINT('Ctrl Pts',(6.1528326727449,-2.50688900177925,-0.5));
#8604=CARTESIAN_POINT('Ctrl Pts',(6.1528326727449,-2.50688900177925,5.5));
#8605=CARTESIAN_POINT('Ctrl Pts',(6.1335872626399,-2.49366266359779,-0.5));
#8606=CARTESIAN_POINT('Ctrl Pts',(6.1335872626399,-2.49366266359779,5.5));
#8607=CARTESIAN_POINT('Ctrl Pts',(6.11427041708384,-2.48061532091505,-0.5));
#8608=CARTESIAN_POINT('Ctrl Pts',(6.11427041708384,-2.48061532091505,5.5));
#8609=CARTESIAN_POINT('Ctrl Pts',(6.09484578515468,-2.46782811796267,-0.5));
#8610=CARTESIAN_POINT('Ctrl Pts',(6.09484578515468,-2.46782811796267,5.5));
#8611=CARTESIAN_POINT('Ctrl Pts',(6.07521257018613,-2.45550914393572,-0.5));
#8612=CARTESIAN_POINT('Ctrl Pts',(6.07521257018613,-2.45550914393572,5.5));
#8613=CARTESIAN_POINT('Ctrl Pts',(6.05523366578523,-2.44393727355458,-0.5));
#8614=CARTESIAN_POINT('Ctrl Pts',(6.05523366578523,-2.44393727355458,5.5));
#8615=CARTESIAN_POINT('Ctrl Pts',(6.03886246050789,-2.43550297788716,-0.5));
#8616=CARTESIAN_POINT('Ctrl Pts',(6.03886246050789,-2.43550297788716,5.5));
#8617=CARTESIAN_POINT('Ctrl Pts',(6.02631633183274,-2.42973991767658,-0.5));
#8618=CARTESIAN_POINT('Ctrl Pts',(6.02631633183274,-2.42973991767658,5.5));
#8619=CARTESIAN_POINT('Ctrl Pts',(6.01782693474197,-2.42616065995251,-0.5));
#8620=CARTESIAN_POINT('Ctrl Pts',(6.01782693474197,-2.42616065995251,5.5));
#8621=CARTESIAN_POINT('Ctrl Pts',(6.01355090801899,-2.4244367273887,-0.5));
#8622=CARTESIAN_POINT('Ctrl Pts',(6.01355090801899,-2.4244367273887,5.5));
#8623=CARTESIAN_POINT('Ctrl Pts',(5.10639924979611,-3.99566948960108,-0.5));
#8624=CARTESIAN_POINT('Ctrl Pts',(5.10639924979611,-3.99566948960108,5.5));
#8625=CARTESIAN_POINT('Ctrl Pts',(5.11003023255228,-3.99851067108854,-0.5));
#8626=CARTESIAN_POINT('Ctrl Pts',(5.11003023255228,-3.99851067108854,5.5));
#8627=CARTESIAN_POINT('Ctrl Pts',(5.11737465921339,-4.00407307576992,-0.5));
#8628=CARTESIAN_POINT('Ctrl Pts',(5.11737465921339,-4.00407307576992,5.5));
#8629=CARTESIAN_POINT('Ctrl Pts',(5.12863868009687,-4.01205681181646,-0.5));
#8630=CARTESIAN_POINT('Ctrl Pts',(5.12863868009687,-4.01205681181646,5.5));
#8631=CARTESIAN_POINT('Ctrl Pts',(5.14412859704656,-4.0220175436435,-0.5));
#8632=CARTESIAN_POINT('Ctrl Pts',(5.14412859704656,-4.0220175436435,5.5));
#8633=CARTESIAN_POINT('Ctrl Pts',(5.16413958296637,-4.03353384720388,-0.5));
#8634=CARTESIAN_POINT('Ctrl Pts',(5.16413958296637,-4.03353384720388,5.5));
#8635=CARTESIAN_POINT('Ctrl Pts',(5.18462473490655,-4.04437722311113,-0.5));
#8636=CARTESIAN_POINT('Ctrl Pts',(5.18462473490655,-4.04437722311113,5.5));
#8637=CARTESIAN_POINT('Ctrl Pts',(5.20541109347124,-4.05480584634476,-0.5));
#8638=CARTESIAN_POINT('Ctrl Pts',(5.20541109347124,-4.05480584634476,5.5));
#8639=CARTESIAN_POINT('Ctrl Pts',(5.2263688464644,-4.06501105397592,-0.5));
#8640=CARTESIAN_POINT('Ctrl Pts',(5.2263688464644,-4.06501105397592,5.5));
#8641=CARTESIAN_POINT('Ctrl Pts',(5.24744589638109,-4.07506489894237,-0.5));
#8642=CARTESIAN_POINT('Ctrl Pts',(5.24744589638109,-4.07506489894237,5.5));
#8643=CARTESIAN_POINT('Ctrl Pts',(5.26864238928253,-4.08495951876187,-0.5));
#8644=CARTESIAN_POINT('Ctrl Pts',(5.26864238928253,-4.08495951876187,5.5));
#8645=CARTESIAN_POINT('Ctrl Pts',(5.28999023235436,-4.09463888636312,-0.5));
#8646=CARTESIAN_POINT('Ctrl Pts',(5.28999023235436,-4.09463888636312,5.5));
#8647=CARTESIAN_POINT('Ctrl Pts',(5.31153158243441,-4.10403210751308,-0.5));
#8648=CARTESIAN_POINT('Ctrl Pts',(5.31153158243441,-4.10403210751308,5.5));
#8649=CARTESIAN_POINT('Ctrl Pts',(5.33329585325223,-4.11308904982442,-0.5));
#8650=CARTESIAN_POINT('Ctrl Pts',(5.33329585325223,-4.11308904982442,5.5));
#8651=CARTESIAN_POINT('Ctrl Pts',(5.35528325855538,-4.12180578567937,-0.5));
#8652=CARTESIAN_POINT('Ctrl Pts',(5.35528325855538,-4.12180578567937,5.5));
#8653=CARTESIAN_POINT('Ctrl Pts',(5.37747634752865,-4.13020646058192,-0.5));
#8654=CARTESIAN_POINT('Ctrl Pts',(5.37747634752865,-4.13020646058192,5.5));
#8655=CARTESIAN_POINT('Ctrl Pts',(5.39984755701274,-4.13833135735498,-0.5));
#8656=CARTESIAN_POINT('Ctrl Pts',(5.39984755701274,-4.13833135735498,5.5));
#8657=CARTESIAN_POINT('Ctrl Pts',(5.42236784324244,-4.14622329074993,-0.5));
#8658=CARTESIAN_POINT('Ctrl Pts',(5.42236784324244,-4.14622329074993,5.5));
#8659=CARTESIAN_POINT('Ctrl Pts',(5.44501593686419,-4.15391300771124,-0.5));
#8660=CARTESIAN_POINT('Ctrl Pts',(5.44501593686419,-4.15391300771124,5.5));
#8661=CARTESIAN_POINT('Ctrl Pts',(5.4677838436907,-4.16141050586001,-0.5));
#8662=CARTESIAN_POINT('Ctrl Pts',(5.4677838436907,-4.16141050586001,5.5));
#8663=CARTESIAN_POINT('Ctrl Pts',(5.49067164603075,-4.1687132002936,-0.5));
#8664=CARTESIAN_POINT('Ctrl Pts',(5.49067164603075,-4.1687132002936,5.5));
#8665=CARTESIAN_POINT('Ctrl Pts',(5.51368424009969,-4.17581104211481,-0.5));
#8666=CARTESIAN_POINT('Ctrl Pts',(5.51368424009969,-4.17581104211481,5.5));
#8667=CARTESIAN_POINT('Ctrl Pts',(5.53682754744453,-4.18269246584062,-0.5));
#8668=CARTESIAN_POINT('Ctrl Pts',(5.53682754744453,-4.18269246584062,5.5));
#8669=CARTESIAN_POINT('Ctrl Pts',(5.56010438958324,-4.18935086559738,-0.5));
#8670=CARTESIAN_POINT('Ctrl Pts',(5.56010438958324,-4.18935086559738,5.5));
#8671=CARTESIAN_POINT('Ctrl Pts',(5.58351239415405,-4.19578787818057,-0.5));
#8672=CARTESIAN_POINT('Ctrl Pts',(5.58351239415405,-4.19578787818057,5.5));
#8673=CARTESIAN_POINT('Ctrl Pts',(5.60704621918067,-4.20200987795013,-0.5));
#8674=CARTESIAN_POINT('Ctrl Pts',(5.60704621918067,-4.20200987795013,5.5));
#8675=CARTESIAN_POINT('Ctrl Pts',(5.63069888448014,-4.2080258754078,-0.5));
#8676=CARTESIAN_POINT('Ctrl Pts',(5.63069888448014,-4.2080258754078,5.5));
#8677=CARTESIAN_POINT('Ctrl Pts',(5.6544633481685,-4.2138450309003,-0.5));
#8678=CARTESIAN_POINT('Ctrl Pts',(5.6544633481685,-4.2138450309003,5.5));
#8679=CARTESIAN_POINT('Ctrl Pts',(5.67833423933056,-4.21947392225435,-0.5));
#8680=CARTESIAN_POINT('Ctrl Pts',(5.67833423933056,-4.21947392225435,5.5));
#8681=CARTESIAN_POINT('Ctrl Pts',(5.70230860995841,-4.22491535673773,-0.5));
#8682=CARTESIAN_POINT('Ctrl Pts',(5.70230860995841,-4.22491535673773,5.5));
#8683=CARTESIAN_POINT('Ctrl Pts',(5.72638496679407,-4.23016989119085,-0.5));
#8684=CARTESIAN_POINT('Ctrl Pts',(5.72638496679407,-4.23016989119085,5.5));
#8685=CARTESIAN_POINT('Ctrl Pts',(5.75056268550316,-4.23523675036585,-0.5));
#8686=CARTESIAN_POINT('Ctrl Pts',(5.75056268550316,-4.23523675036585,5.5));
#8687=CARTESIAN_POINT('Ctrl Pts',(5.77484132065567,-4.24011490960945,-0.5));
#8688=CARTESIAN_POINT('Ctrl Pts',(5.77484132065567,-4.24011490960945,5.5));
#8689=CARTESIAN_POINT('Ctrl Pts',(5.79921984082528,-4.24480429526512,-0.5));
#8690=CARTESIAN_POINT('Ctrl Pts',(5.79921984082528,-4.24480429526512,5.5));
#8691=CARTESIAN_POINT('Ctrl Pts',(5.82369632007119,-4.24930626793579,-0.5));
#8692=CARTESIAN_POINT('Ctrl Pts',(5.82369632007119,-4.24930626793579,5.5));
#8693=CARTESIAN_POINT('Ctrl Pts',(5.84826834415888,-4.25362298234605,-0.5));
#8694=CARTESIAN_POINT('Ctrl Pts',(5.84826834415888,-4.25362298234605,5.5));
#8695=CARTESIAN_POINT('Ctrl Pts',(5.87293325056866,-4.2577570087674,-0.5));
#8696=CARTESIAN_POINT('Ctrl Pts',(5.87293325056866,-4.2577570087674,5.5));
#8697=CARTESIAN_POINT('Ctrl Pts',(5.89768841360319,-4.26171088358311,-0.5));
#8698=CARTESIAN_POINT('Ctrl Pts',(5.89768841360319,-4.26171088358311,5.5));
#8699=CARTESIAN_POINT('Ctrl Pts',(5.92253156034146,-4.26548661199116,-0.5));
#8700=CARTESIAN_POINT('Ctrl Pts',(5.92253156034146,-4.26548661199116,5.5));
#8701=CARTESIAN_POINT('Ctrl Pts',(5.94746088991976,-4.26908547870888,-0.5));
#8702=CARTESIAN_POINT('Ctrl Pts',(5.94746088991976,-4.26908547870888,5.5));
#8703=CARTESIAN_POINT('Ctrl Pts',(5.97247489527549,-4.27250832477896,-0.5));
#8704=CARTESIAN_POINT('Ctrl Pts',(5.97247489527549,-4.27250832477896,5.5));
#8705=CARTESIAN_POINT('Ctrl Pts',(5.99757225404618,-4.27575571621832,-0.5));
#8706=CARTESIAN_POINT('Ctrl Pts',(5.99757225404618,-4.27575571621832,5.5));
#8707=CARTESIAN_POINT('Ctrl Pts',(6.0227517003745,-4.27882814307399,-0.5));
#8708=CARTESIAN_POINT('Ctrl Pts',(6.0227517003745,-4.27882814307399,5.5));
#8709=CARTESIAN_POINT('Ctrl Pts',(6.04801188202726,-4.28172624106391,-0.5));
#8710=CARTESIAN_POINT('Ctrl Pts',(6.04801188202726,-4.28172624106391,5.5));
#8711=CARTESIAN_POINT('Ctrl Pts',(6.073351302886,-4.28445088197794,-0.5));
#8712=CARTESIAN_POINT('Ctrl Pts',(6.073351302886,-4.28445088197794,5.5));
#8713=CARTESIAN_POINT('Ctrl Pts',(6.09876839968313,-4.28700305704841,-0.5));
#8714=CARTESIAN_POINT('Ctrl Pts',(6.09876839968313,-4.28700305704841,5.5));
#8715=CARTESIAN_POINT('Ctrl Pts',(6.1242615872208,-4.2893838096057,-0.5));
#8716=CARTESIAN_POINT('Ctrl Pts',(6.1242615872208,-4.2893838096057,5.5));
#8717=CARTESIAN_POINT('Ctrl Pts',(6.14982931177687,-4.29159415455024,-0.5));
#8718=CARTESIAN_POINT('Ctrl Pts',(6.14982931177687,-4.29159415455024,5.5));
#8719=CARTESIAN_POINT('Ctrl Pts',(6.1754701099763,-4.2936349917171,-0.5));
#8720=CARTESIAN_POINT('Ctrl Pts',(6.1754701099763,-4.2936349917171,5.5));
#8721=CARTESIAN_POINT('Ctrl Pts',(6.20118263180475,-4.295507068272,-0.5));
#8722=CARTESIAN_POINT('Ctrl Pts',(6.20118263180475,-4.295507068272,5.5));
#8723=CARTESIAN_POINT('Ctrl Pts',(6.22696560078964,-4.29721102807053,-0.5));
#8724=CARTESIAN_POINT('Ctrl Pts',(6.22696560078964,-4.29721102807053,5.5));
#8725=CARTESIAN_POINT('Ctrl Pts',(6.25281778738044,-4.29874744267251,-0.5));
#8726=CARTESIAN_POINT('Ctrl Pts',(6.25281778738044,-4.29874744267251,5.5));
#8727=CARTESIAN_POINT('Ctrl Pts',(6.27873797900478,-4.30011684853572,-0.5));
#8728=CARTESIAN_POINT('Ctrl Pts',(6.27873797900478,-4.30011684853572,5.5));
#8729=CARTESIAN_POINT('Ctrl Pts',(6.30472494521901,-4.30131978835308,-0.5));
#8730=CARTESIAN_POINT('Ctrl Pts',(6.30472494521901,-4.30131978835308,5.5));
#8731=CARTESIAN_POINT('Ctrl Pts',(6.33077742398379,-4.30235683305714,-0.5));
#8732=CARTESIAN_POINT('Ctrl Pts',(6.33077742398379,-4.30235683305714,5.5));
#8733=CARTESIAN_POINT('Ctrl Pts',(6.35689415219526,-4.30322856091785,-0.5));
#8734=CARTESIAN_POINT('Ctrl Pts',(6.35689415219526,-4.30322856091785,5.5));
#8735=CARTESIAN_POINT('Ctrl Pts',(6.38307388732317,-4.3039355467563,-0.5));
#8736=CARTESIAN_POINT('Ctrl Pts',(6.38307388732317,-4.3039355467563,5.5));
#8737=CARTESIAN_POINT('Ctrl Pts',(6.40931542990151,-4.30447834879993,-0.5));
#8738=CARTESIAN_POINT('Ctrl Pts',(6.40931542990151,-4.30447834879993,5.5));
#8739=CARTESIAN_POINT('Ctrl Pts',(6.4356176506055,-4.30485749658692,-0.5));
#8740=CARTESIAN_POINT('Ctrl Pts',(6.4356176506055,-4.30485749658692,5.5));
#8741=CARTESIAN_POINT('Ctrl Pts',(6.46197949787218,-4.30507348334012,-0.5));
#8742=CARTESIAN_POINT('Ctrl Pts',(6.46197949787218,-4.30507348334012,5.5));
#8743=CARTESIAN_POINT('Ctrl Pts',(6.48839995313468,-4.30512677102579,-0.5));
#8744=CARTESIAN_POINT('Ctrl Pts',(6.48839995313468,-4.30512677102579,5.5));
#8745=CARTESIAN_POINT('Ctrl Pts',(6.51487799410018,-4.30501779400465,-0.5));
#8746=CARTESIAN_POINT('Ctrl Pts',(6.51487799410018,-4.30501779400465,5.5));
#8747=CARTESIAN_POINT('Ctrl Pts',(6.54141255747742,-4.30474696427131,-0.5));
#8748=CARTESIAN_POINT('Ctrl Pts',(6.54141255747742,-4.30474696427131,5.5));
#8749=CARTESIAN_POINT('Ctrl Pts',(6.56800249425406,-4.30431467746553,-0.5));
#8750=CARTESIAN_POINT('Ctrl Pts',(6.56800249425406,-4.30431467746553,5.5));
#8751=CARTESIAN_POINT('Ctrl Pts',(6.59464654958469,-4.30372131887205,-0.5));
#8752=CARTESIAN_POINT('Ctrl Pts',(6.59464654958469,-4.30372131887205,5.5));
#8753=CARTESIAN_POINT('Ctrl Pts',(6.62134344813509,-4.30296726565518,-0.5));
#8754=CARTESIAN_POINT('Ctrl Pts',(6.62134344813509,-4.30296726565518,5.5));
#8755=CARTESIAN_POINT('Ctrl Pts',(6.64809196435819,-4.30205289089661,-0.5));
#8756=CARTESIAN_POINT('Ctrl Pts',(6.64809196435819,-4.30205289089661,5.5));
#8757=CARTESIAN_POINT('Ctrl Pts',(6.67489099669612,-4.30097856750412,-0.5));
#8758=CARTESIAN_POINT('Ctrl Pts',(6.67489099669612,-4.30097856750412,5.5));
#8759=CARTESIAN_POINT('Ctrl Pts',(6.70173964364927,-4.29974467472264,-0.5));
#8760=CARTESIAN_POINT('Ctrl Pts',(6.70173964364927,-4.29974467472264,5.5));
#8761=CARTESIAN_POINT('Ctrl Pts',(6.72863726795694,-4.29835160078879,-0.5));
#8762=CARTESIAN_POINT('Ctrl Pts',(6.72863726795694,-4.29835160078879,5.5));
#8763=CARTESIAN_POINT('Ctrl Pts',(6.75558344722758,-4.29679970583879,-0.5));
#8764=CARTESIAN_POINT('Ctrl Pts',(6.75558344722758,-4.29679970583879,5.5));
#8765=CARTESIAN_POINT('Ctrl Pts',(6.77717903715507,-4.29543137250027,-0.5));
#8766=CARTESIAN_POINT('Ctrl Pts',(6.77717903715507,-4.29543137250027,5.5));
#8767=CARTESIAN_POINT('Ctrl Pts',(6.79339741671742,-4.2943338800169,-0.5));
#8768=CARTESIAN_POINT('Ctrl Pts',(6.79339741671742,-4.2943338800169,5.5));
#8769=CARTESIAN_POINT('Ctrl Pts',(6.8042193052866,-4.29357056555894,-0.5));
#8770=CARTESIAN_POINT('Ctrl Pts',(6.8042193052866,-4.29357056555894,5.5));
#8771=CARTESIAN_POINT('Ctrl Pts',(6.80963265845249,-4.29318099512904,-0.5));
#8772=CARTESIAN_POINT('Ctrl Pts',(6.80963265845249,-4.29318099512904,5.5));
#8773=CARTESIAN_POINT('Ctrl Pts',(4.29318099512903,-6.8096326584525,-0.5));
#8774=CARTESIAN_POINT('Ctrl Pts',(4.29318099512903,-6.8096326584525,5.5));
#8775=CARTESIAN_POINT('Ctrl Pts',(4.29357056555893,-6.8042193052866,-0.5));
#8776=CARTESIAN_POINT('Ctrl Pts',(4.29357056555893,-6.8042193052866,5.5));
#8777=CARTESIAN_POINT('Ctrl Pts',(4.29433388001689,-6.79339741671743,-0.5));
#8778=CARTESIAN_POINT('Ctrl Pts',(4.29433388001689,-6.79339741671743,5.5));
#8779=CARTESIAN_POINT('Ctrl Pts',(4.29543137250026,-6.77717903715508,-0.5));
#8780=CARTESIAN_POINT('Ctrl Pts',(4.29543137250026,-6.77717903715508,5.5));
#8781=CARTESIAN_POINT('Ctrl Pts',(4.29679970583878,-6.75558344722758,-0.5));
#8782=CARTESIAN_POINT('Ctrl Pts',(4.29679970583878,-6.75558344722758,5.5));
#8783=CARTESIAN_POINT('Ctrl Pts',(4.29835160078878,-6.72863726795694,-0.5));
#8784=CARTESIAN_POINT('Ctrl Pts',(4.29835160078878,-6.72863726795694,5.5));
#8785=CARTESIAN_POINT('Ctrl Pts',(4.29974467472264,-6.70173964364928,-0.5));
#8786=CARTESIAN_POINT('Ctrl Pts',(4.29974467472264,-6.70173964364928,5.5));
#8787=CARTESIAN_POINT('Ctrl Pts',(4.30097856750411,-6.67489099669613,-0.5));
#8788=CARTESIAN_POINT('Ctrl Pts',(4.30097856750411,-6.67489099669613,5.5));
#8789=CARTESIAN_POINT('Ctrl Pts',(4.3020528908966,-6.6480919643582,-0.5));
#8790=CARTESIAN_POINT('Ctrl Pts',(4.3020528908966,-6.6480919643582,5.5));
#8791=CARTESIAN_POINT('Ctrl Pts',(4.30296726565517,-6.62134344813509,-0.5));
#8792=CARTESIAN_POINT('Ctrl Pts',(4.30296726565517,-6.62134344813509,5.5));
#8793=CARTESIAN_POINT('Ctrl Pts',(4.30372131887204,-6.59464654958469,-0.5));
#8794=CARTESIAN_POINT('Ctrl Pts',(4.30372131887204,-6.59464654958469,5.5));
#8795=CARTESIAN_POINT('Ctrl Pts',(4.30431467746552,-6.56800249425407,-0.5));
#8796=CARTESIAN_POINT('Ctrl Pts',(4.30431467746552,-6.56800249425407,5.5));
#8797=CARTESIAN_POINT('Ctrl Pts',(4.3047469642713,-6.54141255747742,-0.5));
#8798=CARTESIAN_POINT('Ctrl Pts',(4.3047469642713,-6.54141255747742,5.5));
#8799=CARTESIAN_POINT('Ctrl Pts',(4.30501779400464,-6.51487799410018,-0.5));
#8800=CARTESIAN_POINT('Ctrl Pts',(4.30501779400464,-6.51487799410018,5.5));
#8801=CARTESIAN_POINT('Ctrl Pts',(4.30512677102579,-6.48839995313468,-0.5));
#8802=CARTESIAN_POINT('Ctrl Pts',(4.30512677102579,-6.48839995313468,5.5));
#8803=CARTESIAN_POINT('Ctrl Pts',(4.30507348334012,-6.46197949787219,-0.5));
#8804=CARTESIAN_POINT('Ctrl Pts',(4.30507348334012,-6.46197949787219,5.5));
#8805=CARTESIAN_POINT('Ctrl Pts',(4.30485749658691,-6.43561765060551,-0.5));
#8806=CARTESIAN_POINT('Ctrl Pts',(4.30485749658691,-6.43561765060551,5.5));
#8807=CARTESIAN_POINT('Ctrl Pts',(4.30447834879993,-6.40931542990152,-0.5));
#8808=CARTESIAN_POINT('Ctrl Pts',(4.30447834879993,-6.40931542990152,5.5));
#8809=CARTESIAN_POINT('Ctrl Pts',(4.30393554675629,-6.38307388732317,-0.5));
#8810=CARTESIAN_POINT('Ctrl Pts',(4.30393554675629,-6.38307388732317,5.5));
#8811=CARTESIAN_POINT('Ctrl Pts',(4.30322856091784,-6.35689415219527,-0.5));
#8812=CARTESIAN_POINT('Ctrl Pts',(4.30322856091784,-6.35689415219527,5.5));
#8813=CARTESIAN_POINT('Ctrl Pts',(4.30235683305713,-6.33077742398379,-0.5));
#8814=CARTESIAN_POINT('Ctrl Pts',(4.30235683305713,-6.33077742398379,5.5));
#8815=CARTESIAN_POINT('Ctrl Pts',(4.30131978835307,-6.30472494521902,-0.5));
#8816=CARTESIAN_POINT('Ctrl Pts',(4.30131978835307,-6.30472494521902,5.5));
#8817=CARTESIAN_POINT('Ctrl Pts',(4.30011684853572,-6.27873797900478,-0.5));
#8818=CARTESIAN_POINT('Ctrl Pts',(4.30011684853572,-6.27873797900478,5.5));
#8819=CARTESIAN_POINT('Ctrl Pts',(4.2987474426725,-6.25281778738045,-0.5));
#8820=CARTESIAN_POINT('Ctrl Pts',(4.2987474426725,-6.25281778738045,5.5));
#8821=CARTESIAN_POINT('Ctrl Pts',(4.29721102807053,-6.22696560078965,-0.5));
#8822=CARTESIAN_POINT('Ctrl Pts',(4.29721102807053,-6.22696560078965,5.5));
#8823=CARTESIAN_POINT('Ctrl Pts',(4.29550706827199,-6.20118263180476,-0.5));
#8824=CARTESIAN_POINT('Ctrl Pts',(4.29550706827199,-6.20118263180476,5.5));
#8825=CARTESIAN_POINT('Ctrl Pts',(4.29363499171709,-6.17547010997631,-0.5));
#8826=CARTESIAN_POINT('Ctrl Pts',(4.29363499171709,-6.17547010997631,5.5));
#8827=CARTESIAN_POINT('Ctrl Pts',(4.29159415455023,-6.14982931177688,-0.5));
#8828=CARTESIAN_POINT('Ctrl Pts',(4.29159415455023,-6.14982931177688,5.5));
#8829=CARTESIAN_POINT('Ctrl Pts',(4.28938380960569,-6.12426158722081,-0.5));
#8830=CARTESIAN_POINT('Ctrl Pts',(4.28938380960569,-6.12426158722081,5.5));
#8831=CARTESIAN_POINT('Ctrl Pts',(4.2870030570484,-6.09876839968314,-0.5));
#8832=CARTESIAN_POINT('Ctrl Pts',(4.2870030570484,-6.09876839968314,5.5));
#8833=CARTESIAN_POINT('Ctrl Pts',(4.28445088197793,-6.07335130288601,-0.5));
#8834=CARTESIAN_POINT('Ctrl Pts',(4.28445088197793,-6.07335130288601,5.5));
#8835=CARTESIAN_POINT('Ctrl Pts',(4.2817262410639,-6.04801188202727,-0.5));
#8836=CARTESIAN_POINT('Ctrl Pts',(4.2817262410639,-6.04801188202727,5.5));
#8837=CARTESIAN_POINT('Ctrl Pts',(4.27882814307398,-6.02275170037451,-0.5));
#8838=CARTESIAN_POINT('Ctrl Pts',(4.27882814307398,-6.02275170037451,5.5));
#8839=CARTESIAN_POINT('Ctrl Pts',(4.27575571621831,-5.99757225404619,-0.5));
#8840=CARTESIAN_POINT('Ctrl Pts',(4.27575571621831,-5.99757225404619,5.5));
#8841=CARTESIAN_POINT('Ctrl Pts',(4.27250832477895,-5.97247489527549,-0.5));
#8842=CARTESIAN_POINT('Ctrl Pts',(4.27250832477895,-5.97247489527549,5.5));
#8843=CARTESIAN_POINT('Ctrl Pts',(4.26908547870887,-5.94746088991977,-0.5));
#8844=CARTESIAN_POINT('Ctrl Pts',(4.26908547870887,-5.94746088991977,5.5));
#8845=CARTESIAN_POINT('Ctrl Pts',(4.26548661199115,-5.92253156034146,-0.5));
#8846=CARTESIAN_POINT('Ctrl Pts',(4.26548661199115,-5.92253156034146,5.5));
#8847=CARTESIAN_POINT('Ctrl Pts',(4.2617108835831,-5.8976884136032,-0.5));
#8848=CARTESIAN_POINT('Ctrl Pts',(4.2617108835831,-5.8976884136032,5.5));
#8849=CARTESIAN_POINT('Ctrl Pts',(4.2577570087674,-5.87293325056867,-0.5));
#8850=CARTESIAN_POINT('Ctrl Pts',(4.2577570087674,-5.87293325056867,5.5));
#8851=CARTESIAN_POINT('Ctrl Pts',(4.25362298234604,-5.84826834415889,-0.5));
#8852=CARTESIAN_POINT('Ctrl Pts',(4.25362298234604,-5.84826834415889,5.5));
#8853=CARTESIAN_POINT('Ctrl Pts',(4.24930626793578,-5.82369632007119,-0.5));
#8854=CARTESIAN_POINT('Ctrl Pts',(4.24930626793578,-5.82369632007119,5.5));
#8855=CARTESIAN_POINT('Ctrl Pts',(4.24480429526511,-5.79921984082529,-0.5));
#8856=CARTESIAN_POINT('Ctrl Pts',(4.24480429526511,-5.79921984082529,5.5));
#8857=CARTESIAN_POINT('Ctrl Pts',(4.24011490960945,-5.77484132065568,-0.5));
#8858=CARTESIAN_POINT('Ctrl Pts',(4.24011490960945,-5.77484132065568,5.5));
#8859=CARTESIAN_POINT('Ctrl Pts',(4.23523675036585,-5.75056268550317,-0.5));
#8860=CARTESIAN_POINT('Ctrl Pts',(4.23523675036585,-5.75056268550317,5.5));
#8861=CARTESIAN_POINT('Ctrl Pts',(4.23016989119084,-5.72638496679408,-0.5));
#8862=CARTESIAN_POINT('Ctrl Pts',(4.23016989119084,-5.72638496679408,5.5));
#8863=CARTESIAN_POINT('Ctrl Pts',(4.22491535673772,-5.70230860995842,-0.5));
#8864=CARTESIAN_POINT('Ctrl Pts',(4.22491535673772,-5.70230860995842,5.5));
#8865=CARTESIAN_POINT('Ctrl Pts',(4.21947392225434,-5.67833423933057,-0.5));
#8866=CARTESIAN_POINT('Ctrl Pts',(4.21947392225434,-5.67833423933057,5.5));
#8867=CARTESIAN_POINT('Ctrl Pts',(4.21384503090029,-5.6544633481685,-0.5));
#8868=CARTESIAN_POINT('Ctrl Pts',(4.21384503090029,-5.6544633481685,5.5));
#8869=CARTESIAN_POINT('Ctrl Pts',(4.20802587540779,-5.63069888448014,-0.5));
#8870=CARTESIAN_POINT('Ctrl Pts',(4.20802587540779,-5.63069888448014,5.5));
#8871=CARTESIAN_POINT('Ctrl Pts',(4.20200987795012,-5.60704621918068,-0.5));
#8872=CARTESIAN_POINT('Ctrl Pts',(4.20200987795012,-5.60704621918068,5.5));
#8873=CARTESIAN_POINT('Ctrl Pts',(4.19578787818056,-5.58351239415406,-0.5));
#8874=CARTESIAN_POINT('Ctrl Pts',(4.19578787818056,-5.58351239415406,5.5));
#8875=CARTESIAN_POINT('Ctrl Pts',(4.18935086559737,-5.56010438958325,-0.5));
#8876=CARTESIAN_POINT('Ctrl Pts',(4.18935086559737,-5.56010438958325,5.5));
#8877=CARTESIAN_POINT('Ctrl Pts',(4.18269246584061,-5.53682754744453,-0.5));
#8878=CARTESIAN_POINT('Ctrl Pts',(4.18269246584061,-5.53682754744453,5.5));
#8879=CARTESIAN_POINT('Ctrl Pts',(4.1758110421148,-5.5136842400997,-0.5));
#8880=CARTESIAN_POINT('Ctrl Pts',(4.1758110421148,-5.5136842400997,5.5));
#8881=CARTESIAN_POINT('Ctrl Pts',(4.16871320029359,-5.49067164603075,-0.5));
#8882=CARTESIAN_POINT('Ctrl Pts',(4.16871320029359,-5.49067164603075,5.5));
#8883=CARTESIAN_POINT('Ctrl Pts',(4.16141050586001,-5.46778384369071,-0.5));
#8884=CARTESIAN_POINT('Ctrl Pts',(4.16141050586001,-5.46778384369071,5.5));
#8885=CARTESIAN_POINT('Ctrl Pts',(4.15391300771124,-5.4450159368642,-0.5));
#8886=CARTESIAN_POINT('Ctrl Pts',(4.15391300771124,-5.4450159368642,5.5));
#8887=CARTESIAN_POINT('Ctrl Pts',(4.14622329074992,-5.42236784324244,-0.5));
#8888=CARTESIAN_POINT('Ctrl Pts',(4.14622329074992,-5.42236784324244,5.5));
#8889=CARTESIAN_POINT('Ctrl Pts',(4.13833135735497,-5.39984755701274,-0.5));
#8890=CARTESIAN_POINT('Ctrl Pts',(4.13833135735497,-5.39984755701274,5.5));
#8891=CARTESIAN_POINT('Ctrl Pts',(4.13020646058191,-5.37747634752866,-0.5));
#8892=CARTESIAN_POINT('Ctrl Pts',(4.13020646058191,-5.37747634752866,5.5));
#8893=CARTESIAN_POINT('Ctrl Pts',(4.12180578567937,-5.35528325855538,-0.5));
#8894=CARTESIAN_POINT('Ctrl Pts',(4.12180578567937,-5.35528325855538,5.5));
#8895=CARTESIAN_POINT('Ctrl Pts',(4.11308904982441,-5.33329585325223,-0.5));
#8896=CARTESIAN_POINT('Ctrl Pts',(4.11308904982441,-5.33329585325223,5.5));
#8897=CARTESIAN_POINT('Ctrl Pts',(4.10403210751307,-5.31153158243442,-0.5));
#8898=CARTESIAN_POINT('Ctrl Pts',(4.10403210751307,-5.31153158243442,5.5));
#8899=CARTESIAN_POINT('Ctrl Pts',(4.09463888636311,-5.28999023235437,-0.5));
#8900=CARTESIAN_POINT('Ctrl Pts',(4.09463888636311,-5.28999023235437,5.5));
#8901=CARTESIAN_POINT('Ctrl Pts',(4.08495951876186,-5.26864238928254,-0.5));
#8902=CARTESIAN_POINT('Ctrl Pts',(4.08495951876186,-5.26864238928254,5.5));
#8903=CARTESIAN_POINT('Ctrl Pts',(4.07506489894237,-5.24744589638109,-0.5));
#8904=CARTESIAN_POINT('Ctrl Pts',(4.07506489894237,-5.24744589638109,5.5));
#8905=CARTESIAN_POINT('Ctrl Pts',(4.06501105397591,-5.2263688464644,-0.5));
#8906=CARTESIAN_POINT('Ctrl Pts',(4.06501105397591,-5.2263688464644,5.5));
#8907=CARTESIAN_POINT('Ctrl Pts',(4.05480584634475,-5.20541109347125,-0.5));
#8908=CARTESIAN_POINT('Ctrl Pts',(4.05480584634475,-5.20541109347125,5.5));
#8909=CARTESIAN_POINT('Ctrl Pts',(4.04437722311113,-5.18462473490656,-0.5));
#8910=CARTESIAN_POINT('Ctrl Pts',(4.04437722311113,-5.18462473490656,5.5));
#8911=CARTESIAN_POINT('Ctrl Pts',(4.03353384720388,-5.16413958296638,-0.5));
#8912=CARTESIAN_POINT('Ctrl Pts',(4.03353384720388,-5.16413958296638,5.5));
#8913=CARTESIAN_POINT('Ctrl Pts',(4.02201754364349,-5.14412859704657,-0.5));
#8914=CARTESIAN_POINT('Ctrl Pts',(4.02201754364349,-5.14412859704657,5.5));
#8915=CARTESIAN_POINT('Ctrl Pts',(4.01205681181646,-5.12863868009687,-0.5));
#8916=CARTESIAN_POINT('Ctrl Pts',(4.01205681181646,-5.12863868009687,5.5));
#8917=CARTESIAN_POINT('Ctrl Pts',(4.00407307576991,-5.1173746592134,-0.5));
#8918=CARTESIAN_POINT('Ctrl Pts',(4.00407307576991,-5.1173746592134,5.5));
#8919=CARTESIAN_POINT('Ctrl Pts',(3.99851067108853,-5.11003023255228,-0.5));
#8920=CARTESIAN_POINT('Ctrl Pts',(3.99851067108853,-5.11003023255228,5.5));
#8921=CARTESIAN_POINT('Ctrl Pts',(3.99566948960108,-5.10639924979612,-0.5));
#8922=CARTESIAN_POINT('Ctrl Pts',(3.99566948960108,-5.10639924979612,5.5));
#8923=CARTESIAN_POINT('Ctrl Pts',(2.42443672738869,-6.013550908019,-0.5));
#8924=CARTESIAN_POINT('Ctrl Pts',(2.42443672738869,-6.013550908019,5.5));
#8925=CARTESIAN_POINT('Ctrl Pts',(2.4261606599525,-6.01782693474198,-0.5));
#8926=CARTESIAN_POINT('Ctrl Pts',(2.4261606599525,-6.01782693474198,5.5));
#8927=CARTESIAN_POINT('Ctrl Pts',(2.42973991767657,-6.02631633183274,-0.5));
#8928=CARTESIAN_POINT('Ctrl Pts',(2.42973991767657,-6.02631633183274,5.5));
#8929=CARTESIAN_POINT('Ctrl Pts',(2.43550297788715,-6.03886246050789,-0.5));
#8930=CARTESIAN_POINT('Ctrl Pts',(2.43550297788715,-6.03886246050789,5.5));
#8931=CARTESIAN_POINT('Ctrl Pts',(2.44393727355458,-6.05523366578524,-0.5));
#8932=CARTESIAN_POINT('Ctrl Pts',(2.44393727355458,-6.05523366578524,5.5));
#8933=CARTESIAN_POINT('Ctrl Pts',(2.45550914393571,-6.07521257018613,-0.5));
#8934=CARTESIAN_POINT('Ctrl Pts',(2.45550914393571,-6.07521257018613,5.5));
#8935=CARTESIAN_POINT('Ctrl Pts',(2.46782811796266,-6.09484578515468,-0.5));
#8936=CARTESIAN_POINT('Ctrl Pts',(2.46782811796266,-6.09484578515468,5.5));
#8937=CARTESIAN_POINT('Ctrl Pts',(2.48061532091505,-6.11427041708384,-0.5));
#8938=CARTESIAN_POINT('Ctrl Pts',(2.48061532091505,-6.11427041708384,5.5));
#8939=CARTESIAN_POINT('Ctrl Pts',(2.49366266359778,-6.1335872626399,-0.5));
#8940=CARTESIAN_POINT('Ctrl Pts',(2.49366266359778,-6.1335872626399,5.5));
#8941=CARTESIAN_POINT('Ctrl Pts',(2.50688900177924,-6.15283267274491,-0.5));
#8942=CARTESIAN_POINT('Ctrl Pts',(2.50688900177924,-6.15283267274491,5.5));
#8943=CARTESIAN_POINT('Ctrl Pts',(2.52029839319328,-6.1719999113201,-0.5));
#8944=CARTESIAN_POINT('Ctrl Pts',(2.52029839319328,-6.1719999113201,5.5));
#8945=CARTESIAN_POINT('Ctrl Pts',(2.53394648380886,-6.19105641109127,-0.5));
#8946=CARTESIAN_POINT('Ctrl Pts',(2.53394648380886,-6.19105641109127,5.5));
#8947=CARTESIAN_POINT('Ctrl Pts',(2.54790522963502,-6.20996185427052,-0.5));
#8948=CARTESIAN_POINT('Ctrl Pts',(2.54790522963502,-6.20996185427052,5.5));
#8949=CARTESIAN_POINT('Ctrl Pts',(2.56222516990242,-6.22868753180166,-0.5));
#8950=CARTESIAN_POINT('Ctrl Pts',(2.56222516990242,-6.22868753180166,5.5));
#8951=CARTESIAN_POINT('Ctrl Pts',(2.57690845353078,-6.2472301491417,-0.5));
#8952=CARTESIAN_POINT('Ctrl Pts',(2.57690845353078,-6.2472301491417,5.5));
#8953=CARTESIAN_POINT('Ctrl Pts',(2.59192789491881,-6.26560189150288,-0.5));
#8954=CARTESIAN_POINT('Ctrl Pts',(2.59192789491881,-6.26560189150288,5.5));
#8955=CARTESIAN_POINT('Ctrl Pts',(2.60723948225888,-6.28382386325352,-0.5));
#8956=CARTESIAN_POINT('Ctrl Pts',(2.60723948225888,-6.28382386325352,5.5));
#8957=CARTESIAN_POINT('Ctrl Pts',(2.62279665553682,-6.30191862117337,-0.5));
#8958=CARTESIAN_POINT('Ctrl Pts',(2.62279665553682,-6.30191862117337,5.5));
#8959=CARTESIAN_POINT('Ctrl Pts',(2.63856562147989,-6.31990215822066,-0.5));
#8960=CARTESIAN_POINT('Ctrl Pts',(2.63856562147989,-6.31990215822066,5.5));
#8961=CARTESIAN_POINT('Ctrl Pts',(2.65453445810826,-6.33777913549558,-0.5));
#8962=CARTESIAN_POINT('Ctrl Pts',(2.65453445810826,-6.33777913549558,5.5));
#8963=CARTESIAN_POINT('Ctrl Pts',(2.67070452915474,-6.35554735556116,-0.5));
#8964=CARTESIAN_POINT('Ctrl Pts',(2.67070452915474,-6.35554735556116,5.5));
#8965=CARTESIAN_POINT('Ctrl Pts',(2.68708509931482,-6.37320056392484,-0.5));
#8966=CARTESIAN_POINT('Ctrl Pts',(2.68708509931482,-6.37320056392484,5.5));
#8967=CARTESIAN_POINT('Ctrl Pts',(2.70368707954014,-6.39073170535802,-0.5));
#8968=CARTESIAN_POINT('Ctrl Pts',(2.70368707954014,-6.39073170535802,5.5));
#8969=CARTESIAN_POINT('Ctrl Pts',(2.72051621627377,-6.40813646976528,-0.5));
#8970=CARTESIAN_POINT('Ctrl Pts',(2.72051621627377,-6.40813646976528,5.5));
#8971=CARTESIAN_POINT('Ctrl Pts',(2.7375696365924,-6.42541508847221,-0.5));
#8972=CARTESIAN_POINT('Ctrl Pts',(2.7375696365924,-6.42541508847221,5.5));
#8973=CARTESIAN_POINT('Ctrl Pts',(2.75483952702889,-6.4425704108483,-0.5));
#8974=CARTESIAN_POINT('Ctrl Pts',(2.75483952702889,-6.4425704108483,5.5));
#8975=CARTESIAN_POINT('Ctrl Pts',(2.7723153373166,-6.45960675012548,-0.5));
#8976=CARTESIAN_POINT('Ctrl Pts',(2.7723153373166,-6.45960675012548,5.5));
#8977=CARTESIAN_POINT('Ctrl Pts',(2.78998638883178,-6.47652851845473,-0.5));
#8978=CARTESIAN_POINT('Ctrl Pts',(2.78998638883178,-6.47652851845473,5.5));
#8979=CARTESIAN_POINT('Ctrl Pts',(2.80784474131208,-6.49333872694351,-0.5));
#8980=CARTESIAN_POINT('Ctrl Pts',(2.80784474131208,-6.49333872694351,5.5));
#8981=CARTESIAN_POINT('Ctrl Pts',(2.82588643807385,-6.51003833275308,-0.5));
#8982=CARTESIAN_POINT('Ctrl Pts',(2.82588643807385,-6.51003833275308,5.5));
#8983=CARTESIAN_POINT('Ctrl Pts',(2.84410990749755,-6.52662707149237,-0.5));
#8984=CARTESIAN_POINT('Ctrl Pts',(2.84410990749755,-6.52662707149237,5.5));
#8985=CARTESIAN_POINT('Ctrl Pts',(2.86251499651767,-6.54310395960986,-0.5));
#8986=CARTESIAN_POINT('Ctrl Pts',(2.86251499651767,-6.54310395960986,5.5));
#8987=CARTESIAN_POINT('Ctrl Pts',(2.88110183170716,-6.55946788701478,-0.5));
#8988=CARTESIAN_POINT('Ctrl Pts',(2.88110183170716,-6.55946788701478,5.5));
#8989=CARTESIAN_POINT('Ctrl Pts',(2.89986955665288,-6.57571827420554,-0.5));
#8990=CARTESIAN_POINT('Ctrl Pts',(2.89986955665288,-6.57571827420554,5.5));
#8991=CARTESIAN_POINT('Ctrl Pts',(2.9188158231397,-6.59185533652844,-0.5));
#8992=CARTESIAN_POINT('Ctrl Pts',(2.9188158231397,-6.59185533652844,5.5));
#8993=CARTESIAN_POINT('Ctrl Pts',(2.93793746301692,-6.60787973291245,-0.5));
#8994=CARTESIAN_POINT('Ctrl Pts',(2.93793746301692,-6.60787973291245,5.5));
#8995=CARTESIAN_POINT('Ctrl Pts',(2.95723088533908,-6.62379235801815,-0.5));
#8996=CARTESIAN_POINT('Ctrl Pts',(2.95723088533908,-6.62379235801815,5.5));
#8997=CARTESIAN_POINT('Ctrl Pts',(2.97669254799395,-6.63959409556919,-0.5));
#8998=CARTESIAN_POINT('Ctrl Pts',(2.97669254799395,-6.63959409556919,5.5));
#8999=CARTESIAN_POINT('Ctrl Pts',(2.99631947997521,-6.65528554565749,-0.5));
#9000=CARTESIAN_POINT('Ctrl Pts',(2.99631947997521,-6.65528554565749,5.5));
#9001=CARTESIAN_POINT('Ctrl Pts',(3.01610947933048,-6.67086692044902,-0.5));
#9002=CARTESIAN_POINT('Ctrl Pts',(3.01610947933048,-6.67086692044902,5.5));
#9003=CARTESIAN_POINT('Ctrl Pts',(3.0360608203839,-6.68633819477682,-0.5));
#9004=CARTESIAN_POINT('Ctrl Pts',(3.0360608203839,-6.68633819477682,5.5));
#9005=CARTESIAN_POINT('Ctrl Pts',(3.05617207492753,-6.70169919764469,-0.5));
#9006=CARTESIAN_POINT('Ctrl Pts',(3.05617207492753,-6.70169919764469,5.5));
#9007=CARTESIAN_POINT('Ctrl Pts',(3.07644190167325,-6.71694972051712,-0.5));
#9008=CARTESIAN_POINT('Ctrl Pts',(3.07644190167325,-6.71694972051712,5.5));
#9009=CARTESIAN_POINT('Ctrl Pts',(3.09686881169379,-6.73208963782543,-0.5));
#9010=CARTESIAN_POINT('Ctrl Pts',(3.09686881169379,-6.73208963782543,5.5));
#9011=CARTESIAN_POINT('Ctrl Pts',(3.11745107341763,-6.74711895650254,-0.5));
#9012=CARTESIAN_POINT('Ctrl Pts',(3.11745107341763,-6.74711895650254,5.5));
#9013=CARTESIAN_POINT('Ctrl Pts',(3.13818683739915,-6.76203775334704,-0.5));
#9014=CARTESIAN_POINT('Ctrl Pts',(3.13818683739915,-6.76203775334704,5.5));
#9015=CARTESIAN_POINT('Ctrl Pts',(3.15907420915157,-6.77684613931061,-0.5));
#9016=CARTESIAN_POINT('Ctrl Pts',(3.15907420915157,-6.77684613931061,5.5));
#9017=CARTESIAN_POINT('Ctrl Pts',(3.18011133566182,-6.79154421646175,-0.5));
#9018=CARTESIAN_POINT('Ctrl Pts',(3.18011133566182,-6.79154421646175,5.5));
#9019=CARTESIAN_POINT('Ctrl Pts',(3.2012964996924,-6.80613203239295,-0.5));
#9020=CARTESIAN_POINT('Ctrl Pts',(3.2012964996924,-6.80613203239295,5.5));
#9021=CARTESIAN_POINT('Ctrl Pts',(3.22262815851375,-6.82060955916155,-0.5));
#9022=CARTESIAN_POINT('Ctrl Pts',(3.22262815851375,-6.82060955916155,5.5));
#9023=CARTESIAN_POINT('Ctrl Pts',(3.24410488474039,-6.83497671612655,-0.5));
#9024=CARTESIAN_POINT('Ctrl Pts',(3.24410488474039,-6.83497671612655,5.5));
#9025=CARTESIAN_POINT('Ctrl Pts',(3.26572532777041,-6.84923338349801,-0.5));
#9026=CARTESIAN_POINT('Ctrl Pts',(3.26572532777041,-6.84923338349801,5.5));
#9027=CARTESIAN_POINT('Ctrl Pts',(3.28748816925644,-6.86337941957581,-0.5));
#9028=CARTESIAN_POINT('Ctrl Pts',(3.28748816925644,-6.86337941957581,5.5));
#9029=CARTESIAN_POINT('Ctrl Pts',(3.30939207225658,-6.87741467912398,-0.5));
#9030=CARTESIAN_POINT('Ctrl Pts',(3.30939207225658,-6.87741467912398,5.5));
#9031=CARTESIAN_POINT('Ctrl Pts',(3.3314356583464,-6.89133902556494,-0.5));
#9032=CARTESIAN_POINT('Ctrl Pts',(3.3314356583464,-6.89133902556494,5.5));
#9033=CARTESIAN_POINT('Ctrl Pts',(3.35361754451091,-6.90515232814324,-0.5));
#9034=CARTESIAN_POINT('Ctrl Pts',(3.35361754451091,-6.90515232814324,5.5));
#9035=CARTESIAN_POINT('Ctrl Pts',(3.3759363672768,-6.91885446340341,-0.5));
#9036=CARTESIAN_POINT('Ctrl Pts',(3.3759363672768,-6.91885446340341,5.5));
#9037=CARTESIAN_POINT('Ctrl Pts',(3.39839080876232,-6.93244531505159,-0.5));
#9038=CARTESIAN_POINT('Ctrl Pts',(3.39839080876232,-6.93244531505159,5.5));
#9039=CARTESIAN_POINT('Ctrl Pts',(3.42097962617443,-6.94592477701891,-0.5));
#9040=CARTESIAN_POINT('Ctrl Pts',(3.42097962617443,-6.94592477701891,5.5));
#9041=CARTESIAN_POINT('Ctrl Pts',(3.44370166222146,-6.9592927506674,-0.5));
#9042=CARTESIAN_POINT('Ctrl Pts',(3.44370166222146,-6.9592927506674,5.5));
#9043=CARTESIAN_POINT('Ctrl Pts',(3.46655580381549,-6.97254912678815,-0.5));
#9044=CARTESIAN_POINT('Ctrl Pts',(3.46655580381549,-6.97254912678815,5.5));
#9045=CARTESIAN_POINT('Ctrl Pts',(3.48954094844463,-6.98569377040216,-0.5));
#9046=CARTESIAN_POINT('Ctrl Pts',(3.48954094844463,-6.98569377040216,5.5));
#9047=CARTESIAN_POINT('Ctrl Pts',(3.51265596927432,-6.99872650666161,-0.5));
#9048=CARTESIAN_POINT('Ctrl Pts',(3.51265596927432,-6.99872650666161,5.5));
#9049=CARTESIAN_POINT('Ctrl Pts',(3.53589967341081,-7.0116471036944,-0.5));
#9050=CARTESIAN_POINT('Ctrl Pts',(3.53589967341081,-7.0116471036944,5.5));
#9051=CARTESIAN_POINT('Ctrl Pts',(3.55927078148371,-7.02445526774421,-0.5));
#9052=CARTESIAN_POINT('Ctrl Pts',(3.55927078148371,-7.02445526774421,5.5));
#9053=CARTESIAN_POINT('Ctrl Pts',(3.58276800043905,-7.03715068777779,-0.5));
#9054=CARTESIAN_POINT('Ctrl Pts',(3.58276800043905,-7.03715068777779,5.5));
#9055=CARTESIAN_POINT('Ctrl Pts',(3.60639008238108,-7.04973307411985,-0.5));
#9056=CARTESIAN_POINT('Ctrl Pts',(3.60639008238108,-7.04973307411985,5.5));
#9057=CARTESIAN_POINT('Ctrl Pts',(3.63013588687882,-7.06220219893903,-0.5));
#9058=CARTESIAN_POINT('Ctrl Pts',(3.63013588687882,-7.06220219893903,5.5));
#9059=CARTESIAN_POINT('Ctrl Pts',(3.65400444358822,-7.07455793992131,-0.5));
#9060=CARTESIAN_POINT('Ctrl Pts',(3.65400444358822,-7.07455793992131,5.5));
#9061=CARTESIAN_POINT('Ctrl Pts',(3.67799500650704,-7.08680031465907,-0.5));
#9062=CARTESIAN_POINT('Ctrl Pts',(3.67799500650704,-7.08680031465907,5.5));
#9063=CARTESIAN_POINT('Ctrl Pts',(3.70210702976533,-7.09892942384369,-0.5));
#9064=CARTESIAN_POINT('Ctrl Pts',(3.70210702976533,-7.09892942384369,5.5));
#9065=CARTESIAN_POINT('Ctrl Pts',(3.72149352592152,-7.10854220737543,-0.5));
#9066=CARTESIAN_POINT('Ctrl Pts',(3.72149352592152,-7.10854220737543,5.5));
#9067=CARTESIAN_POINT('Ctrl Pts',(3.73608780087241,-7.11570094078555,-0.5));
#9068=CARTESIAN_POINT('Ctrl Pts',(3.73608780087241,-7.11570094078555,5.5));
#9069=CARTESIAN_POINT('Ctrl Pts',(3.74584148851922,-7.12045083535846,-0.5));
#9070=CARTESIAN_POINT('Ctrl Pts',(3.74584148851922,-7.12045083535846,5.5));
#9071=CARTESIAN_POINT('Ctrl Pts',(3.7507243750955,-7.12282013405256,-0.5));
#9072=CARTESIAN_POINT('Ctrl Pts',(3.7507243750955,-7.12282013405256,5.5));
#9073=CARTESIAN_POINT('Ctrl Pts',(0.313187475600056,-8.04390537022454,-0.5));
#9074=CARTESIAN_POINT('Ctrl Pts',(0.313187475600056,-8.04390537022454,5.5));
#9075=CARTESIAN_POINT('Ctrl Pts',(0.316231530071858,-8.03941205407817,-0.5));
#9076=CARTESIAN_POINT('Ctrl Pts',(0.316231530071858,-8.03941205407817,5.5));
#9077=CARTESIAN_POINT('Ctrl Pts',(0.322303524068115,-8.03042168088932,-0.5));
#9078=CARTESIAN_POINT('Ctrl Pts',(0.322303524068115,-8.03042168088932,5.5));
#9079=CARTESIAN_POINT('Ctrl Pts',(0.331363170220352,-8.01692489842179,-0.5));
#9080=CARTESIAN_POINT('Ctrl Pts',(0.331363170220352,-8.01692489842179,5.5));
#9081=CARTESIAN_POINT('Ctrl Pts',(0.343345976616103,-7.99890673560413,-0.5));
#9082=CARTESIAN_POINT('Ctrl Pts',(0.343345976616103,-7.99890673560413,5.5));
#9083=CARTESIAN_POINT('Ctrl Pts',(0.358163046702121,-7.97634660729582,-0.5));
#9084=CARTESIAN_POINT('Ctrl Pts',(0.358163046702121,-7.97634660729582,5.5));
#9085=CARTESIAN_POINT('Ctrl Pts',(0.372818296272024,-7.95374911831087,-0.5));
#9086=CARTESIAN_POINT('Ctrl Pts',(0.372818296272024,-7.95374911831087,5.5));
#9087=CARTESIAN_POINT('Ctrl Pts',(0.3873112022429,-7.93111445438293,-0.5));
#9088=CARTESIAN_POINT('Ctrl Pts',(0.3873112022429,-7.93111445438293,5.5));
#9089=CARTESIAN_POINT('Ctrl Pts',(0.401641109761648,-7.90844297327769,-0.5));
#9090=CARTESIAN_POINT('Ctrl Pts',(0.401641109761648,-7.90844297327769,5.5));
#9091=CARTESIAN_POINT('Ctrl Pts',(0.415807239642695,-7.88573526609423,-0.5));
#9092=CARTESIAN_POINT('Ctrl Pts',(0.415807239642695,-7.88573526609423,5.5));
#9093=CARTESIAN_POINT('Ctrl Pts',(0.429808718159516,-7.86299210035576,-0.5));
#9094=CARTESIAN_POINT('Ctrl Pts',(0.429808718159516,-7.86299210035576,5.5));
#9095=CARTESIAN_POINT('Ctrl Pts',(0.443644609440335,-7.84021435087634,-0.5));
#9096=CARTESIAN_POINT('Ctrl Pts',(0.443644609440335,-7.84021435087634,5.5));
#9097=CARTESIAN_POINT('Ctrl Pts',(0.457313949184184,-7.81740293354563,-0.5));
#9098=CARTESIAN_POINT('Ctrl Pts',(0.457313949184184,-7.81740293354563,5.5));
#9099=CARTESIAN_POINT('Ctrl Pts',(0.470815776301975,-7.79455874244928,-0.5));
#9100=CARTESIAN_POINT('Ctrl Pts',(0.470815776301975,-7.79455874244928,5.5));
#9101=CARTESIAN_POINT('Ctrl Pts',(0.484149173653465,-7.77168257484129,-0.5));
#9102=CARTESIAN_POINT('Ctrl Pts',(0.484149173653465,-7.77168257484129,5.5));
#9103=CARTESIAN_POINT('Ctrl Pts',(0.497313252795214,-7.74877514556159,-0.5));
#9104=CARTESIAN_POINT('Ctrl Pts',(0.497313252795214,-7.74877514556159,5.5));
#9105=CARTESIAN_POINT('Ctrl Pts',(0.510307126413398,-7.72583712276135,-0.5));
#9106=CARTESIAN_POINT('Ctrl Pts',(0.510307126413398,-7.72583712276135,5.5));
#9107=CARTESIAN_POINT('Ctrl Pts',(0.523129885150074,-7.70286915756226,-0.5));
#9108=CARTESIAN_POINT('Ctrl Pts',(0.523129885150074,-7.70286915756226,5.5));
#9109=CARTESIAN_POINT('Ctrl Pts',(0.535780576080234,-7.6798719140331,-0.5));
#9110=CARTESIAN_POINT('Ctrl Pts',(0.535780576080234,-7.6798719140331,5.5));
#9111=CARTESIAN_POINT('Ctrl Pts',(0.548258175947974,-7.65684610542876,-0.5));
#9112=CARTESIAN_POINT('Ctrl Pts',(0.548258175947974,-7.65684610542876,5.5));
#9113=CARTESIAN_POINT('Ctrl Pts',(0.560561601581149,-7.63379249140354,-0.5));
#9114=CARTESIAN_POINT('Ctrl Pts',(0.560561601581149,-7.63379249140354,5.5));
#9115=CARTESIAN_POINT('Ctrl Pts',(0.57268973390496,-7.61071186060966,-0.5));
#9116=CARTESIAN_POINT('Ctrl Pts',(0.57268973390496,-7.61071186060966,5.5));
#9117=CARTESIAN_POINT('Ctrl Pts',(0.584641440571024,-7.58760501779217,-0.5));
#9118=CARTESIAN_POINT('Ctrl Pts',(0.584641440571024,-7.58760501779217,5.5));
#9119=CARTESIAN_POINT('Ctrl Pts',(0.596415596117559,-7.56447277044292,-0.5));
#9120=CARTESIAN_POINT('Ctrl Pts',(0.596415596117559,-7.56447277044292,5.5));
#9121=CARTESIAN_POINT('Ctrl Pts',(0.6080111153369,-7.54131591281093,-0.5));
#9122=CARTESIAN_POINT('Ctrl Pts',(0.6080111153369,-7.54131591281093,5.5));
#9123=CARTESIAN_POINT('Ctrl Pts',(0.61942692735679,-7.51813522678576,-0.5));
#9124=CARTESIAN_POINT('Ctrl Pts',(0.61942692735679,-7.51813522678576,5.5));
#9125=CARTESIAN_POINT('Ctrl Pts',(0.630661922416643,-7.49493149140951,-0.5));
#9126=CARTESIAN_POINT('Ctrl Pts',(0.630661922416643,-7.49493149140951,5.5));
#9127=CARTESIAN_POINT('Ctrl Pts',(0.641714904684867,-7.47170549021206,-0.5));
#9128=CARTESIAN_POINT('Ctrl Pts',(0.641714904684867,-7.47170549021206,5.5));
#9129=CARTESIAN_POINT('Ctrl Pts',(0.652584552089804,-7.44845801875727,-0.5));
#9130=CARTESIAN_POINT('Ctrl Pts',(0.652584552089804,-7.44845801875727,5.5));
#9131=CARTESIAN_POINT('Ctrl Pts',(0.663269353663903,-7.42518989444757,-0.5));
#9132=CARTESIAN_POINT('Ctrl Pts',(0.663269353663903,-7.42518989444757,5.5));
#9133=CARTESIAN_POINT('Ctrl Pts',(0.67376765361653,-7.40190195539557,-0.5));
#9134=CARTESIAN_POINT('Ctrl Pts',(0.67376765361653,-7.40190195539557,5.5));
#9135=CARTESIAN_POINT('Ctrl Pts',(0.684077755798165,-7.3785950527577,-0.5));
#9136=CARTESIAN_POINT('Ctrl Pts',(0.684077755798165,-7.3785950527577,5.5));
#9137=CARTESIAN_POINT('Ctrl Pts',(0.694198020142613,-7.35527004474724,-0.5));
#9138=CARTESIAN_POINT('Ctrl Pts',(0.694198020142613,-7.35527004474724,5.5));
#9139=CARTESIAN_POINT('Ctrl Pts',(0.704126943598496,-7.33192779114586,-0.5));
#9140=CARTESIAN_POINT('Ctrl Pts',(0.704126943598496,-7.33192779114586,5.5));
#9141=CARTESIAN_POINT('Ctrl Pts',(0.713863299501326,-7.30856914516286,-0.5));
#9142=CARTESIAN_POINT('Ctrl Pts',(0.713863299501326,-7.30856914516286,5.5));
#9143=CARTESIAN_POINT('Ctrl Pts',(0.723406030529253,-7.28519495803936,-0.5));
#9144=CARTESIAN_POINT('Ctrl Pts',(0.723406030529253,-7.28519495803936,5.5));
#9145=CARTESIAN_POINT('Ctrl Pts',(0.732753985316026,-7.26180609196637,-0.5));
#9146=CARTESIAN_POINT('Ctrl Pts',(0.732753985316026,-7.26180609196637,5.5));
#9147=CARTESIAN_POINT('Ctrl Pts',(0.741905681965995,-7.23840343157706,-0.5));
#9148=CARTESIAN_POINT('Ctrl Pts',(0.741905681965995,-7.23840343157706,5.5));
#9149=CARTESIAN_POINT('Ctrl Pts',(0.750859107449477,-7.21498789410648,-0.5));
#9150=CARTESIAN_POINT('Ctrl Pts',(0.750859107449477,-7.21498789410648,5.5));
#9151=CARTESIAN_POINT('Ctrl Pts',(0.759611388753559,-7.19156044536297,-0.5));
#9152=CARTESIAN_POINT('Ctrl Pts',(0.759611388753559,-7.19156044536297,5.5));
#9153=CARTESIAN_POINT('Ctrl Pts',(0.76815901645724,-7.1681220910755,-0.5));
#9154=CARTESIAN_POINT('Ctrl Pts',(0.76815901645724,-7.1681220910755,5.5));
#9155=CARTESIAN_POINT('Ctrl Pts',(0.776498433380249,-7.14467385191801,-0.5));
#9156=CARTESIAN_POINT('Ctrl Pts',(0.776498433380249,-7.14467385191801,5.5));
#9157=CARTESIAN_POINT('Ctrl Pts',(0.784626566359104,-7.12121674131662,-0.5));
#9158=CARTESIAN_POINT('Ctrl Pts',(0.784626566359104,-7.12121674131662,5.5));
#9159=CARTESIAN_POINT('Ctrl Pts',(0.792541274106696,-7.09775174688353,-0.5));
#9160=CARTESIAN_POINT('Ctrl Pts',(0.792541274106696,-7.09775174688353,5.5));
#9161=CARTESIAN_POINT('Ctrl Pts',(0.800242104698289,-7.0742797986884,-0.5));
#9162=CARTESIAN_POINT('Ctrl Pts',(0.800242104698289,-7.0742797986884,5.5));
#9163=CARTESIAN_POINT('Ctrl Pts',(0.807729722794657,-7.05080179481158,-0.5));
#9164=CARTESIAN_POINT('Ctrl Pts',(0.807729722794657,-7.05080179481158,5.5));
#9165=CARTESIAN_POINT('Ctrl Pts',(0.815004487612945,-7.02731866356643,-0.5));
#9166=CARTESIAN_POINT('Ctrl Pts',(0.815004487612945,-7.02731866356643,5.5));
#9167=CARTESIAN_POINT('Ctrl Pts',(0.82206517028623,-7.00383141973208,-0.5));
#9168=CARTESIAN_POINT('Ctrl Pts',(0.82206517028623,-7.00383141973208,5.5));
#9169=CARTESIAN_POINT('Ctrl Pts',(0.828907865645331,-6.9803412127244,-0.5));
#9170=CARTESIAN_POINT('Ctrl Pts',(0.828907865645331,-6.9803412127244,5.5));
#9171=CARTESIAN_POINT('Ctrl Pts',(0.835524191667621,-6.95684940497902,-0.5));
#9172=CARTESIAN_POINT('Ctrl Pts',(0.835524191667621,-6.95684940497902,5.5));
#9173=CARTESIAN_POINT('Ctrl Pts',(0.841902694318149,-6.93335751477297,-0.5));
#9174=CARTESIAN_POINT('Ctrl Pts',(0.841902694318149,-6.93335751477297,5.5));
#9175=CARTESIAN_POINT('Ctrl Pts',(0.848032080182033,-6.90986708187115,-0.5));
#9176=CARTESIAN_POINT('Ctrl Pts',(0.848032080182033,-6.90986708187115,5.5));
#9177=CARTESIAN_POINT('Ctrl Pts',(0.853904157913482,-6.88637954538076,-0.5));
#9178=CARTESIAN_POINT('Ctrl Pts',(0.853904157913482,-6.88637954538076,5.5));
#9179=CARTESIAN_POINT('Ctrl Pts',(0.859516323825146,-6.86289614142963,-0.5));
#9180=CARTESIAN_POINT('Ctrl Pts',(0.859516323825146,-6.86289614142963,5.5));
#9181=CARTESIAN_POINT('Ctrl Pts',(0.864875709530407,-6.83941772944835,-0.5));
#9182=CARTESIAN_POINT('Ctrl Pts',(0.864875709530407,-6.83941772944835,5.5));
#9183=CARTESIAN_POINT('Ctrl Pts',(0.869995291804868,-6.81594496396828,-0.5));
#9184=CARTESIAN_POINT('Ctrl Pts',(0.869995291804868,-6.81594496396828,5.5));
#9185=CARTESIAN_POINT('Ctrl Pts',(0.87488622135646,-6.79247862919114,-0.5));
#9186=CARTESIAN_POINT('Ctrl Pts',(0.87488622135646,-6.79247862919114,5.5));
#9187=CARTESIAN_POINT('Ctrl Pts',(0.879550777930926,-6.76901994628675,-0.5));
#9188=CARTESIAN_POINT('Ctrl Pts',(0.879550777930926,-6.76901994628675,5.5));
#9189=CARTESIAN_POINT('Ctrl Pts',(0.88397630624078,-6.74557083961386,-0.5));
#9190=CARTESIAN_POINT('Ctrl Pts',(0.88397630624078,-6.74557083961386,5.5));
#9191=CARTESIAN_POINT('Ctrl Pts',(0.888125543974224,-6.72213435550073,-0.5));
#9192=CARTESIAN_POINT('Ctrl Pts',(0.888125543974224,-6.72213435550073,5.5));
#9193=CARTESIAN_POINT('Ctrl Pts',(0.891946890586321,-6.69871423921015,-0.5));
#9194=CARTESIAN_POINT('Ctrl Pts',(0.891946890586321,-6.69871423921015,5.5));
#9195=CARTESIAN_POINT('Ctrl Pts',(0.895391678549425,-6.67531421972684,-0.5));
#9196=CARTESIAN_POINT('Ctrl Pts',(0.895391678549425,-6.67531421972684,5.5));
#9197=CARTESIAN_POINT('Ctrl Pts',(0.898430271836105,-6.6519373371481,-0.5));
#9198=CARTESIAN_POINT('Ctrl Pts',(0.898430271836105,-6.6519373371481,5.5));
#9199=CARTESIAN_POINT('Ctrl Pts',(0.901066178736899,-6.62858537017198,-0.5));
#9200=CARTESIAN_POINT('Ctrl Pts',(0.901066178736899,-6.62858537017198,5.5));
#9201=CARTESIAN_POINT('Ctrl Pts',(0.903357522037562,-6.60525791195515,-0.5));
#9202=CARTESIAN_POINT('Ctrl Pts',(0.903357522037562,-6.60525791195515,5.5));
#9203=CARTESIAN_POINT('Ctrl Pts',(0.905386776363813,-6.58195390072162,-0.5));
#9204=CARTESIAN_POINT('Ctrl Pts',(0.905386776363813,-6.58195390072162,5.5));
#9205=CARTESIAN_POINT('Ctrl Pts',(0.907218416175498,-6.5586737175737,-0.5));
#9206=CARTESIAN_POINT('Ctrl Pts',(0.907218416175498,-6.5586737175737,5.5));
#9207=CARTESIAN_POINT('Ctrl Pts',(0.908859323612597,-6.53542116725981,-0.5));
#9208=CARTESIAN_POINT('Ctrl Pts',(0.908859323612597,-6.53542116725981,5.5));
#9209=CARTESIAN_POINT('Ctrl Pts',(0.910221050248127,-6.5122053410738,-0.5));
#9210=CARTESIAN_POINT('Ctrl Pts',(0.910221050248127,-6.5122053410738,5.5));
#9211=CARTESIAN_POINT('Ctrl Pts',(0.911072987219753,-6.4890429911396,-0.5));
#9212=CARTESIAN_POINT('Ctrl Pts',(0.911072987219753,-6.4890429911396,5.5));
#9213=CARTESIAN_POINT('Ctrl Pts',(0.91110506873867,-6.46595481719808,-0.5));
#9214=CARTESIAN_POINT('Ctrl Pts',(0.91110506873867,-6.46595481719808,5.5));
#9215=CARTESIAN_POINT('Ctrl Pts',(0.91022378041102,-6.44755978970361,-0.5));
#9216=CARTESIAN_POINT('Ctrl Pts',(0.91022378041102,-6.44755978970361,5.5));
#9217=CARTESIAN_POINT('Ctrl Pts',(0.908941672619338,-6.43381299344649,-0.5));
#9218=CARTESIAN_POINT('Ctrl Pts',(0.908941672619338,-6.43381299344649,5.5));
#9219=CARTESIAN_POINT('Ctrl Pts',(0.907796702189695,-6.42467133104104,-0.5));
#9220=CARTESIAN_POINT('Ctrl Pts',(0.907796702189695,-6.42467133104104,5.5));
#9221=CARTESIAN_POINT('Ctrl Pts',(0.907151658222879,-6.42010621698978,-0.5));
#9222=CARTESIAN_POINT('Ctrl Pts',(0.907151658222879,-6.42010621698978,5.5));
#9223=CARTESIAN_POINT('Ctrl Pts',(-0.907151658222883,-6.42010621698977,
-0.5));
#9224=CARTESIAN_POINT('Ctrl Pts',(-0.907151658222883,-6.42010621698977,
5.5));
#9225=CARTESIAN_POINT('Ctrl Pts',(-0.907796702189698,-6.42467133104104,
-0.5));
#9226=CARTESIAN_POINT('Ctrl Pts',(-0.907796702189698,-6.42467133104104,
5.5));
#9227=CARTESIAN_POINT('Ctrl Pts',(-0.908941672619341,-6.43381299344649,
-0.5));
#9228=CARTESIAN_POINT('Ctrl Pts',(-0.908941672619341,-6.43381299344649,
5.5));
#9229=CARTESIAN_POINT('Ctrl Pts',(-0.910223780411023,-6.44755978970361,
-0.5));
#9230=CARTESIAN_POINT('Ctrl Pts',(-0.910223780411023,-6.44755978970361,
5.5));
#9231=CARTESIAN_POINT('Ctrl Pts',(-0.911105068738673,-6.46595481719808,
-0.5));
#9232=CARTESIAN_POINT('Ctrl Pts',(-0.911105068738673,-6.46595481719808,
5.5));
#9233=CARTESIAN_POINT('Ctrl Pts',(-0.911072987219756,-6.4890429911396,-0.5));
#9234=CARTESIAN_POINT('Ctrl Pts',(-0.911072987219756,-6.4890429911396,5.5));
#9235=CARTESIAN_POINT('Ctrl Pts',(-0.91022105024813,-6.5122053410738,-0.5));
#9236=CARTESIAN_POINT('Ctrl Pts',(-0.91022105024813,-6.5122053410738,5.5));
#9237=CARTESIAN_POINT('Ctrl Pts',(-0.9088593236126,-6.53542116725981,-0.5));
#9238=CARTESIAN_POINT('Ctrl Pts',(-0.9088593236126,-6.53542116725981,5.5));
#9239=CARTESIAN_POINT('Ctrl Pts',(-0.9072184161755,-6.5586737175737,-0.5));
#9240=CARTESIAN_POINT('Ctrl Pts',(-0.9072184161755,-6.5586737175737,5.5));
#9241=CARTESIAN_POINT('Ctrl Pts',(-0.905386776363816,-6.58195390072162,
-0.5));
#9242=CARTESIAN_POINT('Ctrl Pts',(-0.905386776363816,-6.58195390072162,
5.5));
#9243=CARTESIAN_POINT('Ctrl Pts',(-0.903357522037565,-6.60525791195515,
-0.5));
#9244=CARTESIAN_POINT('Ctrl Pts',(-0.903357522037565,-6.60525791195515,
5.5));
#9245=CARTESIAN_POINT('Ctrl Pts',(-0.901066178736902,-6.62858537017198,
-0.5));
#9246=CARTESIAN_POINT('Ctrl Pts',(-0.901066178736902,-6.62858537017198,
5.5));
#9247=CARTESIAN_POINT('Ctrl Pts',(-0.898430271836107,-6.6519373371481,-0.5));
#9248=CARTESIAN_POINT('Ctrl Pts',(-0.898430271836107,-6.6519373371481,5.5));
#9249=CARTESIAN_POINT('Ctrl Pts',(-0.895391678549428,-6.67531421972684,
-0.5));
#9250=CARTESIAN_POINT('Ctrl Pts',(-0.895391678549428,-6.67531421972684,
5.5));
#9251=CARTESIAN_POINT('Ctrl Pts',(-0.891946890586323,-6.69871423921015,
-0.5));
#9252=CARTESIAN_POINT('Ctrl Pts',(-0.891946890586323,-6.69871423921015,
5.5));
#9253=CARTESIAN_POINT('Ctrl Pts',(-0.888125543974227,-6.72213435550073,
-0.5));
#9254=CARTESIAN_POINT('Ctrl Pts',(-0.888125543974227,-6.72213435550073,
5.5));
#9255=CARTESIAN_POINT('Ctrl Pts',(-0.883976306240782,-6.74557083961386,
-0.5));
#9256=CARTESIAN_POINT('Ctrl Pts',(-0.883976306240782,-6.74557083961386,
5.5));
#9257=CARTESIAN_POINT('Ctrl Pts',(-0.879550777930928,-6.76901994628675,
-0.5));
#9258=CARTESIAN_POINT('Ctrl Pts',(-0.879550777930928,-6.76901994628675,
5.5));
#9259=CARTESIAN_POINT('Ctrl Pts',(-0.874886221356463,-6.79247862919114,
-0.5));
#9260=CARTESIAN_POINT('Ctrl Pts',(-0.874886221356463,-6.79247862919114,
5.5));
#9261=CARTESIAN_POINT('Ctrl Pts',(-0.869995291804871,-6.81594496396828,
-0.5));
#9262=CARTESIAN_POINT('Ctrl Pts',(-0.869995291804871,-6.81594496396828,
5.5));
#9263=CARTESIAN_POINT('Ctrl Pts',(-0.864875709530409,-6.83941772944835,
-0.5));
#9264=CARTESIAN_POINT('Ctrl Pts',(-0.864875709530409,-6.83941772944835,
5.5));
#9265=CARTESIAN_POINT('Ctrl Pts',(-0.859516323825149,-6.86289614142963,
-0.5));
#9266=CARTESIAN_POINT('Ctrl Pts',(-0.859516323825149,-6.86289614142963,
5.5));
#9267=CARTESIAN_POINT('Ctrl Pts',(-0.853904157913484,-6.88637954538076,
-0.5));
#9268=CARTESIAN_POINT('Ctrl Pts',(-0.853904157913484,-6.88637954538076,
5.5));
#9269=CARTESIAN_POINT('Ctrl Pts',(-0.848032080182035,-6.90986708187115,
-0.5));
#9270=CARTESIAN_POINT('Ctrl Pts',(-0.848032080182035,-6.90986708187115,
5.5));
#9271=CARTESIAN_POINT('Ctrl Pts',(-0.841902694318152,-6.93335751477297,
-0.5));
#9272=CARTESIAN_POINT('Ctrl Pts',(-0.841902694318152,-6.93335751477297,
5.5));
#9273=CARTESIAN_POINT('Ctrl Pts',(-0.835524191667623,-6.95684940497902,
-0.5));
#9274=CARTESIAN_POINT('Ctrl Pts',(-0.835524191667623,-6.95684940497902,
5.5));
#9275=CARTESIAN_POINT('Ctrl Pts',(-0.828907865645333,-6.9803412127244,-0.5));
#9276=CARTESIAN_POINT('Ctrl Pts',(-0.828907865645333,-6.9803412127244,5.5));
#9277=CARTESIAN_POINT('Ctrl Pts',(-0.822065170286234,-7.00383141973208,
-0.5));
#9278=CARTESIAN_POINT('Ctrl Pts',(-0.822065170286234,-7.00383141973208,
5.5));
#9279=CARTESIAN_POINT('Ctrl Pts',(-0.815004487612948,-7.02731866356643,
-0.5));
#9280=CARTESIAN_POINT('Ctrl Pts',(-0.815004487612948,-7.02731866356643,
5.5));
#9281=CARTESIAN_POINT('Ctrl Pts',(-0.80772972279466,-7.05080179481158,-0.5));
#9282=CARTESIAN_POINT('Ctrl Pts',(-0.80772972279466,-7.05080179481158,5.5));
#9283=CARTESIAN_POINT('Ctrl Pts',(-0.800242104698292,-7.0742797986884,-0.5));
#9284=CARTESIAN_POINT('Ctrl Pts',(-0.800242104698292,-7.0742797986884,5.5));
#9285=CARTESIAN_POINT('Ctrl Pts',(-0.792541274106699,-7.09775174688353,
-0.5));
#9286=CARTESIAN_POINT('Ctrl Pts',(-0.792541274106699,-7.09775174688353,
5.5));
#9287=CARTESIAN_POINT('Ctrl Pts',(-0.784626566359107,-7.12121674131662,
-0.5));
#9288=CARTESIAN_POINT('Ctrl Pts',(-0.784626566359107,-7.12121674131662,
5.5));
#9289=CARTESIAN_POINT('Ctrl Pts',(-0.776498433380252,-7.14467385191801,
-0.5));
#9290=CARTESIAN_POINT('Ctrl Pts',(-0.776498433380252,-7.14467385191801,
5.5));
#9291=CARTESIAN_POINT('Ctrl Pts',(-0.768159016457244,-7.1681220910755,-0.5));
#9292=CARTESIAN_POINT('Ctrl Pts',(-0.768159016457244,-7.1681220910755,5.5));
#9293=CARTESIAN_POINT('Ctrl Pts',(-0.759611388753562,-7.19156044536297,
-0.5));
#9294=CARTESIAN_POINT('Ctrl Pts',(-0.759611388753562,-7.19156044536297,
5.5));
#9295=CARTESIAN_POINT('Ctrl Pts',(-0.750859107449481,-7.21498789410648,
-0.5));
#9296=CARTESIAN_POINT('Ctrl Pts',(-0.750859107449481,-7.21498789410648,
5.5));
#9297=CARTESIAN_POINT('Ctrl Pts',(-0.741905681965999,-7.23840343157706,
-0.5));
#9298=CARTESIAN_POINT('Ctrl Pts',(-0.741905681965999,-7.23840343157706,
5.5));
#9299=CARTESIAN_POINT('Ctrl Pts',(-0.732753985316029,-7.26180609196637,
-0.5));
#9300=CARTESIAN_POINT('Ctrl Pts',(-0.732753985316029,-7.26180609196637,
5.5));
#9301=CARTESIAN_POINT('Ctrl Pts',(-0.723406030529256,-7.28519495803936,
-0.5));
#9302=CARTESIAN_POINT('Ctrl Pts',(-0.723406030529256,-7.28519495803936,
5.5));
#9303=CARTESIAN_POINT('Ctrl Pts',(-0.713863299501328,-7.30856914516286,
-0.5));
#9304=CARTESIAN_POINT('Ctrl Pts',(-0.713863299501328,-7.30856914516286,
5.5));
#9305=CARTESIAN_POINT('Ctrl Pts',(-0.704126943598499,-7.33192779114585,
-0.5));
#9306=CARTESIAN_POINT('Ctrl Pts',(-0.704126943598499,-7.33192779114585,
5.5));
#9307=CARTESIAN_POINT('Ctrl Pts',(-0.694198020142616,-7.35527004474723,
-0.5));
#9308=CARTESIAN_POINT('Ctrl Pts',(-0.694198020142616,-7.35527004474723,
5.5));
#9309=CARTESIAN_POINT('Ctrl Pts',(-0.684077755798168,-7.3785950527577,-0.5));
#9310=CARTESIAN_POINT('Ctrl Pts',(-0.684077755798168,-7.3785950527577,5.5));
#9311=CARTESIAN_POINT('Ctrl Pts',(-0.673767653616533,-7.40190195539556,
-0.5));
#9312=CARTESIAN_POINT('Ctrl Pts',(-0.673767653616533,-7.40190195539556,
5.5));
#9313=CARTESIAN_POINT('Ctrl Pts',(-0.663269353663906,-7.42518989444757,
-0.5));
#9314=CARTESIAN_POINT('Ctrl Pts',(-0.663269353663906,-7.42518989444757,
5.5));
#9315=CARTESIAN_POINT('Ctrl Pts',(-0.652584552089807,-7.44845801875727,
-0.5));
#9316=CARTESIAN_POINT('Ctrl Pts',(-0.652584552089807,-7.44845801875727,
5.5));
#9317=CARTESIAN_POINT('Ctrl Pts',(-0.641714904684871,-7.47170549021206,
-0.5));
#9318=CARTESIAN_POINT('Ctrl Pts',(-0.641714904684871,-7.47170549021206,
5.5));
#9319=CARTESIAN_POINT('Ctrl Pts',(-0.630661922416646,-7.49493149140951,
-0.5));
#9320=CARTESIAN_POINT('Ctrl Pts',(-0.630661922416646,-7.49493149140951,
5.5));
#9321=CARTESIAN_POINT('Ctrl Pts',(-0.619426927356794,-7.51813522678576,
-0.5));
#9322=CARTESIAN_POINT('Ctrl Pts',(-0.619426927356794,-7.51813522678576,
5.5));
#9323=CARTESIAN_POINT('Ctrl Pts',(-0.608011115336904,-7.54131591281093,
-0.5));
#9324=CARTESIAN_POINT('Ctrl Pts',(-0.608011115336904,-7.54131591281093,
5.5));
#9325=CARTESIAN_POINT('Ctrl Pts',(-0.596415596117562,-7.56447277044292,
-0.5));
#9326=CARTESIAN_POINT('Ctrl Pts',(-0.596415596117562,-7.56447277044292,
5.5));
#9327=CARTESIAN_POINT('Ctrl Pts',(-0.584641440571028,-7.58760501779217,
-0.5));
#9328=CARTESIAN_POINT('Ctrl Pts',(-0.584641440571028,-7.58760501779217,
5.5));
#9329=CARTESIAN_POINT('Ctrl Pts',(-0.572689733904964,-7.61071186060966,
-0.5));
#9330=CARTESIAN_POINT('Ctrl Pts',(-0.572689733904964,-7.61071186060966,
5.5));
#9331=CARTESIAN_POINT('Ctrl Pts',(-0.560561601581153,-7.63379249140354,
-0.5));
#9332=CARTESIAN_POINT('Ctrl Pts',(-0.560561601581153,-7.63379249140354,
5.5));
#9333=CARTESIAN_POINT('Ctrl Pts',(-0.548258175947978,-7.65684610542876,
-0.5));
#9334=CARTESIAN_POINT('Ctrl Pts',(-0.548258175947978,-7.65684610542876,
5.5));
#9335=CARTESIAN_POINT('Ctrl Pts',(-0.535780576080238,-7.6798719140331,-0.5));
#9336=CARTESIAN_POINT('Ctrl Pts',(-0.535780576080238,-7.6798719140331,5.5));
#9337=CARTESIAN_POINT('Ctrl Pts',(-0.523129885150078,-7.70286915756226,
-0.5));
#9338=CARTESIAN_POINT('Ctrl Pts',(-0.523129885150078,-7.70286915756226,
5.5));
#9339=CARTESIAN_POINT('Ctrl Pts',(-0.510307126413402,-7.72583712276135,
-0.5));
#9340=CARTESIAN_POINT('Ctrl Pts',(-0.510307126413402,-7.72583712276135,
5.5));
#9341=CARTESIAN_POINT('Ctrl Pts',(-0.497313252795218,-7.74877514556159,
-0.5));
#9342=CARTESIAN_POINT('Ctrl Pts',(-0.497313252795218,-7.74877514556159,
5.5));
#9343=CARTESIAN_POINT('Ctrl Pts',(-0.48414917365347,-7.77168257484129,-0.5));
#9344=CARTESIAN_POINT('Ctrl Pts',(-0.48414917365347,-7.77168257484129,5.5));
#9345=CARTESIAN_POINT('Ctrl Pts',(-0.470815776301979,-7.79455874244928,
-0.5));
#9346=CARTESIAN_POINT('Ctrl Pts',(-0.470815776301979,-7.79455874244928,
5.5));
#9347=CARTESIAN_POINT('Ctrl Pts',(-0.457313949184188,-7.81740293354563,
-0.5));
#9348=CARTESIAN_POINT('Ctrl Pts',(-0.457313949184188,-7.81740293354563,
5.5));
#9349=CARTESIAN_POINT('Ctrl Pts',(-0.443644609440338,-7.84021435087634,
-0.5));
#9350=CARTESIAN_POINT('Ctrl Pts',(-0.443644609440338,-7.84021435087634,
5.5));
#9351=CARTESIAN_POINT('Ctrl Pts',(-0.429808718159519,-7.86299210035576,
-0.5));
#9352=CARTESIAN_POINT('Ctrl Pts',(-0.429808718159519,-7.86299210035576,
5.5));
#9353=CARTESIAN_POINT('Ctrl Pts',(-0.4158072396427,-7.88573526609423,-0.5));
#9354=CARTESIAN_POINT('Ctrl Pts',(-0.4158072396427,-7.88573526609423,5.5));
#9355=CARTESIAN_POINT('Ctrl Pts',(-0.401641109761652,-7.90844297327769,
-0.5));
#9356=CARTESIAN_POINT('Ctrl Pts',(-0.401641109761652,-7.90844297327769,
5.5));
#9357=CARTESIAN_POINT('Ctrl Pts',(-0.387311202242904,-7.93111445438293,
-0.5));
#9358=CARTESIAN_POINT('Ctrl Pts',(-0.387311202242904,-7.93111445438293,
5.5));
#9359=CARTESIAN_POINT('Ctrl Pts',(-0.372818296272028,-7.95374911831087,
-0.5));
#9360=CARTESIAN_POINT('Ctrl Pts',(-0.372818296272028,-7.95374911831087,
5.5));
#9361=CARTESIAN_POINT('Ctrl Pts',(-0.358163046702125,-7.97634660729582,
-0.5));
#9362=CARTESIAN_POINT('Ctrl Pts',(-0.358163046702125,-7.97634660729582,
5.5));
#9363=CARTESIAN_POINT('Ctrl Pts',(-0.343345976616107,-7.99890673560413,
-0.5));
#9364=CARTESIAN_POINT('Ctrl Pts',(-0.343345976616107,-7.99890673560413,
5.5));
#9365=CARTESIAN_POINT('Ctrl Pts',(-0.331363170220356,-8.01692489842179,
-0.5));
#9366=CARTESIAN_POINT('Ctrl Pts',(-0.331363170220356,-8.01692489842179,
5.5));
#9367=CARTESIAN_POINT('Ctrl Pts',(-0.32230352406812,-8.03042168088932,-0.5));
#9368=CARTESIAN_POINT('Ctrl Pts',(-0.32230352406812,-8.03042168088932,5.5));
#9369=CARTESIAN_POINT('Ctrl Pts',(-0.316231530071862,-8.03941205407817,
-0.5));
#9370=CARTESIAN_POINT('Ctrl Pts',(-0.316231530071862,-8.03941205407817,
5.5));
#9371=CARTESIAN_POINT('Ctrl Pts',(-0.31318747560006,-8.04390537022454,-0.5));
#9372=CARTESIAN_POINT('Ctrl Pts',(-0.31318747560006,-8.04390537022454,5.5));
#9373=CARTESIAN_POINT('Ctrl Pts',(-3.75072437509551,-7.12282013405255,-0.5));
#9374=CARTESIAN_POINT('Ctrl Pts',(-3.75072437509551,-7.12282013405255,5.5));
#9375=CARTESIAN_POINT('Ctrl Pts',(-3.74584148851923,-7.12045083535846,-0.5));
#9376=CARTESIAN_POINT('Ctrl Pts',(-3.74584148851923,-7.12045083535846,5.5));
#9377=CARTESIAN_POINT('Ctrl Pts',(-3.73608780087242,-7.11570094078554,-0.5));
#9378=CARTESIAN_POINT('Ctrl Pts',(-3.73608780087242,-7.11570094078554,5.5));
#9379=CARTESIAN_POINT('Ctrl Pts',(-3.72149352592152,-7.10854220737542,-0.5));
#9380=CARTESIAN_POINT('Ctrl Pts',(-3.72149352592152,-7.10854220737542,5.5));
#9381=CARTESIAN_POINT('Ctrl Pts',(-3.70210702976534,-7.09892942384368,-0.5));
#9382=CARTESIAN_POINT('Ctrl Pts',(-3.70210702976534,-7.09892942384368,5.5));
#9383=CARTESIAN_POINT('Ctrl Pts',(-3.67799500650704,-7.08680031465906,-0.5));
#9384=CARTESIAN_POINT('Ctrl Pts',(-3.67799500650704,-7.08680031465906,5.5));
#9385=CARTESIAN_POINT('Ctrl Pts',(-3.65400444358823,-7.0745579399213,-0.5));
#9386=CARTESIAN_POINT('Ctrl Pts',(-3.65400444358823,-7.0745579399213,5.5));
#9387=CARTESIAN_POINT('Ctrl Pts',(-3.63013588687882,-7.06220219893902,-0.5));
#9388=CARTESIAN_POINT('Ctrl Pts',(-3.63013588687882,-7.06220219893902,5.5));
#9389=CARTESIAN_POINT('Ctrl Pts',(-3.60639008238109,-7.04973307411984,-0.5));
#9390=CARTESIAN_POINT('Ctrl Pts',(-3.60639008238109,-7.04973307411984,5.5));
#9391=CARTESIAN_POINT('Ctrl Pts',(-3.58276800043906,-7.03715068777779,-0.5));
#9392=CARTESIAN_POINT('Ctrl Pts',(-3.58276800043906,-7.03715068777779,5.5));
#9393=CARTESIAN_POINT('Ctrl Pts',(-3.55927078148372,-7.02445526774421,-0.5));
#9394=CARTESIAN_POINT('Ctrl Pts',(-3.55927078148372,-7.02445526774421,5.5));
#9395=CARTESIAN_POINT('Ctrl Pts',(-3.53589967341081,-7.0116471036944,-0.5));
#9396=CARTESIAN_POINT('Ctrl Pts',(-3.53589967341081,-7.0116471036944,5.5));
#9397=CARTESIAN_POINT('Ctrl Pts',(-3.51265596927433,-6.9987265066616,-0.5));
#9398=CARTESIAN_POINT('Ctrl Pts',(-3.51265596927433,-6.9987265066616,5.5));
#9399=CARTESIAN_POINT('Ctrl Pts',(-3.48954094844464,-6.98569377040215,-0.5));
#9400=CARTESIAN_POINT('Ctrl Pts',(-3.48954094844464,-6.98569377040215,5.5));
#9401=CARTESIAN_POINT('Ctrl Pts',(-3.4665558038155,-6.97254912678815,-0.5));
#9402=CARTESIAN_POINT('Ctrl Pts',(-3.4665558038155,-6.97254912678815,5.5));
#9403=CARTESIAN_POINT('Ctrl Pts',(-3.44370166222147,-6.9592927506674,-0.5));
#9404=CARTESIAN_POINT('Ctrl Pts',(-3.44370166222147,-6.9592927506674,5.5));
#9405=CARTESIAN_POINT('Ctrl Pts',(-3.42097962617444,-6.9459247770189,-0.5));
#9406=CARTESIAN_POINT('Ctrl Pts',(-3.42097962617444,-6.9459247770189,5.5));
#9407=CARTESIAN_POINT('Ctrl Pts',(-3.39839080876233,-6.93244531505159,-0.5));
#9408=CARTESIAN_POINT('Ctrl Pts',(-3.39839080876233,-6.93244531505159,5.5));
#9409=CARTESIAN_POINT('Ctrl Pts',(-3.37593636727681,-6.9188544634034,-0.5));
#9410=CARTESIAN_POINT('Ctrl Pts',(-3.37593636727681,-6.9188544634034,5.5));
#9411=CARTESIAN_POINT('Ctrl Pts',(-3.35361754451092,-6.90515232814324,-0.5));
#9412=CARTESIAN_POINT('Ctrl Pts',(-3.35361754451092,-6.90515232814324,5.5));
#9413=CARTESIAN_POINT('Ctrl Pts',(-3.33143565834641,-6.89133902556494,-0.5));
#9414=CARTESIAN_POINT('Ctrl Pts',(-3.33143565834641,-6.89133902556494,5.5));
#9415=CARTESIAN_POINT('Ctrl Pts',(-3.30939207225659,-6.87741467912397,-0.5));
#9416=CARTESIAN_POINT('Ctrl Pts',(-3.30939207225659,-6.87741467912397,5.5));
#9417=CARTESIAN_POINT('Ctrl Pts',(-3.28748816925645,-6.8633794195758,-0.5));
#9418=CARTESIAN_POINT('Ctrl Pts',(-3.28748816925645,-6.8633794195758,5.5));
#9419=CARTESIAN_POINT('Ctrl Pts',(-3.26572532777042,-6.849233383498,-0.5));
#9420=CARTESIAN_POINT('Ctrl Pts',(-3.26572532777042,-6.849233383498,5.5));
#9421=CARTESIAN_POINT('Ctrl Pts',(-3.2441048847404,-6.83497671612654,-0.5));
#9422=CARTESIAN_POINT('Ctrl Pts',(-3.2441048847404,-6.83497671612654,5.5));
#9423=CARTESIAN_POINT('Ctrl Pts',(-3.22262815851376,-6.82060955916154,-0.5));
#9424=CARTESIAN_POINT('Ctrl Pts',(-3.22262815851376,-6.82060955916154,5.5));
#9425=CARTESIAN_POINT('Ctrl Pts',(-3.20129649969241,-6.80613203239294,-0.5));
#9426=CARTESIAN_POINT('Ctrl Pts',(-3.20129649969241,-6.80613203239294,5.5));
#9427=CARTESIAN_POINT('Ctrl Pts',(-3.18011133566183,-6.79154421646174,-0.5));
#9428=CARTESIAN_POINT('Ctrl Pts',(-3.18011133566183,-6.79154421646174,5.5));
#9429=CARTESIAN_POINT('Ctrl Pts',(-3.15907420915158,-6.77684613931061,-0.5));
#9430=CARTESIAN_POINT('Ctrl Pts',(-3.15907420915158,-6.77684613931061,5.5));
#9431=CARTESIAN_POINT('Ctrl Pts',(-3.13818683739916,-6.76203775334704,-0.5));
#9432=CARTESIAN_POINT('Ctrl Pts',(-3.13818683739916,-6.76203775334704,5.5));
#9433=CARTESIAN_POINT('Ctrl Pts',(-3.11745107341763,-6.74711895650253,-0.5));
#9434=CARTESIAN_POINT('Ctrl Pts',(-3.11745107341763,-6.74711895650253,5.5));
#9435=CARTESIAN_POINT('Ctrl Pts',(-3.09686881169379,-6.73208963782543,-0.5));
#9436=CARTESIAN_POINT('Ctrl Pts',(-3.09686881169379,-6.73208963782543,5.5));
#9437=CARTESIAN_POINT('Ctrl Pts',(-3.07644190167325,-6.71694972051712,-0.5));
#9438=CARTESIAN_POINT('Ctrl Pts',(-3.07644190167325,-6.71694972051712,5.5));
#9439=CARTESIAN_POINT('Ctrl Pts',(-3.05617207492754,-6.70169919764468,-0.5));
#9440=CARTESIAN_POINT('Ctrl Pts',(-3.05617207492754,-6.70169919764468,5.5));
#9441=CARTESIAN_POINT('Ctrl Pts',(-3.03606082038391,-6.68633819477682,-0.5));
#9442=CARTESIAN_POINT('Ctrl Pts',(-3.03606082038391,-6.68633819477682,5.5));
#9443=CARTESIAN_POINT('Ctrl Pts',(-3.01610947933049,-6.67086692044902,-0.5));
#9444=CARTESIAN_POINT('Ctrl Pts',(-3.01610947933049,-6.67086692044902,5.5));
#9445=CARTESIAN_POINT('Ctrl Pts',(-2.99631947997522,-6.65528554565749,-0.5));
#9446=CARTESIAN_POINT('Ctrl Pts',(-2.99631947997522,-6.65528554565749,5.5));
#9447=CARTESIAN_POINT('Ctrl Pts',(-2.97669254799396,-6.63959409556919,-0.5));
#9448=CARTESIAN_POINT('Ctrl Pts',(-2.97669254799396,-6.63959409556919,5.5));
#9449=CARTESIAN_POINT('Ctrl Pts',(-2.95723088533909,-6.62379235801814,-0.5));
#9450=CARTESIAN_POINT('Ctrl Pts',(-2.95723088533909,-6.62379235801814,5.5));
#9451=CARTESIAN_POINT('Ctrl Pts',(-2.93793746301693,-6.60787973291245,-0.5));
#9452=CARTESIAN_POINT('Ctrl Pts',(-2.93793746301693,-6.60787973291245,5.5));
#9453=CARTESIAN_POINT('Ctrl Pts',(-2.91881582313971,-6.59185533652843,-0.5));
#9454=CARTESIAN_POINT('Ctrl Pts',(-2.91881582313971,-6.59185533652843,5.5));
#9455=CARTESIAN_POINT('Ctrl Pts',(-2.89986955665289,-6.57571827420553,-0.5));
#9456=CARTESIAN_POINT('Ctrl Pts',(-2.89986955665289,-6.57571827420553,5.5));
#9457=CARTESIAN_POINT('Ctrl Pts',(-2.88110183170717,-6.55946788701478,-0.5));
#9458=CARTESIAN_POINT('Ctrl Pts',(-2.88110183170717,-6.55946788701478,5.5));
#9459=CARTESIAN_POINT('Ctrl Pts',(-2.86251499651768,-6.54310395960986,-0.5));
#9460=CARTESIAN_POINT('Ctrl Pts',(-2.86251499651768,-6.54310395960986,5.5));
#9461=CARTESIAN_POINT('Ctrl Pts',(-2.84410990749756,-6.52662707149237,-0.5));
#9462=CARTESIAN_POINT('Ctrl Pts',(-2.84410990749756,-6.52662707149237,5.5));
#9463=CARTESIAN_POINT('Ctrl Pts',(-2.82588643807386,-6.51003833275307,-0.5));
#9464=CARTESIAN_POINT('Ctrl Pts',(-2.82588643807386,-6.51003833275307,5.5));
#9465=CARTESIAN_POINT('Ctrl Pts',(-2.80784474131209,-6.49333872694351,-0.5));
#9466=CARTESIAN_POINT('Ctrl Pts',(-2.80784474131209,-6.49333872694351,5.5));
#9467=CARTESIAN_POINT('Ctrl Pts',(-2.78998638883179,-6.47652851845473,-0.5));
#9468=CARTESIAN_POINT('Ctrl Pts',(-2.78998638883179,-6.47652851845473,5.5));
#9469=CARTESIAN_POINT('Ctrl Pts',(-2.77231533731661,-6.45960675012547,-0.5));
#9470=CARTESIAN_POINT('Ctrl Pts',(-2.77231533731661,-6.45960675012547,5.5));
#9471=CARTESIAN_POINT('Ctrl Pts',(-2.75483952702889,-6.4425704108483,-0.5));
#9472=CARTESIAN_POINT('Ctrl Pts',(-2.75483952702889,-6.4425704108483,5.5));
#9473=CARTESIAN_POINT('Ctrl Pts',(-2.7375696365924,-6.4254150884722,-0.5));
#9474=CARTESIAN_POINT('Ctrl Pts',(-2.7375696365924,-6.4254150884722,5.5));
#9475=CARTESIAN_POINT('Ctrl Pts',(-2.72051621627377,-6.40813646976528,-0.5));
#9476=CARTESIAN_POINT('Ctrl Pts',(-2.72051621627377,-6.40813646976528,5.5));
#9477=CARTESIAN_POINT('Ctrl Pts',(-2.70368707954015,-6.39073170535801,-0.5));
#9478=CARTESIAN_POINT('Ctrl Pts',(-2.70368707954015,-6.39073170535801,5.5));
#9479=CARTESIAN_POINT('Ctrl Pts',(-2.68708509931483,-6.37320056392484,-0.5));
#9480=CARTESIAN_POINT('Ctrl Pts',(-2.68708509931483,-6.37320056392484,5.5));
#9481=CARTESIAN_POINT('Ctrl Pts',(-2.67070452915475,-6.35554735556116,-0.5));
#9482=CARTESIAN_POINT('Ctrl Pts',(-2.67070452915475,-6.35554735556116,5.5));
#9483=CARTESIAN_POINT('Ctrl Pts',(-2.65453445810827,-6.33777913549557,-0.5));
#9484=CARTESIAN_POINT('Ctrl Pts',(-2.65453445810827,-6.33777913549557,5.5));
#9485=CARTESIAN_POINT('Ctrl Pts',(-2.6385656214799,-6.31990215822065,-0.5));
#9486=CARTESIAN_POINT('Ctrl Pts',(-2.6385656214799,-6.31990215822065,5.5));
#9487=CARTESIAN_POINT('Ctrl Pts',(-2.62279665553683,-6.30191862117336,-0.5));
#9488=CARTESIAN_POINT('Ctrl Pts',(-2.62279665553683,-6.30191862117336,5.5));
#9489=CARTESIAN_POINT('Ctrl Pts',(-2.60723948225889,-6.28382386325352,-0.5));
#9490=CARTESIAN_POINT('Ctrl Pts',(-2.60723948225889,-6.28382386325352,5.5));
#9491=CARTESIAN_POINT('Ctrl Pts',(-2.59192789491881,-6.26560189150288,-0.5));
#9492=CARTESIAN_POINT('Ctrl Pts',(-2.59192789491881,-6.26560189150288,5.5));
#9493=CARTESIAN_POINT('Ctrl Pts',(-2.57690845353078,-6.2472301491417,-0.5));
#9494=CARTESIAN_POINT('Ctrl Pts',(-2.57690845353078,-6.2472301491417,5.5));
#9495=CARTESIAN_POINT('Ctrl Pts',(-2.56222516990243,-6.22868753180165,-0.5));
#9496=CARTESIAN_POINT('Ctrl Pts',(-2.56222516990243,-6.22868753180165,5.5));
#9497=CARTESIAN_POINT('Ctrl Pts',(-2.54790522963503,-6.20996185427052,-0.5));
#9498=CARTESIAN_POINT('Ctrl Pts',(-2.54790522963503,-6.20996185427052,5.5));
#9499=CARTESIAN_POINT('Ctrl Pts',(-2.53394648380887,-6.19105641109126,-0.5));
#9500=CARTESIAN_POINT('Ctrl Pts',(-2.53394648380887,-6.19105641109126,5.5));
#9501=CARTESIAN_POINT('Ctrl Pts',(-2.52029839319329,-6.1719999113201,-0.5));
#9502=CARTESIAN_POINT('Ctrl Pts',(-2.52029839319329,-6.1719999113201,5.5));
#9503=CARTESIAN_POINT('Ctrl Pts',(-2.50688900177925,-6.1528326727449,-0.5));
#9504=CARTESIAN_POINT('Ctrl Pts',(-2.50688900177925,-6.1528326727449,5.5));
#9505=CARTESIAN_POINT('Ctrl Pts',(-2.49366266359779,-6.1335872626399,-0.5));
#9506=CARTESIAN_POINT('Ctrl Pts',(-2.49366266359779,-6.1335872626399,5.5));
#9507=CARTESIAN_POINT('Ctrl Pts',(-2.48061532091505,-6.11427041708384,-0.5));
#9508=CARTESIAN_POINT('Ctrl Pts',(-2.48061532091505,-6.11427041708384,5.5));
#9509=CARTESIAN_POINT('Ctrl Pts',(-2.46782811796267,-6.09484578515468,-0.5));
#9510=CARTESIAN_POINT('Ctrl Pts',(-2.46782811796267,-6.09484578515468,5.5));
#9511=CARTESIAN_POINT('Ctrl Pts',(-2.45550914393572,-6.07521257018613,-0.5));
#9512=CARTESIAN_POINT('Ctrl Pts',(-2.45550914393572,-6.07521257018613,5.5));
#9513=CARTESIAN_POINT('Ctrl Pts',(-2.44393727355458,-6.05523366578523,-0.5));
#9514=CARTESIAN_POINT('Ctrl Pts',(-2.44393727355458,-6.05523366578523,5.5));
#9515=CARTESIAN_POINT('Ctrl Pts',(-2.43550297788716,-6.03886246050789,-0.5));
#9516=CARTESIAN_POINT('Ctrl Pts',(-2.43550297788716,-6.03886246050789,5.5));
#9517=CARTESIAN_POINT('Ctrl Pts',(-2.42973991767658,-6.02631633183274,-0.5));
#9518=CARTESIAN_POINT('Ctrl Pts',(-2.42973991767658,-6.02631633183274,5.5));
#9519=CARTESIAN_POINT('Ctrl Pts',(-2.42616065995251,-6.01782693474197,-0.5));
#9520=CARTESIAN_POINT('Ctrl Pts',(-2.42616065995251,-6.01782693474197,5.5));
#9521=CARTESIAN_POINT('Ctrl Pts',(-2.4244367273887,-6.01355090801899,-0.5));
#9522=CARTESIAN_POINT('Ctrl Pts',(-2.4244367273887,-6.01355090801899,5.5));
#9523=CARTESIAN_POINT('Ctrl Pts',(-3.99566948960108,-5.10639924979611,-0.5));
#9524=CARTESIAN_POINT('Ctrl Pts',(-3.99566948960108,-5.10639924979611,5.5));
#9525=CARTESIAN_POINT('Ctrl Pts',(-3.99851067108854,-5.11003023255228,-0.5));
#9526=CARTESIAN_POINT('Ctrl Pts',(-3.99851067108854,-5.11003023255228,5.5));
#9527=CARTESIAN_POINT('Ctrl Pts',(-4.00407307576992,-5.11737465921339,-0.5));
#9528=CARTESIAN_POINT('Ctrl Pts',(-4.00407307576992,-5.11737465921339,5.5));
#9529=CARTESIAN_POINT('Ctrl Pts',(-4.01205681181646,-5.12863868009687,-0.5));
#9530=CARTESIAN_POINT('Ctrl Pts',(-4.01205681181646,-5.12863868009687,5.5));
#9531=CARTESIAN_POINT('Ctrl Pts',(-4.0220175436435,-5.14412859704656,-0.5));
#9532=CARTESIAN_POINT('Ctrl Pts',(-4.0220175436435,-5.14412859704656,5.5));
#9533=CARTESIAN_POINT('Ctrl Pts',(-4.03353384720388,-5.16413958296637,-0.5));
#9534=CARTESIAN_POINT('Ctrl Pts',(-4.03353384720388,-5.16413958296637,5.5));
#9535=CARTESIAN_POINT('Ctrl Pts',(-4.04437722311113,-5.18462473490655,-0.5));
#9536=CARTESIAN_POINT('Ctrl Pts',(-4.04437722311113,-5.18462473490655,5.5));
#9537=CARTESIAN_POINT('Ctrl Pts',(-4.05480584634476,-5.20541109347124,-0.5));
#9538=CARTESIAN_POINT('Ctrl Pts',(-4.05480584634476,-5.20541109347124,5.5));
#9539=CARTESIAN_POINT('Ctrl Pts',(-4.06501105397592,-5.2263688464644,-0.5));
#9540=CARTESIAN_POINT('Ctrl Pts',(-4.06501105397592,-5.2263688464644,5.5));
#9541=CARTESIAN_POINT('Ctrl Pts',(-4.07506489894237,-5.24744589638109,-0.5));
#9542=CARTESIAN_POINT('Ctrl Pts',(-4.07506489894237,-5.24744589638109,5.5));
#9543=CARTESIAN_POINT('Ctrl Pts',(-4.08495951876187,-5.26864238928253,-0.5));
#9544=CARTESIAN_POINT('Ctrl Pts',(-4.08495951876187,-5.26864238928253,5.5));
#9545=CARTESIAN_POINT('Ctrl Pts',(-4.09463888636312,-5.28999023235436,-0.5));
#9546=CARTESIAN_POINT('Ctrl Pts',(-4.09463888636312,-5.28999023235436,5.5));
#9547=CARTESIAN_POINT('Ctrl Pts',(-4.10403210751308,-5.31153158243441,-0.5));
#9548=CARTESIAN_POINT('Ctrl Pts',(-4.10403210751308,-5.31153158243441,5.5));
#9549=CARTESIAN_POINT('Ctrl Pts',(-4.11308904982442,-5.33329585325223,-0.5));
#9550=CARTESIAN_POINT('Ctrl Pts',(-4.11308904982442,-5.33329585325223,5.5));
#9551=CARTESIAN_POINT('Ctrl Pts',(-4.12180578567937,-5.35528325855538,-0.5));
#9552=CARTESIAN_POINT('Ctrl Pts',(-4.12180578567937,-5.35528325855538,5.5));
#9553=CARTESIAN_POINT('Ctrl Pts',(-4.13020646058192,-5.37747634752865,-0.5));
#9554=CARTESIAN_POINT('Ctrl Pts',(-4.13020646058192,-5.37747634752865,5.5));
#9555=CARTESIAN_POINT('Ctrl Pts',(-4.13833135735498,-5.39984755701274,-0.5));
#9556=CARTESIAN_POINT('Ctrl Pts',(-4.13833135735498,-5.39984755701274,5.5));
#9557=CARTESIAN_POINT('Ctrl Pts',(-4.14622329074993,-5.42236784324244,-0.5));
#9558=CARTESIAN_POINT('Ctrl Pts',(-4.14622329074993,-5.42236784324244,5.5));
#9559=CARTESIAN_POINT('Ctrl Pts',(-4.15391300771124,-5.44501593686419,-0.5));
#9560=CARTESIAN_POINT('Ctrl Pts',(-4.15391300771124,-5.44501593686419,5.5));
#9561=CARTESIAN_POINT('Ctrl Pts',(-4.16141050586001,-5.4677838436907,-0.5));
#9562=CARTESIAN_POINT('Ctrl Pts',(-4.16141050586001,-5.4677838436907,5.5));
#9563=CARTESIAN_POINT('Ctrl Pts',(-4.1687132002936,-5.49067164603075,-0.5));
#9564=CARTESIAN_POINT('Ctrl Pts',(-4.1687132002936,-5.49067164603075,5.5));
#9565=CARTESIAN_POINT('Ctrl Pts',(-4.17581104211481,-5.51368424009969,-0.5));
#9566=CARTESIAN_POINT('Ctrl Pts',(-4.17581104211481,-5.51368424009969,5.5));
#9567=CARTESIAN_POINT('Ctrl Pts',(-4.18269246584062,-5.53682754744453,-0.5));
#9568=CARTESIAN_POINT('Ctrl Pts',(-4.18269246584062,-5.53682754744453,5.5));
#9569=CARTESIAN_POINT('Ctrl Pts',(-4.18935086559738,-5.56010438958324,-0.5));
#9570=CARTESIAN_POINT('Ctrl Pts',(-4.18935086559738,-5.56010438958324,5.5));
#9571=CARTESIAN_POINT('Ctrl Pts',(-4.19578787818057,-5.58351239415405,-0.5));
#9572=CARTESIAN_POINT('Ctrl Pts',(-4.19578787818057,-5.58351239415405,5.5));
#9573=CARTESIAN_POINT('Ctrl Pts',(-4.20200987795013,-5.60704621918067,-0.5));
#9574=CARTESIAN_POINT('Ctrl Pts',(-4.20200987795013,-5.60704621918067,5.5));
#9575=CARTESIAN_POINT('Ctrl Pts',(-4.2080258754078,-5.63069888448014,-0.5));
#9576=CARTESIAN_POINT('Ctrl Pts',(-4.2080258754078,-5.63069888448014,5.5));
#9577=CARTESIAN_POINT('Ctrl Pts',(-4.2138450309003,-5.6544633481685,-0.5));
#9578=CARTESIAN_POINT('Ctrl Pts',(-4.2138450309003,-5.6544633481685,5.5));
#9579=CARTESIAN_POINT('Ctrl Pts',(-4.21947392225435,-5.67833423933056,-0.5));
#9580=CARTESIAN_POINT('Ctrl Pts',(-4.21947392225435,-5.67833423933056,5.5));
#9581=CARTESIAN_POINT('Ctrl Pts',(-4.22491535673773,-5.70230860995841,-0.5));
#9582=CARTESIAN_POINT('Ctrl Pts',(-4.22491535673773,-5.70230860995841,5.5));
#9583=CARTESIAN_POINT('Ctrl Pts',(-4.23016989119085,-5.72638496679407,-0.5));
#9584=CARTESIAN_POINT('Ctrl Pts',(-4.23016989119085,-5.72638496679407,5.5));
#9585=CARTESIAN_POINT('Ctrl Pts',(-4.23523675036585,-5.75056268550316,-0.5));
#9586=CARTESIAN_POINT('Ctrl Pts',(-4.23523675036585,-5.75056268550316,5.5));
#9587=CARTESIAN_POINT('Ctrl Pts',(-4.24011490960945,-5.77484132065567,-0.5));
#9588=CARTESIAN_POINT('Ctrl Pts',(-4.24011490960945,-5.77484132065567,5.5));
#9589=CARTESIAN_POINT('Ctrl Pts',(-4.24480429526512,-5.79921984082528,-0.5));
#9590=CARTESIAN_POINT('Ctrl Pts',(-4.24480429526512,-5.79921984082528,5.5));
#9591=CARTESIAN_POINT('Ctrl Pts',(-4.24930626793579,-5.82369632007119,-0.5));
#9592=CARTESIAN_POINT('Ctrl Pts',(-4.24930626793579,-5.82369632007119,5.5));
#9593=CARTESIAN_POINT('Ctrl Pts',(-4.25362298234605,-5.84826834415888,-0.5));
#9594=CARTESIAN_POINT('Ctrl Pts',(-4.25362298234605,-5.84826834415888,5.5));
#9595=CARTESIAN_POINT('Ctrl Pts',(-4.2577570087674,-5.87293325056866,-0.5));
#9596=CARTESIAN_POINT('Ctrl Pts',(-4.2577570087674,-5.87293325056866,5.5));
#9597=CARTESIAN_POINT('Ctrl Pts',(-4.26171088358311,-5.89768841360319,-0.5));
#9598=CARTESIAN_POINT('Ctrl Pts',(-4.26171088358311,-5.89768841360319,5.5));
#9599=CARTESIAN_POINT('Ctrl Pts',(-4.26548661199116,-5.92253156034146,-0.5));
#9600=CARTESIAN_POINT('Ctrl Pts',(-4.26548661199116,-5.92253156034146,5.5));
#9601=CARTESIAN_POINT('Ctrl Pts',(-4.26908547870888,-5.94746088991976,-0.5));
#9602=CARTESIAN_POINT('Ctrl Pts',(-4.26908547870888,-5.94746088991976,5.5));
#9603=CARTESIAN_POINT('Ctrl Pts',(-4.27250832477896,-5.97247489527549,-0.5));
#9604=CARTESIAN_POINT('Ctrl Pts',(-4.27250832477896,-5.97247489527549,5.5));
#9605=CARTESIAN_POINT('Ctrl Pts',(-4.27575571621832,-5.99757225404618,-0.5));
#9606=CARTESIAN_POINT('Ctrl Pts',(-4.27575571621832,-5.99757225404618,5.5));
#9607=CARTESIAN_POINT('Ctrl Pts',(-4.27882814307399,-6.0227517003745,-0.5));
#9608=CARTESIAN_POINT('Ctrl Pts',(-4.27882814307399,-6.0227517003745,5.5));
#9609=CARTESIAN_POINT('Ctrl Pts',(-4.28172624106391,-6.04801188202726,-0.5));
#9610=CARTESIAN_POINT('Ctrl Pts',(-4.28172624106391,-6.04801188202726,5.5));
#9611=CARTESIAN_POINT('Ctrl Pts',(-4.28445088197794,-6.073351302886,-0.5));
#9612=CARTESIAN_POINT('Ctrl Pts',(-4.28445088197794,-6.073351302886,5.5));
#9613=CARTESIAN_POINT('Ctrl Pts',(-4.28700305704841,-6.09876839968313,-0.5));
#9614=CARTESIAN_POINT('Ctrl Pts',(-4.28700305704841,-6.09876839968313,5.5));
#9615=CARTESIAN_POINT('Ctrl Pts',(-4.2893838096057,-6.1242615872208,-0.5));
#9616=CARTESIAN_POINT('Ctrl Pts',(-4.2893838096057,-6.1242615872208,5.5));
#9617=CARTESIAN_POINT('Ctrl Pts',(-4.29159415455024,-6.14982931177687,-0.5));
#9618=CARTESIAN_POINT('Ctrl Pts',(-4.29159415455024,-6.14982931177687,5.5));
#9619=CARTESIAN_POINT('Ctrl Pts',(-4.2936349917171,-6.1754701099763,-0.5));
#9620=CARTESIAN_POINT('Ctrl Pts',(-4.2936349917171,-6.1754701099763,5.5));
#9621=CARTESIAN_POINT('Ctrl Pts',(-4.295507068272,-6.20118263180475,-0.5));
#9622=CARTESIAN_POINT('Ctrl Pts',(-4.295507068272,-6.20118263180475,5.5));
#9623=CARTESIAN_POINT('Ctrl Pts',(-4.29721102807053,-6.22696560078964,-0.5));
#9624=CARTESIAN_POINT('Ctrl Pts',(-4.29721102807053,-6.22696560078964,5.5));
#9625=CARTESIAN_POINT('Ctrl Pts',(-4.29874744267251,-6.25281778738044,-0.5));
#9626=CARTESIAN_POINT('Ctrl Pts',(-4.29874744267251,-6.25281778738044,5.5));
#9627=CARTESIAN_POINT('Ctrl Pts',(-4.30011684853572,-6.27873797900478,-0.5));
#9628=CARTESIAN_POINT('Ctrl Pts',(-4.30011684853572,-6.27873797900478,5.5));
#9629=CARTESIAN_POINT('Ctrl Pts',(-4.30131978835308,-6.30472494521901,-0.5));
#9630=CARTESIAN_POINT('Ctrl Pts',(-4.30131978835308,-6.30472494521901,5.5));
#9631=CARTESIAN_POINT('Ctrl Pts',(-4.30235683305714,-6.33077742398379,-0.5));
#9632=CARTESIAN_POINT('Ctrl Pts',(-4.30235683305714,-6.33077742398379,5.5));
#9633=CARTESIAN_POINT('Ctrl Pts',(-4.30322856091785,-6.35689415219526,-0.5));
#9634=CARTESIAN_POINT('Ctrl Pts',(-4.30322856091785,-6.35689415219526,5.5));
#9635=CARTESIAN_POINT('Ctrl Pts',(-4.3039355467563,-6.38307388732317,-0.5));
#9636=CARTESIAN_POINT('Ctrl Pts',(-4.3039355467563,-6.38307388732317,5.5));
#9637=CARTESIAN_POINT('Ctrl Pts',(-4.30447834879993,-6.40931542990151,-0.5));
#9638=CARTESIAN_POINT('Ctrl Pts',(-4.30447834879993,-6.40931542990151,5.5));
#9639=CARTESIAN_POINT('Ctrl Pts',(-4.30485749658692,-6.4356176506055,-0.5));
#9640=CARTESIAN_POINT('Ctrl Pts',(-4.30485749658692,-6.4356176506055,5.5));
#9641=CARTESIAN_POINT('Ctrl Pts',(-4.30507348334012,-6.46197949787218,-0.5));
#9642=CARTESIAN_POINT('Ctrl Pts',(-4.30507348334012,-6.46197949787218,5.5));
#9643=CARTESIAN_POINT('Ctrl Pts',(-4.30512677102579,-6.48839995313468,-0.5));
#9644=CARTESIAN_POINT('Ctrl Pts',(-4.30512677102579,-6.48839995313468,5.5));
#9645=CARTESIAN_POINT('Ctrl Pts',(-4.30501779400465,-6.51487799410018,-0.5));
#9646=CARTESIAN_POINT('Ctrl Pts',(-4.30501779400465,-6.51487799410018,5.5));
#9647=CARTESIAN_POINT('Ctrl Pts',(-4.30474696427131,-6.54141255747742,-0.5));
#9648=CARTESIAN_POINT('Ctrl Pts',(-4.30474696427131,-6.54141255747742,5.5));
#9649=CARTESIAN_POINT('Ctrl Pts',(-4.30431467746553,-6.56800249425406,-0.5));
#9650=CARTESIAN_POINT('Ctrl Pts',(-4.30431467746553,-6.56800249425406,5.5));
#9651=CARTESIAN_POINT('Ctrl Pts',(-4.30372131887205,-6.59464654958469,-0.5));
#9652=CARTESIAN_POINT('Ctrl Pts',(-4.30372131887205,-6.59464654958469,5.5));
#9653=CARTESIAN_POINT('Ctrl Pts',(-4.30296726565518,-6.62134344813509,-0.5));
#9654=CARTESIAN_POINT('Ctrl Pts',(-4.30296726565518,-6.62134344813509,5.5));
#9655=CARTESIAN_POINT('Ctrl Pts',(-4.30205289089661,-6.64809196435819,-0.5));
#9656=CARTESIAN_POINT('Ctrl Pts',(-4.30205289089661,-6.64809196435819,5.5));
#9657=CARTESIAN_POINT('Ctrl Pts',(-4.30097856750412,-6.67489099669612,-0.5));
#9658=CARTESIAN_POINT('Ctrl Pts',(-4.30097856750412,-6.67489099669612,5.5));
#9659=CARTESIAN_POINT('Ctrl Pts',(-4.29974467472264,-6.70173964364927,-0.5));
#9660=CARTESIAN_POINT('Ctrl Pts',(-4.29974467472264,-6.70173964364927,5.5));
#9661=CARTESIAN_POINT('Ctrl Pts',(-4.29835160078879,-6.72863726795694,-0.5));
#9662=CARTESIAN_POINT('Ctrl Pts',(-4.29835160078879,-6.72863726795694,5.5));
#9663=CARTESIAN_POINT('Ctrl Pts',(-4.29679970583879,-6.75558344722758,-0.5));
#9664=CARTESIAN_POINT('Ctrl Pts',(-4.29679970583879,-6.75558344722758,5.5));
#9665=CARTESIAN_POINT('Ctrl Pts',(-4.29543137250027,-6.77717903715507,-0.5));
#9666=CARTESIAN_POINT('Ctrl Pts',(-4.29543137250027,-6.77717903715507,5.5));
#9667=CARTESIAN_POINT('Ctrl Pts',(-4.2943338800169,-6.79339741671742,-0.5));
#9668=CARTESIAN_POINT('Ctrl Pts',(-4.2943338800169,-6.79339741671742,5.5));
#9669=CARTESIAN_POINT('Ctrl Pts',(-4.29357056555894,-6.8042193052866,-0.5));
#9670=CARTESIAN_POINT('Ctrl Pts',(-4.29357056555894,-6.8042193052866,5.5));
#9671=CARTESIAN_POINT('Ctrl Pts',(-4.29318099512904,-6.80963265845249,-0.5));
#9672=CARTESIAN_POINT('Ctrl Pts',(-4.29318099512904,-6.80963265845249,5.5));
#9673=CARTESIAN_POINT('Ctrl Pts',(-6.8096326584525,-4.29318099512904,-0.5));
#9674=CARTESIAN_POINT('Ctrl Pts',(-6.8096326584525,-4.29318099512904,5.5));
#9675=CARTESIAN_POINT('Ctrl Pts',(-6.8042193052866,-4.29357056555894,-0.5));
#9676=CARTESIAN_POINT('Ctrl Pts',(-6.8042193052866,-4.29357056555894,5.5));
#9677=CARTESIAN_POINT('Ctrl Pts',(-6.79339741671743,-4.2943338800169,-0.5));
#9678=CARTESIAN_POINT('Ctrl Pts',(-6.79339741671743,-4.2943338800169,5.5));
#9679=CARTESIAN_POINT('Ctrl Pts',(-6.77717903715507,-4.29543137250027,-0.5));
#9680=CARTESIAN_POINT('Ctrl Pts',(-6.77717903715507,-4.29543137250027,5.5));
#9681=CARTESIAN_POINT('Ctrl Pts',(-6.75558344722758,-4.29679970583879,-0.5));
#9682=CARTESIAN_POINT('Ctrl Pts',(-6.75558344722758,-4.29679970583879,5.5));
#9683=CARTESIAN_POINT('Ctrl Pts',(-6.72863726795694,-4.29835160078878,-0.5));
#9684=CARTESIAN_POINT('Ctrl Pts',(-6.72863726795694,-4.29835160078878,5.5));
#9685=CARTESIAN_POINT('Ctrl Pts',(-6.70173964364928,-4.29974467472264,-0.5));
#9686=CARTESIAN_POINT('Ctrl Pts',(-6.70173964364928,-4.29974467472264,5.5));
#9687=CARTESIAN_POINT('Ctrl Pts',(-6.67489099669613,-4.30097856750411,-0.5));
#9688=CARTESIAN_POINT('Ctrl Pts',(-6.67489099669613,-4.30097856750411,5.5));
#9689=CARTESIAN_POINT('Ctrl Pts',(-6.6480919643582,-4.30205289089661,-0.5));
#9690=CARTESIAN_POINT('Ctrl Pts',(-6.6480919643582,-4.30205289089661,5.5));
#9691=CARTESIAN_POINT('Ctrl Pts',(-6.62134344813509,-4.30296726565517,-0.5));
#9692=CARTESIAN_POINT('Ctrl Pts',(-6.62134344813509,-4.30296726565517,5.5));
#9693=CARTESIAN_POINT('Ctrl Pts',(-6.59464654958469,-4.30372131887205,-0.5));
#9694=CARTESIAN_POINT('Ctrl Pts',(-6.59464654958469,-4.30372131887205,5.5));
#9695=CARTESIAN_POINT('Ctrl Pts',(-6.56800249425406,-4.30431467746552,-0.5));
#9696=CARTESIAN_POINT('Ctrl Pts',(-6.56800249425406,-4.30431467746552,5.5));
#9697=CARTESIAN_POINT('Ctrl Pts',(-6.54141255747742,-4.30474696427131,-0.5));
#9698=CARTESIAN_POINT('Ctrl Pts',(-6.54141255747742,-4.30474696427131,5.5));
#9699=CARTESIAN_POINT('Ctrl Pts',(-6.51487799410018,-4.30501779400464,-0.5));
#9700=CARTESIAN_POINT('Ctrl Pts',(-6.51487799410018,-4.30501779400464,5.5));
#9701=CARTESIAN_POINT('Ctrl Pts',(-6.48839995313468,-4.30512677102579,-0.5));
#9702=CARTESIAN_POINT('Ctrl Pts',(-6.48839995313468,-4.30512677102579,5.5));
#9703=CARTESIAN_POINT('Ctrl Pts',(-6.46197949787219,-4.30507348334012,-0.5));
#9704=CARTESIAN_POINT('Ctrl Pts',(-6.46197949787219,-4.30507348334012,5.5));
#9705=CARTESIAN_POINT('Ctrl Pts',(-6.43561765060551,-4.30485749658691,-0.5));
#9706=CARTESIAN_POINT('Ctrl Pts',(-6.43561765060551,-4.30485749658691,5.5));
#9707=CARTESIAN_POINT('Ctrl Pts',(-6.40931542990152,-4.30447834879993,-0.5));
#9708=CARTESIAN_POINT('Ctrl Pts',(-6.40931542990152,-4.30447834879993,5.5));
#9709=CARTESIAN_POINT('Ctrl Pts',(-6.38307388732317,-4.30393554675629,-0.5));
#9710=CARTESIAN_POINT('Ctrl Pts',(-6.38307388732317,-4.30393554675629,5.5));
#9711=CARTESIAN_POINT('Ctrl Pts',(-6.35689415219526,-4.30322856091785,-0.5));
#9712=CARTESIAN_POINT('Ctrl Pts',(-6.35689415219526,-4.30322856091785,5.5));
#9713=CARTESIAN_POINT('Ctrl Pts',(-6.33077742398379,-4.30235683305713,-0.5));
#9714=CARTESIAN_POINT('Ctrl Pts',(-6.33077742398379,-4.30235683305713,5.5));
#9715=CARTESIAN_POINT('Ctrl Pts',(-6.30472494521902,-4.30131978835307,-0.5));
#9716=CARTESIAN_POINT('Ctrl Pts',(-6.30472494521902,-4.30131978835307,5.5));
#9717=CARTESIAN_POINT('Ctrl Pts',(-6.27873797900478,-4.30011684853572,-0.5));
#9718=CARTESIAN_POINT('Ctrl Pts',(-6.27873797900478,-4.30011684853572,5.5));
#9719=CARTESIAN_POINT('Ctrl Pts',(-6.25281778738045,-4.29874744267251,-0.5));
#9720=CARTESIAN_POINT('Ctrl Pts',(-6.25281778738045,-4.29874744267251,5.5));
#9721=CARTESIAN_POINT('Ctrl Pts',(-6.22696560078964,-4.29721102807053,-0.5));
#9722=CARTESIAN_POINT('Ctrl Pts',(-6.22696560078964,-4.29721102807053,5.5));
#9723=CARTESIAN_POINT('Ctrl Pts',(-6.20118263180476,-4.295507068272,-0.5));
#9724=CARTESIAN_POINT('Ctrl Pts',(-6.20118263180476,-4.295507068272,5.5));
#9725=CARTESIAN_POINT('Ctrl Pts',(-6.1754701099763,-4.2936349917171,-0.5));
#9726=CARTESIAN_POINT('Ctrl Pts',(-6.1754701099763,-4.2936349917171,5.5));
#9727=CARTESIAN_POINT('Ctrl Pts',(-6.14982931177688,-4.29159415455024,-0.5));
#9728=CARTESIAN_POINT('Ctrl Pts',(-6.14982931177688,-4.29159415455024,5.5));
#9729=CARTESIAN_POINT('Ctrl Pts',(-6.12426158722081,-4.2893838096057,-0.5));
#9730=CARTESIAN_POINT('Ctrl Pts',(-6.12426158722081,-4.2893838096057,5.5));
#9731=CARTESIAN_POINT('Ctrl Pts',(-6.09876839968314,-4.28700305704841,-0.5));
#9732=CARTESIAN_POINT('Ctrl Pts',(-6.09876839968314,-4.28700305704841,5.5));
#9733=CARTESIAN_POINT('Ctrl Pts',(-6.073351302886,-4.28445088197793,-0.5));
#9734=CARTESIAN_POINT('Ctrl Pts',(-6.073351302886,-4.28445088197793,5.5));
#9735=CARTESIAN_POINT('Ctrl Pts',(-6.04801188202727,-4.28172624106391,-0.5));
#9736=CARTESIAN_POINT('Ctrl Pts',(-6.04801188202727,-4.28172624106391,5.5));
#9737=CARTESIAN_POINT('Ctrl Pts',(-6.0227517003745,-4.27882814307398,-0.5));
#9738=CARTESIAN_POINT('Ctrl Pts',(-6.0227517003745,-4.27882814307398,5.5));
#9739=CARTESIAN_POINT('Ctrl Pts',(-5.99757225404619,-4.27575571621832,-0.5));
#9740=CARTESIAN_POINT('Ctrl Pts',(-5.99757225404619,-4.27575571621832,5.5));
#9741=CARTESIAN_POINT('Ctrl Pts',(-5.97247489527549,-4.27250832477896,-0.5));
#9742=CARTESIAN_POINT('Ctrl Pts',(-5.97247489527549,-4.27250832477896,5.5));
#9743=CARTESIAN_POINT('Ctrl Pts',(-5.94746088991977,-4.26908547870887,-0.5));
#9744=CARTESIAN_POINT('Ctrl Pts',(-5.94746088991977,-4.26908547870887,5.5));
#9745=CARTESIAN_POINT('Ctrl Pts',(-5.92253156034146,-4.26548661199116,-0.5));
#9746=CARTESIAN_POINT('Ctrl Pts',(-5.92253156034146,-4.26548661199116,5.5));
#9747=CARTESIAN_POINT('Ctrl Pts',(-5.89768841360319,-4.2617108835831,-0.5));
#9748=CARTESIAN_POINT('Ctrl Pts',(-5.89768841360319,-4.2617108835831,5.5));
#9749=CARTESIAN_POINT('Ctrl Pts',(-5.87293325056867,-4.2577570087674,-0.5));
#9750=CARTESIAN_POINT('Ctrl Pts',(-5.87293325056867,-4.2577570087674,5.5));
#9751=CARTESIAN_POINT('Ctrl Pts',(-5.84826834415889,-4.25362298234605,-0.5));
#9752=CARTESIAN_POINT('Ctrl Pts',(-5.84826834415889,-4.25362298234605,5.5));
#9753=CARTESIAN_POINT('Ctrl Pts',(-5.82369632007119,-4.24930626793579,-0.5));
#9754=CARTESIAN_POINT('Ctrl Pts',(-5.82369632007119,-4.24930626793579,5.5));
#9755=CARTESIAN_POINT('Ctrl Pts',(-5.79921984082529,-4.24480429526512,-0.5));
#9756=CARTESIAN_POINT('Ctrl Pts',(-5.79921984082529,-4.24480429526512,5.5));
#9757=CARTESIAN_POINT('Ctrl Pts',(-5.77484132065568,-4.24011490960945,-0.5));
#9758=CARTESIAN_POINT('Ctrl Pts',(-5.77484132065568,-4.24011490960945,5.5));
#9759=CARTESIAN_POINT('Ctrl Pts',(-5.75056268550317,-4.23523675036585,-0.5));
#9760=CARTESIAN_POINT('Ctrl Pts',(-5.75056268550317,-4.23523675036585,5.5));
#9761=CARTESIAN_POINT('Ctrl Pts',(-5.72638496679408,-4.23016989119085,-0.5));
#9762=CARTESIAN_POINT('Ctrl Pts',(-5.72638496679408,-4.23016989119085,5.5));
#9763=CARTESIAN_POINT('Ctrl Pts',(-5.70230860995842,-4.22491535673773,-0.5));
#9764=CARTESIAN_POINT('Ctrl Pts',(-5.70230860995842,-4.22491535673773,5.5));
#9765=CARTESIAN_POINT('Ctrl Pts',(-5.67833423933057,-4.21947392225434,-0.5));
#9766=CARTESIAN_POINT('Ctrl Pts',(-5.67833423933057,-4.21947392225434,5.5));
#9767=CARTESIAN_POINT('Ctrl Pts',(-5.6544633481685,-4.2138450309003,-0.5));
#9768=CARTESIAN_POINT('Ctrl Pts',(-5.6544633481685,-4.2138450309003,5.5));
#9769=CARTESIAN_POINT('Ctrl Pts',(-5.63069888448014,-4.2080258754078,-0.5));
#9770=CARTESIAN_POINT('Ctrl Pts',(-5.63069888448014,-4.2080258754078,5.5));
#9771=CARTESIAN_POINT('Ctrl Pts',(-5.60704621918068,-4.20200987795013,-0.5));
#9772=CARTESIAN_POINT('Ctrl Pts',(-5.60704621918068,-4.20200987795013,5.5));
#9773=CARTESIAN_POINT('Ctrl Pts',(-5.58351239415406,-4.19578787818056,-0.5));
#9774=CARTESIAN_POINT('Ctrl Pts',(-5.58351239415406,-4.19578787818056,5.5));
#9775=CARTESIAN_POINT('Ctrl Pts',(-5.56010438958324,-4.18935086559738,-0.5));
#9776=CARTESIAN_POINT('Ctrl Pts',(-5.56010438958324,-4.18935086559738,5.5));
#9777=CARTESIAN_POINT('Ctrl Pts',(-5.53682754744453,-4.18269246584061,-0.5));
#9778=CARTESIAN_POINT('Ctrl Pts',(-5.53682754744453,-4.18269246584061,5.5));
#9779=CARTESIAN_POINT('Ctrl Pts',(-5.51368424009969,-4.1758110421148,-0.5));
#9780=CARTESIAN_POINT('Ctrl Pts',(-5.51368424009969,-4.1758110421148,5.5));
#9781=CARTESIAN_POINT('Ctrl Pts',(-5.49067164603075,-4.1687132002936,-0.5));
#9782=CARTESIAN_POINT('Ctrl Pts',(-5.49067164603075,-4.1687132002936,5.5));
#9783=CARTESIAN_POINT('Ctrl Pts',(-5.46778384369071,-4.16141050586001,-0.5));
#9784=CARTESIAN_POINT('Ctrl Pts',(-5.46778384369071,-4.16141050586001,5.5));
#9785=CARTESIAN_POINT('Ctrl Pts',(-5.44501593686419,-4.15391300771124,-0.5));
#9786=CARTESIAN_POINT('Ctrl Pts',(-5.44501593686419,-4.15391300771124,5.5));
#9787=CARTESIAN_POINT('Ctrl Pts',(-5.42236784324244,-4.14622329074992,-0.5));
#9788=CARTESIAN_POINT('Ctrl Pts',(-5.42236784324244,-4.14622329074992,5.5));
#9789=CARTESIAN_POINT('Ctrl Pts',(-5.39984755701274,-4.13833135735498,-0.5));
#9790=CARTESIAN_POINT('Ctrl Pts',(-5.39984755701274,-4.13833135735498,5.5));
#9791=CARTESIAN_POINT('Ctrl Pts',(-5.37747634752865,-4.13020646058191,-0.5));
#9792=CARTESIAN_POINT('Ctrl Pts',(-5.37747634752865,-4.13020646058191,5.5));
#9793=CARTESIAN_POINT('Ctrl Pts',(-5.35528325855538,-4.12180578567937,-0.5));
#9794=CARTESIAN_POINT('Ctrl Pts',(-5.35528325855538,-4.12180578567937,5.5));
#9795=CARTESIAN_POINT('Ctrl Pts',(-5.33329585325223,-4.11308904982441,-0.5));
#9796=CARTESIAN_POINT('Ctrl Pts',(-5.33329585325223,-4.11308904982441,5.5));
#9797=CARTESIAN_POINT('Ctrl Pts',(-5.31153158243442,-4.10403210751308,-0.5));
#9798=CARTESIAN_POINT('Ctrl Pts',(-5.31153158243442,-4.10403210751308,5.5));
#9799=CARTESIAN_POINT('Ctrl Pts',(-5.28999023235437,-4.09463888636312,-0.5));
#9800=CARTESIAN_POINT('Ctrl Pts',(-5.28999023235437,-4.09463888636312,5.5));
#9801=CARTESIAN_POINT('Ctrl Pts',(-5.26864238928253,-4.08495951876186,-0.5));
#9802=CARTESIAN_POINT('Ctrl Pts',(-5.26864238928253,-4.08495951876186,5.5));
#9803=CARTESIAN_POINT('Ctrl Pts',(-5.24744589638109,-4.07506489894237,-0.5));
#9804=CARTESIAN_POINT('Ctrl Pts',(-5.24744589638109,-4.07506489894237,5.5));
#9805=CARTESIAN_POINT('Ctrl Pts',(-5.2263688464644,-4.06501105397591,-0.5));
#9806=CARTESIAN_POINT('Ctrl Pts',(-5.2263688464644,-4.06501105397591,5.5));
#9807=CARTESIAN_POINT('Ctrl Pts',(-5.20541109347124,-4.05480584634475,-0.5));
#9808=CARTESIAN_POINT('Ctrl Pts',(-5.20541109347124,-4.05480584634475,5.5));
#9809=CARTESIAN_POINT('Ctrl Pts',(-5.18462473490655,-4.04437722311113,-0.5));
#9810=CARTESIAN_POINT('Ctrl Pts',(-5.18462473490655,-4.04437722311113,5.5));
#9811=CARTESIAN_POINT('Ctrl Pts',(-5.16413958296638,-4.03353384720388,-0.5));
#9812=CARTESIAN_POINT('Ctrl Pts',(-5.16413958296638,-4.03353384720388,5.5));
#9813=CARTESIAN_POINT('Ctrl Pts',(-5.14412859704656,-4.02201754364349,-0.5));
#9814=CARTESIAN_POINT('Ctrl Pts',(-5.14412859704656,-4.02201754364349,5.5));
#9815=CARTESIAN_POINT('Ctrl Pts',(-5.12863868009687,-4.01205681181646,-0.5));
#9816=CARTESIAN_POINT('Ctrl Pts',(-5.12863868009687,-4.01205681181646,5.5));
#9817=CARTESIAN_POINT('Ctrl Pts',(-5.1173746592134,-4.00407307576991,-0.5));
#9818=CARTESIAN_POINT('Ctrl Pts',(-5.1173746592134,-4.00407307576991,5.5));
#9819=CARTESIAN_POINT('Ctrl Pts',(-5.11003023255228,-3.99851067108853,-0.5));
#9820=CARTESIAN_POINT('Ctrl Pts',(-5.11003023255228,-3.99851067108853,5.5));
#9821=CARTESIAN_POINT('Ctrl Pts',(-5.10639924979611,-3.99566948960108,-0.5));
#9822=CARTESIAN_POINT('Ctrl Pts',(-5.10639924979611,-3.99566948960108,5.5));
#9823=CARTESIAN_POINT('Ctrl Pts',(-6.013550908019,-2.42443672738869,-0.5));
#9824=CARTESIAN_POINT('Ctrl Pts',(-6.013550908019,-2.42443672738869,5.5));
#9825=CARTESIAN_POINT('Ctrl Pts',(-6.01782693474198,-2.42616065995251,-0.5));
#9826=CARTESIAN_POINT('Ctrl Pts',(-6.01782693474198,-2.42616065995251,5.5));
#9827=CARTESIAN_POINT('Ctrl Pts',(-6.02631633183274,-2.42973991767658,-0.5));
#9828=CARTESIAN_POINT('Ctrl Pts',(-6.02631633183274,-2.42973991767658,5.5));
#9829=CARTESIAN_POINT('Ctrl Pts',(-6.03886246050789,-2.43550297788715,-0.5));
#9830=CARTESIAN_POINT('Ctrl Pts',(-6.03886246050789,-2.43550297788715,5.5));
#9831=CARTESIAN_POINT('Ctrl Pts',(-6.05523366578524,-2.44393727355458,-0.5));
#9832=CARTESIAN_POINT('Ctrl Pts',(-6.05523366578524,-2.44393727355458,5.5));
#9833=CARTESIAN_POINT('Ctrl Pts',(-6.07521257018613,-2.45550914393571,-0.5));
#9834=CARTESIAN_POINT('Ctrl Pts',(-6.07521257018613,-2.45550914393571,5.5));
#9835=CARTESIAN_POINT('Ctrl Pts',(-6.09484578515468,-2.46782811796267,-0.5));
#9836=CARTESIAN_POINT('Ctrl Pts',(-6.09484578515468,-2.46782811796267,5.5));
#9837=CARTESIAN_POINT('Ctrl Pts',(-6.11427041708384,-2.48061532091505,-0.5));
#9838=CARTESIAN_POINT('Ctrl Pts',(-6.11427041708384,-2.48061532091505,5.5));
#9839=CARTESIAN_POINT('Ctrl Pts',(-6.1335872626399,-2.49366266359778,-0.5));
#9840=CARTESIAN_POINT('Ctrl Pts',(-6.1335872626399,-2.49366266359778,5.5));
#9841=CARTESIAN_POINT('Ctrl Pts',(-6.15283267274491,-2.50688900177924,-0.5));
#9842=CARTESIAN_POINT('Ctrl Pts',(-6.15283267274491,-2.50688900177924,5.5));
#9843=CARTESIAN_POINT('Ctrl Pts',(-6.1719999113201,-2.52029839319328,-0.5));
#9844=CARTESIAN_POINT('Ctrl Pts',(-6.1719999113201,-2.52029839319328,5.5));
#9845=CARTESIAN_POINT('Ctrl Pts',(-6.19105641109127,-2.53394648380886,-0.5));
#9846=CARTESIAN_POINT('Ctrl Pts',(-6.19105641109127,-2.53394648380886,5.5));
#9847=CARTESIAN_POINT('Ctrl Pts',(-6.20996185427052,-2.54790522963502,-0.5));
#9848=CARTESIAN_POINT('Ctrl Pts',(-6.20996185427052,-2.54790522963502,5.5));
#9849=CARTESIAN_POINT('Ctrl Pts',(-6.22868753180166,-2.56222516990243,-0.5));
#9850=CARTESIAN_POINT('Ctrl Pts',(-6.22868753180166,-2.56222516990243,5.5));
#9851=CARTESIAN_POINT('Ctrl Pts',(-6.2472301491417,-2.57690845353078,-0.5));
#9852=CARTESIAN_POINT('Ctrl Pts',(-6.2472301491417,-2.57690845353078,5.5));
#9853=CARTESIAN_POINT('Ctrl Pts',(-6.26560189150288,-2.59192789491881,-0.5));
#9854=CARTESIAN_POINT('Ctrl Pts',(-6.26560189150288,-2.59192789491881,5.5));
#9855=CARTESIAN_POINT('Ctrl Pts',(-6.28382386325352,-2.60723948225888,-0.5));
#9856=CARTESIAN_POINT('Ctrl Pts',(-6.28382386325352,-2.60723948225888,5.5));
#9857=CARTESIAN_POINT('Ctrl Pts',(-6.30191862117337,-2.62279665553682,-0.5));
#9858=CARTESIAN_POINT('Ctrl Pts',(-6.30191862117337,-2.62279665553682,5.5));
#9859=CARTESIAN_POINT('Ctrl Pts',(-6.31990215822066,-2.63856562147989,-0.5));
#9860=CARTESIAN_POINT('Ctrl Pts',(-6.31990215822066,-2.63856562147989,5.5));
#9861=CARTESIAN_POINT('Ctrl Pts',(-6.33777913549558,-2.65453445810827,-0.5));
#9862=CARTESIAN_POINT('Ctrl Pts',(-6.33777913549558,-2.65453445810827,5.5));
#9863=CARTESIAN_POINT('Ctrl Pts',(-6.35554735556116,-2.67070452915475,-0.5));
#9864=CARTESIAN_POINT('Ctrl Pts',(-6.35554735556116,-2.67070452915475,5.5));
#9865=CARTESIAN_POINT('Ctrl Pts',(-6.37320056392484,-2.68708509931483,-0.5));
#9866=CARTESIAN_POINT('Ctrl Pts',(-6.37320056392484,-2.68708509931483,5.5));
#9867=CARTESIAN_POINT('Ctrl Pts',(-6.39073170535802,-2.70368707954014,-0.5));
#9868=CARTESIAN_POINT('Ctrl Pts',(-6.39073170535802,-2.70368707954014,5.5));
#9869=CARTESIAN_POINT('Ctrl Pts',(-6.40813646976528,-2.72051621627377,-0.5));
#9870=CARTESIAN_POINT('Ctrl Pts',(-6.40813646976528,-2.72051621627377,5.5));
#9871=CARTESIAN_POINT('Ctrl Pts',(-6.42541508847221,-2.7375696365924,-0.5));
#9872=CARTESIAN_POINT('Ctrl Pts',(-6.42541508847221,-2.7375696365924,5.5));
#9873=CARTESIAN_POINT('Ctrl Pts',(-6.4425704108483,-2.75483952702889,-0.5));
#9874=CARTESIAN_POINT('Ctrl Pts',(-6.4425704108483,-2.75483952702889,5.5));
#9875=CARTESIAN_POINT('Ctrl Pts',(-6.45960675012548,-2.7723153373166,-0.5));
#9876=CARTESIAN_POINT('Ctrl Pts',(-6.45960675012548,-2.7723153373166,5.5));
#9877=CARTESIAN_POINT('Ctrl Pts',(-6.47652851845473,-2.78998638883178,-0.5));
#9878=CARTESIAN_POINT('Ctrl Pts',(-6.47652851845473,-2.78998638883178,5.5));
#9879=CARTESIAN_POINT('Ctrl Pts',(-6.49333872694351,-2.80784474131208,-0.5));
#9880=CARTESIAN_POINT('Ctrl Pts',(-6.49333872694351,-2.80784474131208,5.5));
#9881=CARTESIAN_POINT('Ctrl Pts',(-6.51003833275307,-2.82588643807385,-0.5));
#9882=CARTESIAN_POINT('Ctrl Pts',(-6.51003833275307,-2.82588643807385,5.5));
#9883=CARTESIAN_POINT('Ctrl Pts',(-6.52662707149237,-2.84410990749755,-0.5));
#9884=CARTESIAN_POINT('Ctrl Pts',(-6.52662707149237,-2.84410990749755,5.5));
#9885=CARTESIAN_POINT('Ctrl Pts',(-6.54310395960986,-2.86251499651768,-0.5));
#9886=CARTESIAN_POINT('Ctrl Pts',(-6.54310395960986,-2.86251499651768,5.5));
#9887=CARTESIAN_POINT('Ctrl Pts',(-6.55946788701478,-2.88110183170717,-0.5));
#9888=CARTESIAN_POINT('Ctrl Pts',(-6.55946788701478,-2.88110183170717,5.5));
#9889=CARTESIAN_POINT('Ctrl Pts',(-6.57571827420554,-2.89986955665289,-0.5));
#9890=CARTESIAN_POINT('Ctrl Pts',(-6.57571827420554,-2.89986955665289,5.5));
#9891=CARTESIAN_POINT('Ctrl Pts',(-6.59185533652843,-2.91881582313971,-0.5));
#9892=CARTESIAN_POINT('Ctrl Pts',(-6.59185533652843,-2.91881582313971,5.5));
#9893=CARTESIAN_POINT('Ctrl Pts',(-6.60787973291245,-2.93793746301692,-0.5));
#9894=CARTESIAN_POINT('Ctrl Pts',(-6.60787973291245,-2.93793746301692,5.5));
#9895=CARTESIAN_POINT('Ctrl Pts',(-6.62379235801815,-2.95723088533908,-0.5));
#9896=CARTESIAN_POINT('Ctrl Pts',(-6.62379235801815,-2.95723088533908,5.5));
#9897=CARTESIAN_POINT('Ctrl Pts',(-6.63959409556919,-2.97669254799396,-0.5));
#9898=CARTESIAN_POINT('Ctrl Pts',(-6.63959409556919,-2.97669254799396,5.5));
#9899=CARTESIAN_POINT('Ctrl Pts',(-6.65528554565749,-2.99631947997522,-0.5));
#9900=CARTESIAN_POINT('Ctrl Pts',(-6.65528554565749,-2.99631947997522,5.5));
#9901=CARTESIAN_POINT('Ctrl Pts',(-6.67086692044902,-3.01610947933048,-0.5));
#9902=CARTESIAN_POINT('Ctrl Pts',(-6.67086692044902,-3.01610947933048,5.5));
#9903=CARTESIAN_POINT('Ctrl Pts',(-6.68633819477682,-3.0360608203839,-0.5));
#9904=CARTESIAN_POINT('Ctrl Pts',(-6.68633819477682,-3.0360608203839,5.5));
#9905=CARTESIAN_POINT('Ctrl Pts',(-6.70169919764469,-3.05617207492753,-0.5));
#9906=CARTESIAN_POINT('Ctrl Pts',(-6.70169919764469,-3.05617207492753,5.5));
#9907=CARTESIAN_POINT('Ctrl Pts',(-6.71694972051712,-3.07644190167325,-0.5));
#9908=CARTESIAN_POINT('Ctrl Pts',(-6.71694972051712,-3.07644190167325,5.5));
#9909=CARTESIAN_POINT('Ctrl Pts',(-6.73208963782543,-3.09686881169379,-0.5));
#9910=CARTESIAN_POINT('Ctrl Pts',(-6.73208963782543,-3.09686881169379,5.5));
#9911=CARTESIAN_POINT('Ctrl Pts',(-6.74711895650254,-3.11745107341763,-0.5));
#9912=CARTESIAN_POINT('Ctrl Pts',(-6.74711895650254,-3.11745107341763,5.5));
#9913=CARTESIAN_POINT('Ctrl Pts',(-6.76203775334704,-3.13818683739916,-0.5));
#9914=CARTESIAN_POINT('Ctrl Pts',(-6.76203775334704,-3.13818683739916,5.5));
#9915=CARTESIAN_POINT('Ctrl Pts',(-6.77684613931061,-3.15907420915157,-0.5));
#9916=CARTESIAN_POINT('Ctrl Pts',(-6.77684613931061,-3.15907420915157,5.5));
#9917=CARTESIAN_POINT('Ctrl Pts',(-6.79154421646175,-3.18011133566182,-0.5));
#9918=CARTESIAN_POINT('Ctrl Pts',(-6.79154421646175,-3.18011133566182,5.5));
#9919=CARTESIAN_POINT('Ctrl Pts',(-6.80613203239295,-3.20129649969241,-0.5));
#9920=CARTESIAN_POINT('Ctrl Pts',(-6.80613203239295,-3.20129649969241,5.5));
#9921=CARTESIAN_POINT('Ctrl Pts',(-6.82060955916155,-3.22262815851376,-0.5));
#9922=CARTESIAN_POINT('Ctrl Pts',(-6.82060955916155,-3.22262815851376,5.5));
#9923=CARTESIAN_POINT('Ctrl Pts',(-6.83497671612655,-3.24410488474039,-0.5));
#9924=CARTESIAN_POINT('Ctrl Pts',(-6.83497671612655,-3.24410488474039,5.5));
#9925=CARTESIAN_POINT('Ctrl Pts',(-6.84923338349801,-3.26572532777041,-0.5));
#9926=CARTESIAN_POINT('Ctrl Pts',(-6.84923338349801,-3.26572532777041,5.5));
#9927=CARTESIAN_POINT('Ctrl Pts',(-6.86337941957581,-3.28748816925644,-0.5));
#9928=CARTESIAN_POINT('Ctrl Pts',(-6.86337941957581,-3.28748816925644,5.5));
#9929=CARTESIAN_POINT('Ctrl Pts',(-6.87741467912398,-3.30939207225658,-0.5));
#9930=CARTESIAN_POINT('Ctrl Pts',(-6.87741467912398,-3.30939207225658,5.5));
#9931=CARTESIAN_POINT('Ctrl Pts',(-6.89133902556494,-3.3314356583464,-0.5));
#9932=CARTESIAN_POINT('Ctrl Pts',(-6.89133902556494,-3.3314356583464,5.5));
#9933=CARTESIAN_POINT('Ctrl Pts',(-6.90515232814324,-3.35361754451091,-0.5));
#9934=CARTESIAN_POINT('Ctrl Pts',(-6.90515232814324,-3.35361754451091,5.5));
#9935=CARTESIAN_POINT('Ctrl Pts',(-6.91885446340341,-3.3759363672768,-0.5));
#9936=CARTESIAN_POINT('Ctrl Pts',(-6.91885446340341,-3.3759363672768,5.5));
#9937=CARTESIAN_POINT('Ctrl Pts',(-6.93244531505159,-3.39839080876232,-0.5));
#9938=CARTESIAN_POINT('Ctrl Pts',(-6.93244531505159,-3.39839080876232,5.5));
#9939=CARTESIAN_POINT('Ctrl Pts',(-6.94592477701891,-3.42097962617443,-0.5));
#9940=CARTESIAN_POINT('Ctrl Pts',(-6.94592477701891,-3.42097962617443,5.5));
#9941=CARTESIAN_POINT('Ctrl Pts',(-6.9592927506674,-3.44370166222146,-0.5));
#9942=CARTESIAN_POINT('Ctrl Pts',(-6.9592927506674,-3.44370166222146,5.5));
#9943=CARTESIAN_POINT('Ctrl Pts',(-6.97254912678815,-3.4665558038155,-0.5));
#9944=CARTESIAN_POINT('Ctrl Pts',(-6.97254912678815,-3.4665558038155,5.5));
#9945=CARTESIAN_POINT('Ctrl Pts',(-6.98569377040216,-3.48954094844464,-0.5));
#9946=CARTESIAN_POINT('Ctrl Pts',(-6.98569377040216,-3.48954094844464,5.5));
#9947=CARTESIAN_POINT('Ctrl Pts',(-6.99872650666161,-3.51265596927432,-0.5));
#9948=CARTESIAN_POINT('Ctrl Pts',(-6.99872650666161,-3.51265596927432,5.5));
#9949=CARTESIAN_POINT('Ctrl Pts',(-7.0116471036944,-3.53589967341081,-0.5));
#9950=CARTESIAN_POINT('Ctrl Pts',(-7.0116471036944,-3.53589967341081,5.5));
#9951=CARTESIAN_POINT('Ctrl Pts',(-7.02445526774421,-3.55927078148371,-0.5));
#9952=CARTESIAN_POINT('Ctrl Pts',(-7.02445526774421,-3.55927078148371,5.5));
#9953=CARTESIAN_POINT('Ctrl Pts',(-7.03715068777779,-3.58276800043905,-0.5));
#9954=CARTESIAN_POINT('Ctrl Pts',(-7.03715068777779,-3.58276800043905,5.5));
#9955=CARTESIAN_POINT('Ctrl Pts',(-7.04973307411985,-3.60639008238108,-0.5));
#9956=CARTESIAN_POINT('Ctrl Pts',(-7.04973307411985,-3.60639008238108,5.5));
#9957=CARTESIAN_POINT('Ctrl Pts',(-7.06220219893903,-3.63013588687882,-0.5));
#9958=CARTESIAN_POINT('Ctrl Pts',(-7.06220219893903,-3.63013588687882,5.5));
#9959=CARTESIAN_POINT('Ctrl Pts',(-7.0745579399213,-3.65400444358822,-0.5));
#9960=CARTESIAN_POINT('Ctrl Pts',(-7.0745579399213,-3.65400444358822,5.5));
#9961=CARTESIAN_POINT('Ctrl Pts',(-7.08680031465907,-3.67799500650704,-0.5));
#9962=CARTESIAN_POINT('Ctrl Pts',(-7.08680031465907,-3.67799500650704,5.5));
#9963=CARTESIAN_POINT('Ctrl Pts',(-7.09892942384368,-3.70210702976534,-0.5));
#9964=CARTESIAN_POINT('Ctrl Pts',(-7.09892942384368,-3.70210702976534,5.5));
#9965=CARTESIAN_POINT('Ctrl Pts',(-7.10854220737543,-3.72149352592152,-0.5));
#9966=CARTESIAN_POINT('Ctrl Pts',(-7.10854220737543,-3.72149352592152,5.5));
#9967=CARTESIAN_POINT('Ctrl Pts',(-7.11570094078554,-3.73608780087242,-0.5));
#9968=CARTESIAN_POINT('Ctrl Pts',(-7.11570094078554,-3.73608780087242,5.5));
#9969=CARTESIAN_POINT('Ctrl Pts',(-7.12045083535846,-3.74584148851923,-0.5));
#9970=CARTESIAN_POINT('Ctrl Pts',(-7.12045083535846,-3.74584148851923,5.5));
#9971=CARTESIAN_POINT('Ctrl Pts',(-7.12282013405255,-3.7507243750955,-0.5));
#9972=CARTESIAN_POINT('Ctrl Pts',(-7.12282013405255,-3.7507243750955,5.5));
#9973=CARTESIAN_POINT('Ctrl Pts',(-8.04390537022454,-0.313187475600057,
-0.5));
#9974=CARTESIAN_POINT('Ctrl Pts',(-8.04390537022454,-0.313187475600057,
5.5));
#9975=CARTESIAN_POINT('Ctrl Pts',(-8.03941205407817,-0.316231530071859,
-0.5));
#9976=CARTESIAN_POINT('Ctrl Pts',(-8.03941205407817,-0.316231530071859,
5.5));
#9977=CARTESIAN_POINT('Ctrl Pts',(-8.03042168088932,-0.322303524068117,
-0.5));
#9978=CARTESIAN_POINT('Ctrl Pts',(-8.03042168088932,-0.322303524068117,
5.5));
#9979=CARTESIAN_POINT('Ctrl Pts',(-8.01692489842179,-0.331363170220352,
-0.5));
#9980=CARTESIAN_POINT('Ctrl Pts',(-8.01692489842179,-0.331363170220352,
5.5));
#9981=CARTESIAN_POINT('Ctrl Pts',(-7.99890673560413,-0.343345976616104,
-0.5));
#9982=CARTESIAN_POINT('Ctrl Pts',(-7.99890673560413,-0.343345976616104,
5.5));
#9983=CARTESIAN_POINT('Ctrl Pts',(-7.97634660729582,-0.358163046702121,
-0.5));
#9984=CARTESIAN_POINT('Ctrl Pts',(-7.97634660729582,-0.358163046702121,
5.5));
#9985=CARTESIAN_POINT('Ctrl Pts',(-7.95374911831087,-0.372818296272026,
-0.5));
#9986=CARTESIAN_POINT('Ctrl Pts',(-7.95374911831087,-0.372818296272026,
5.5));
#9987=CARTESIAN_POINT('Ctrl Pts',(-7.93111445438293,-0.387311202242901,
-0.5));
#9988=CARTESIAN_POINT('Ctrl Pts',(-7.93111445438293,-0.387311202242901,
5.5));
#9989=CARTESIAN_POINT('Ctrl Pts',(-7.90844297327769,-0.401641109761649,
-0.5));
#9990=CARTESIAN_POINT('Ctrl Pts',(-7.90844297327769,-0.401641109761649,
5.5));
#9991=CARTESIAN_POINT('Ctrl Pts',(-7.88573526609423,-0.415807239642697,
-0.5));
#9992=CARTESIAN_POINT('Ctrl Pts',(-7.88573526609423,-0.415807239642697,
5.5));
#9993=CARTESIAN_POINT('Ctrl Pts',(-7.86299210035576,-0.429808718159517,
-0.5));
#9994=CARTESIAN_POINT('Ctrl Pts',(-7.86299210035576,-0.429808718159517,
5.5));
#9995=CARTESIAN_POINT('Ctrl Pts',(-7.84021435087634,-0.443644609440336,
-0.5));
#9996=CARTESIAN_POINT('Ctrl Pts',(-7.84021435087634,-0.443644609440336,
5.5));
#9997=CARTESIAN_POINT('Ctrl Pts',(-7.81740293354563,-0.457313949184185,
-0.5));
#9998=CARTESIAN_POINT('Ctrl Pts',(-7.81740293354563,-0.457313949184185,
5.5));
#9999=CARTESIAN_POINT('Ctrl Pts',(-7.79455874244928,-0.470815776301976,
-0.5));
#10000=CARTESIAN_POINT('Ctrl Pts',(-7.79455874244928,-0.470815776301976,
5.5));
#10001=CARTESIAN_POINT('Ctrl Pts',(-7.77168257484129,-0.484149173653466,
-0.5));
#10002=CARTESIAN_POINT('Ctrl Pts',(-7.77168257484129,-0.484149173653466,
5.5));
#10003=CARTESIAN_POINT('Ctrl Pts',(-7.74877514556158,-0.497313252795215,
-0.5));
#10004=CARTESIAN_POINT('Ctrl Pts',(-7.74877514556158,-0.497313252795215,
5.5));
#10005=CARTESIAN_POINT('Ctrl Pts',(-7.72583712276135,-0.5103071264134,-0.5));
#10006=CARTESIAN_POINT('Ctrl Pts',(-7.72583712276135,-0.5103071264134,5.5));
#10007=CARTESIAN_POINT('Ctrl Pts',(-7.70286915756226,-0.523129885150075,
-0.5));
#10008=CARTESIAN_POINT('Ctrl Pts',(-7.70286915756226,-0.523129885150075,
5.5));
#10009=CARTESIAN_POINT('Ctrl Pts',(-7.6798719140331,-0.535780576080235,
-0.5));
#10010=CARTESIAN_POINT('Ctrl Pts',(-7.6798719140331,-0.535780576080235,
5.5));
#10011=CARTESIAN_POINT('Ctrl Pts',(-7.65684610542876,-0.548258175947975,
-0.5));
#10012=CARTESIAN_POINT('Ctrl Pts',(-7.65684610542876,-0.548258175947975,
5.5));
#10013=CARTESIAN_POINT('Ctrl Pts',(-7.63379249140354,-0.560561601581149,
-0.5));
#10014=CARTESIAN_POINT('Ctrl Pts',(-7.63379249140354,-0.560561601581149,
5.5));
#10015=CARTESIAN_POINT('Ctrl Pts',(-7.61071186060966,-0.572689733904961,
-0.5));
#10016=CARTESIAN_POINT('Ctrl Pts',(-7.61071186060966,-0.572689733904961,
5.5));
#10017=CARTESIAN_POINT('Ctrl Pts',(-7.58760501779216,-0.584641440571025,
-0.5));
#10018=CARTESIAN_POINT('Ctrl Pts',(-7.58760501779216,-0.584641440571025,
5.5));
#10019=CARTESIAN_POINT('Ctrl Pts',(-7.56447277044292,-0.596415596117559,
-0.5));
#10020=CARTESIAN_POINT('Ctrl Pts',(-7.56447277044292,-0.596415596117559,
5.5));
#10021=CARTESIAN_POINT('Ctrl Pts',(-7.54131591281092,-0.608011115336901,
-0.5));
#10022=CARTESIAN_POINT('Ctrl Pts',(-7.54131591281092,-0.608011115336901,
5.5));
#10023=CARTESIAN_POINT('Ctrl Pts',(-7.51813522678576,-0.619426927356791,
-0.5));
#10024=CARTESIAN_POINT('Ctrl Pts',(-7.51813522678576,-0.619426927356791,
5.5));
#10025=CARTESIAN_POINT('Ctrl Pts',(-7.49493149140951,-0.630661922416643,
-0.5));
#10026=CARTESIAN_POINT('Ctrl Pts',(-7.49493149140951,-0.630661922416643,
5.5));
#10027=CARTESIAN_POINT('Ctrl Pts',(-7.47170549021206,-0.641714904684868,
-0.5));
#10028=CARTESIAN_POINT('Ctrl Pts',(-7.47170549021206,-0.641714904684868,
5.5));
#10029=CARTESIAN_POINT('Ctrl Pts',(-7.44845801875727,-0.652584552089804,
-0.5));
#10030=CARTESIAN_POINT('Ctrl Pts',(-7.44845801875727,-0.652584552089804,
5.5));
#10031=CARTESIAN_POINT('Ctrl Pts',(-7.42518989444757,-0.663269353663903,
-0.5));
#10032=CARTESIAN_POINT('Ctrl Pts',(-7.42518989444757,-0.663269353663903,
5.5));
#10033=CARTESIAN_POINT('Ctrl Pts',(-7.40190195539557,-0.673767653616531,
-0.5));
#10034=CARTESIAN_POINT('Ctrl Pts',(-7.40190195539557,-0.673767653616531,
5.5));
#10035=CARTESIAN_POINT('Ctrl Pts',(-7.3785950527577,-0.684077755798165,
-0.5));
#10036=CARTESIAN_POINT('Ctrl Pts',(-7.3785950527577,-0.684077755798165,
5.5));
#10037=CARTESIAN_POINT('Ctrl Pts',(-7.35527004474723,-0.694198020142614,
-0.5));
#10038=CARTESIAN_POINT('Ctrl Pts',(-7.35527004474723,-0.694198020142614,
5.5));
#10039=CARTESIAN_POINT('Ctrl Pts',(-7.33192779114586,-0.704126943598496,
-0.5));
#10040=CARTESIAN_POINT('Ctrl Pts',(-7.33192779114586,-0.704126943598496,
5.5));
#10041=CARTESIAN_POINT('Ctrl Pts',(-7.30856914516286,-0.713863299501326,
-0.5));
#10042=CARTESIAN_POINT('Ctrl Pts',(-7.30856914516286,-0.713863299501326,
5.5));
#10043=CARTESIAN_POINT('Ctrl Pts',(-7.28519495803936,-0.723406030529253,
-0.5));
#10044=CARTESIAN_POINT('Ctrl Pts',(-7.28519495803936,-0.723406030529253,
5.5));
#10045=CARTESIAN_POINT('Ctrl Pts',(-7.26180609196637,-0.732753985316027,
-0.5));
#10046=CARTESIAN_POINT('Ctrl Pts',(-7.26180609196637,-0.732753985316027,
5.5));
#10047=CARTESIAN_POINT('Ctrl Pts',(-7.23840343157706,-0.741905681965996,
-0.5));
#10048=CARTESIAN_POINT('Ctrl Pts',(-7.23840343157706,-0.741905681965996,
5.5));
#10049=CARTESIAN_POINT('Ctrl Pts',(-7.21498789410648,-0.750859107449478,
-0.5));
#10050=CARTESIAN_POINT('Ctrl Pts',(-7.21498789410648,-0.750859107449478,
5.5));
#10051=CARTESIAN_POINT('Ctrl Pts',(-7.19156044536297,-0.759611388753559,
-0.5));
#10052=CARTESIAN_POINT('Ctrl Pts',(-7.19156044536297,-0.759611388753559,
5.5));
#10053=CARTESIAN_POINT('Ctrl Pts',(-7.1681220910755,-0.768159016457241,
-0.5));
#10054=CARTESIAN_POINT('Ctrl Pts',(-7.1681220910755,-0.768159016457241,
5.5));
#10055=CARTESIAN_POINT('Ctrl Pts',(-7.14467385191801,-0.77649843338025,
-0.5));
#10056=CARTESIAN_POINT('Ctrl Pts',(-7.14467385191801,-0.77649843338025,
5.5));
#10057=CARTESIAN_POINT('Ctrl Pts',(-7.12121674131662,-0.784626566359105,
-0.5));
#10058=CARTESIAN_POINT('Ctrl Pts',(-7.12121674131662,-0.784626566359105,
5.5));
#10059=CARTESIAN_POINT('Ctrl Pts',(-7.09775174688353,-0.792541274106696,
-0.5));
#10060=CARTESIAN_POINT('Ctrl Pts',(-7.09775174688353,-0.792541274106696,
5.5));
#10061=CARTESIAN_POINT('Ctrl Pts',(-7.0742797986884,-0.800242104698289,
-0.5));
#10062=CARTESIAN_POINT('Ctrl Pts',(-7.0742797986884,-0.800242104698289,
5.5));
#10063=CARTESIAN_POINT('Ctrl Pts',(-7.05080179481158,-0.807729722794658,
-0.5));
#10064=CARTESIAN_POINT('Ctrl Pts',(-7.05080179481158,-0.807729722794658,
5.5));
#10065=CARTESIAN_POINT('Ctrl Pts',(-7.02731866356643,-0.815004487612946,
-0.5));
#10066=CARTESIAN_POINT('Ctrl Pts',(-7.02731866356643,-0.815004487612946,
5.5));
#10067=CARTESIAN_POINT('Ctrl Pts',(-7.00383141973208,-0.82206517028623,
-0.5));
#10068=CARTESIAN_POINT('Ctrl Pts',(-7.00383141973208,-0.82206517028623,
5.5));
#10069=CARTESIAN_POINT('Ctrl Pts',(-6.9803412127244,-0.828907865645332,
-0.5));
#10070=CARTESIAN_POINT('Ctrl Pts',(-6.9803412127244,-0.828907865645332,
5.5));
#10071=CARTESIAN_POINT('Ctrl Pts',(-6.95684940497902,-0.835524191667621,
-0.5));
#10072=CARTESIAN_POINT('Ctrl Pts',(-6.95684940497902,-0.835524191667621,
5.5));
#10073=CARTESIAN_POINT('Ctrl Pts',(-6.93335751477297,-0.84190269431815,
-0.5));
#10074=CARTESIAN_POINT('Ctrl Pts',(-6.93335751477297,-0.84190269431815,
5.5));
#10075=CARTESIAN_POINT('Ctrl Pts',(-6.90986708187115,-0.848032080182033,
-0.5));
#10076=CARTESIAN_POINT('Ctrl Pts',(-6.90986708187115,-0.848032080182033,
5.5));
#10077=CARTESIAN_POINT('Ctrl Pts',(-6.88637954538076,-0.853904157913482,
-0.5));
#10078=CARTESIAN_POINT('Ctrl Pts',(-6.88637954538076,-0.853904157913482,
5.5));
#10079=CARTESIAN_POINT('Ctrl Pts',(-6.86289614142963,-0.859516323825146,
-0.5));
#10080=CARTESIAN_POINT('Ctrl Pts',(-6.86289614142963,-0.859516323825146,
5.5));
#10081=CARTESIAN_POINT('Ctrl Pts',(-6.83941772944835,-0.864875709530407,
-0.5));
#10082=CARTESIAN_POINT('Ctrl Pts',(-6.83941772944835,-0.864875709530407,
5.5));
#10083=CARTESIAN_POINT('Ctrl Pts',(-6.81594496396828,-0.869995291804869,
-0.5));
#10084=CARTESIAN_POINT('Ctrl Pts',(-6.81594496396828,-0.869995291804869,
5.5));
#10085=CARTESIAN_POINT('Ctrl Pts',(-6.79247862919114,-0.874886221356461,
-0.5));
#10086=CARTESIAN_POINT('Ctrl Pts',(-6.79247862919114,-0.874886221356461,
5.5));
#10087=CARTESIAN_POINT('Ctrl Pts',(-6.76901994628675,-0.879550777930926,
-0.5));
#10088=CARTESIAN_POINT('Ctrl Pts',(-6.76901994628675,-0.879550777930926,
5.5));
#10089=CARTESIAN_POINT('Ctrl Pts',(-6.74557083961386,-0.88397630624078,
-0.5));
#10090=CARTESIAN_POINT('Ctrl Pts',(-6.74557083961386,-0.88397630624078,
5.5));
#10091=CARTESIAN_POINT('Ctrl Pts',(-6.72213435550073,-0.888125543974224,
-0.5));
#10092=CARTESIAN_POINT('Ctrl Pts',(-6.72213435550073,-0.888125543974224,
5.5));
#10093=CARTESIAN_POINT('Ctrl Pts',(-6.69871423921015,-0.891946890586321,
-0.5));
#10094=CARTESIAN_POINT('Ctrl Pts',(-6.69871423921015,-0.891946890586321,
5.5));
#10095=CARTESIAN_POINT('Ctrl Pts',(-6.67531421972684,-0.895391678549425,
-0.5));
#10096=CARTESIAN_POINT('Ctrl Pts',(-6.67531421972684,-0.895391678549425,
5.5));
#10097=CARTESIAN_POINT('Ctrl Pts',(-6.6519373371481,-0.898430271836105,
-0.5));
#10098=CARTESIAN_POINT('Ctrl Pts',(-6.6519373371481,-0.898430271836105,
5.5));
#10099=CARTESIAN_POINT('Ctrl Pts',(-6.62858537017198,-0.9010661787369,-0.5));
#10100=CARTESIAN_POINT('Ctrl Pts',(-6.62858537017198,-0.9010661787369,5.5));
#10101=CARTESIAN_POINT('Ctrl Pts',(-6.60525791195515,-0.903357522037562,
-0.5));
#10102=CARTESIAN_POINT('Ctrl Pts',(-6.60525791195515,-0.903357522037562,
5.5));
#10103=CARTESIAN_POINT('Ctrl Pts',(-6.58195390072161,-0.905386776363814,
-0.5));
#10104=CARTESIAN_POINT('Ctrl Pts',(-6.58195390072161,-0.905386776363814,
5.5));
#10105=CARTESIAN_POINT('Ctrl Pts',(-6.5586737175737,-0.907218416175498,
-0.5));
#10106=CARTESIAN_POINT('Ctrl Pts',(-6.5586737175737,-0.907218416175498,
5.5));
#10107=CARTESIAN_POINT('Ctrl Pts',(-6.53542116725981,-0.908859323612598,
-0.5));
#10108=CARTESIAN_POINT('Ctrl Pts',(-6.53542116725981,-0.908859323612598,
5.5));
#10109=CARTESIAN_POINT('Ctrl Pts',(-6.5122053410738,-0.910221050248127,
-0.5));
#10110=CARTESIAN_POINT('Ctrl Pts',(-6.5122053410738,-0.910221050248127,
5.5));
#10111=CARTESIAN_POINT('Ctrl Pts',(-6.4890429911396,-0.911072987219753,
-0.5));
#10112=CARTESIAN_POINT('Ctrl Pts',(-6.4890429911396,-0.911072987219753,
5.5));
#10113=CARTESIAN_POINT('Ctrl Pts',(-6.46595481719808,-0.911105068738671,
-0.5));
#10114=CARTESIAN_POINT('Ctrl Pts',(-6.46595481719808,-0.911105068738671,
5.5));
#10115=CARTESIAN_POINT('Ctrl Pts',(-6.44755978970361,-0.91022378041102,
-0.5));
#10116=CARTESIAN_POINT('Ctrl Pts',(-6.44755978970361,-0.91022378041102,
5.5));
#10117=CARTESIAN_POINT('Ctrl Pts',(-6.43381299344649,-0.908941672619339,
-0.5));
#10118=CARTESIAN_POINT('Ctrl Pts',(-6.43381299344649,-0.908941672619339,
5.5));
#10119=CARTESIAN_POINT('Ctrl Pts',(-6.42467133104104,-0.907796702189696,
-0.5));
#10120=CARTESIAN_POINT('Ctrl Pts',(-6.42467133104104,-0.907796702189696,
5.5));
#10121=CARTESIAN_POINT('Ctrl Pts',(-6.42010621698977,-0.907151658222879,
-0.5));
#10122=CARTESIAN_POINT('Ctrl Pts',(-6.42010621698977,-0.907151658222879,
5.5));
#10123=CARTESIAN_POINT('Ctrl Pts',(-6.42010621698977,0.907151658222882,
-0.5));
#10124=CARTESIAN_POINT('Ctrl Pts',(-6.42010621698977,0.907151658222882,
5.5));
#10125=CARTESIAN_POINT('Ctrl Pts',(-6.42467133104104,0.907796702189697,
-0.5));
#10126=CARTESIAN_POINT('Ctrl Pts',(-6.42467133104104,0.907796702189697,
5.5));
#10127=CARTESIAN_POINT('Ctrl Pts',(-6.43381299344649,0.908941672619341,
-0.5));
#10128=CARTESIAN_POINT('Ctrl Pts',(-6.43381299344649,0.908941672619341,
5.5));
#10129=CARTESIAN_POINT('Ctrl Pts',(-6.44755978970361,0.910223780411022,
-0.5));
#10130=CARTESIAN_POINT('Ctrl Pts',(-6.44755978970361,0.910223780411022,
5.5));
#10131=CARTESIAN_POINT('Ctrl Pts',(-6.46595481719808,0.911105068738672,
-0.5));
#10132=CARTESIAN_POINT('Ctrl Pts',(-6.46595481719808,0.911105068738672,
5.5));
#10133=CARTESIAN_POINT('Ctrl Pts',(-6.4890429911396,0.911072987219755,-0.5));
#10134=CARTESIAN_POINT('Ctrl Pts',(-6.4890429911396,0.911072987219755,5.5));
#10135=CARTESIAN_POINT('Ctrl Pts',(-6.5122053410738,0.910221050248129,-0.5));
#10136=CARTESIAN_POINT('Ctrl Pts',(-6.5122053410738,0.910221050248129,5.5));
#10137=CARTESIAN_POINT('Ctrl Pts',(-6.53542116725981,0.908859323612599,
-0.5));
#10138=CARTESIAN_POINT('Ctrl Pts',(-6.53542116725981,0.908859323612599,
5.5));
#10139=CARTESIAN_POINT('Ctrl Pts',(-6.5586737175737,0.9072184161755,-0.5));
#10140=CARTESIAN_POINT('Ctrl Pts',(-6.5586737175737,0.9072184161755,5.5));
#10141=CARTESIAN_POINT('Ctrl Pts',(-6.58195390072161,0.905386776363815,
-0.5));
#10142=CARTESIAN_POINT('Ctrl Pts',(-6.58195390072161,0.905386776363815,
5.5));
#10143=CARTESIAN_POINT('Ctrl Pts',(-6.60525791195515,0.903357522037563,
-0.5));
#10144=CARTESIAN_POINT('Ctrl Pts',(-6.60525791195515,0.903357522037563,
5.5));
#10145=CARTESIAN_POINT('Ctrl Pts',(-6.62858537017198,0.901066178736902,
-0.5));
#10146=CARTESIAN_POINT('Ctrl Pts',(-6.62858537017198,0.901066178736902,
5.5));
#10147=CARTESIAN_POINT('Ctrl Pts',(-6.6519373371481,0.898430271836106,-0.5));
#10148=CARTESIAN_POINT('Ctrl Pts',(-6.6519373371481,0.898430271836106,5.5));
#10149=CARTESIAN_POINT('Ctrl Pts',(-6.67531421972684,0.895391678549428,
-0.5));
#10150=CARTESIAN_POINT('Ctrl Pts',(-6.67531421972684,0.895391678549428,
5.5));
#10151=CARTESIAN_POINT('Ctrl Pts',(-6.69871423921015,0.891946890586323,
-0.5));
#10152=CARTESIAN_POINT('Ctrl Pts',(-6.69871423921015,0.891946890586323,
5.5));
#10153=CARTESIAN_POINT('Ctrl Pts',(-6.72213435550073,0.888125543974226,
-0.5));
#10154=CARTESIAN_POINT('Ctrl Pts',(-6.72213435550073,0.888125543974226,
5.5));
#10155=CARTESIAN_POINT('Ctrl Pts',(-6.74557083961386,0.883976306240782,
-0.5));
#10156=CARTESIAN_POINT('Ctrl Pts',(-6.74557083961386,0.883976306240782,
5.5));
#10157=CARTESIAN_POINT('Ctrl Pts',(-6.76901994628675,0.879550777930928,
-0.5));
#10158=CARTESIAN_POINT('Ctrl Pts',(-6.76901994628675,0.879550777930928,
5.5));
#10159=CARTESIAN_POINT('Ctrl Pts',(-6.79247862919114,0.874886221356463,
-0.5));
#10160=CARTESIAN_POINT('Ctrl Pts',(-6.79247862919114,0.874886221356463,
5.5));
#10161=CARTESIAN_POINT('Ctrl Pts',(-6.81594496396828,0.86999529180487,-0.5));
#10162=CARTESIAN_POINT('Ctrl Pts',(-6.81594496396828,0.86999529180487,5.5));
#10163=CARTESIAN_POINT('Ctrl Pts',(-6.83941772944834,0.864875709530409,
-0.5));
#10164=CARTESIAN_POINT('Ctrl Pts',(-6.83941772944834,0.864875709530409,
5.5));
#10165=CARTESIAN_POINT('Ctrl Pts',(-6.86289614142963,0.859516323825148,
-0.5));
#10166=CARTESIAN_POINT('Ctrl Pts',(-6.86289614142963,0.859516323825148,
5.5));
#10167=CARTESIAN_POINT('Ctrl Pts',(-6.88637954538076,0.853904157913484,
-0.5));
#10168=CARTESIAN_POINT('Ctrl Pts',(-6.88637954538076,0.853904157913484,
5.5));
#10169=CARTESIAN_POINT('Ctrl Pts',(-6.90986708187115,0.848032080182034,
-0.5));
#10170=CARTESIAN_POINT('Ctrl Pts',(-6.90986708187115,0.848032080182034,
5.5));
#10171=CARTESIAN_POINT('Ctrl Pts',(-6.93335751477297,0.841902694318152,
-0.5));
#10172=CARTESIAN_POINT('Ctrl Pts',(-6.93335751477297,0.841902694318152,
5.5));
#10173=CARTESIAN_POINT('Ctrl Pts',(-6.95684940497902,0.835524191667622,
-0.5));
#10174=CARTESIAN_POINT('Ctrl Pts',(-6.95684940497902,0.835524191667622,
5.5));
#10175=CARTESIAN_POINT('Ctrl Pts',(-6.9803412127244,0.828907865645333,-0.5));
#10176=CARTESIAN_POINT('Ctrl Pts',(-6.9803412127244,0.828907865645333,5.5));
#10177=CARTESIAN_POINT('Ctrl Pts',(-7.00383141973208,0.822065170286233,
-0.5));
#10178=CARTESIAN_POINT('Ctrl Pts',(-7.00383141973208,0.822065170286233,
5.5));
#10179=CARTESIAN_POINT('Ctrl Pts',(-7.02731866356643,0.815004487612948,
-0.5));
#10180=CARTESIAN_POINT('Ctrl Pts',(-7.02731866356643,0.815004487612948,
5.5));
#10181=CARTESIAN_POINT('Ctrl Pts',(-7.05080179481158,0.807729722794659,
-0.5));
#10182=CARTESIAN_POINT('Ctrl Pts',(-7.05080179481158,0.807729722794659,
5.5));
#10183=CARTESIAN_POINT('Ctrl Pts',(-7.0742797986884,0.800242104698292,-0.5));
#10184=CARTESIAN_POINT('Ctrl Pts',(-7.0742797986884,0.800242104698292,5.5));
#10185=CARTESIAN_POINT('Ctrl Pts',(-7.09775174688353,0.792541274106698,
-0.5));
#10186=CARTESIAN_POINT('Ctrl Pts',(-7.09775174688353,0.792541274106698,
5.5));
#10187=CARTESIAN_POINT('Ctrl Pts',(-7.12121674131662,0.784626566359106,
-0.5));
#10188=CARTESIAN_POINT('Ctrl Pts',(-7.12121674131662,0.784626566359106,
5.5));
#10189=CARTESIAN_POINT('Ctrl Pts',(-7.14467385191801,0.776498433380252,
-0.5));
#10190=CARTESIAN_POINT('Ctrl Pts',(-7.14467385191801,0.776498433380252,
5.5));
#10191=CARTESIAN_POINT('Ctrl Pts',(-7.1681220910755,0.768159016457243,-0.5));
#10192=CARTESIAN_POINT('Ctrl Pts',(-7.1681220910755,0.768159016457243,5.5));
#10193=CARTESIAN_POINT('Ctrl Pts',(-7.19156044536297,0.759611388753562,
-0.5));
#10194=CARTESIAN_POINT('Ctrl Pts',(-7.19156044536297,0.759611388753562,
5.5));
#10195=CARTESIAN_POINT('Ctrl Pts',(-7.21498789410648,0.75085910744948,-0.5));
#10196=CARTESIAN_POINT('Ctrl Pts',(-7.21498789410648,0.75085910744948,5.5));
#10197=CARTESIAN_POINT('Ctrl Pts',(-7.23840343157706,0.741905681965998,
-0.5));
#10198=CARTESIAN_POINT('Ctrl Pts',(-7.23840343157706,0.741905681965998,
5.5));
#10199=CARTESIAN_POINT('Ctrl Pts',(-7.26180609196637,0.732753985316029,
-0.5));
#10200=CARTESIAN_POINT('Ctrl Pts',(-7.26180609196637,0.732753985316029,
5.5));
#10201=CARTESIAN_POINT('Ctrl Pts',(-7.28519495803936,0.723406030529256,
-0.5));
#10202=CARTESIAN_POINT('Ctrl Pts',(-7.28519495803936,0.723406030529256,
5.5));
#10203=CARTESIAN_POINT('Ctrl Pts',(-7.30856914516286,0.713863299501328,
-0.5));
#10204=CARTESIAN_POINT('Ctrl Pts',(-7.30856914516286,0.713863299501328,
5.5));
#10205=CARTESIAN_POINT('Ctrl Pts',(-7.33192779114585,0.704126943598498,
-0.5));
#10206=CARTESIAN_POINT('Ctrl Pts',(-7.33192779114585,0.704126943598498,
5.5));
#10207=CARTESIAN_POINT('Ctrl Pts',(-7.35527004474723,0.694198020142616,
-0.5));
#10208=CARTESIAN_POINT('Ctrl Pts',(-7.35527004474723,0.694198020142616,
5.5));
#10209=CARTESIAN_POINT('Ctrl Pts',(-7.3785950527577,0.684077755798166,-0.5));
#10210=CARTESIAN_POINT('Ctrl Pts',(-7.3785950527577,0.684077755798166,5.5));
#10211=CARTESIAN_POINT('Ctrl Pts',(-7.40190195539556,0.673767653616533,
-0.5));
#10212=CARTESIAN_POINT('Ctrl Pts',(-7.40190195539556,0.673767653616533,
5.5));
#10213=CARTESIAN_POINT('Ctrl Pts',(-7.42518989444757,0.663269353663905,
-0.5));
#10214=CARTESIAN_POINT('Ctrl Pts',(-7.42518989444757,0.663269353663905,
5.5));
#10215=CARTESIAN_POINT('Ctrl Pts',(-7.44845801875727,0.652584552089806,
-0.5));
#10216=CARTESIAN_POINT('Ctrl Pts',(-7.44845801875727,0.652584552089806,
5.5));
#10217=CARTESIAN_POINT('Ctrl Pts',(-7.47170549021206,0.64171490468487,-0.5));
#10218=CARTESIAN_POINT('Ctrl Pts',(-7.47170549021206,0.64171490468487,5.5));
#10219=CARTESIAN_POINT('Ctrl Pts',(-7.49493149140951,0.630661922416645,
-0.5));
#10220=CARTESIAN_POINT('Ctrl Pts',(-7.49493149140951,0.630661922416645,
5.5));
#10221=CARTESIAN_POINT('Ctrl Pts',(-7.51813522678576,0.619426927356793,
-0.5));
#10222=CARTESIAN_POINT('Ctrl Pts',(-7.51813522678576,0.619426927356793,
5.5));
#10223=CARTESIAN_POINT('Ctrl Pts',(-7.54131591281092,0.608011115336903,
-0.5));
#10224=CARTESIAN_POINT('Ctrl Pts',(-7.54131591281092,0.608011115336903,
5.5));
#10225=CARTESIAN_POINT('Ctrl Pts',(-7.56447277044292,0.596415596117562,
-0.5));
#10226=CARTESIAN_POINT('Ctrl Pts',(-7.56447277044292,0.596415596117562,
5.5));
#10227=CARTESIAN_POINT('Ctrl Pts',(-7.58760501779217,0.584641440571027,
-0.5));
#10228=CARTESIAN_POINT('Ctrl Pts',(-7.58760501779217,0.584641440571027,
5.5));
#10229=CARTESIAN_POINT('Ctrl Pts',(-7.61071186060966,0.572689733904962,
-0.5));
#10230=CARTESIAN_POINT('Ctrl Pts',(-7.61071186060966,0.572689733904962,
5.5));
#10231=CARTESIAN_POINT('Ctrl Pts',(-7.63379249140354,0.560561601581152,
-0.5));
#10232=CARTESIAN_POINT('Ctrl Pts',(-7.63379249140354,0.560561601581152,
5.5));
#10233=CARTESIAN_POINT('Ctrl Pts',(-7.65684610542876,0.548258175947977,
-0.5));
#10234=CARTESIAN_POINT('Ctrl Pts',(-7.65684610542876,0.548258175947977,
5.5));
#10235=CARTESIAN_POINT('Ctrl Pts',(-7.6798719140331,0.535780576080236,-0.5));
#10236=CARTESIAN_POINT('Ctrl Pts',(-7.6798719140331,0.535780576080236,5.5));
#10237=CARTESIAN_POINT('Ctrl Pts',(-7.70286915756226,0.523129885150077,
-0.5));
#10238=CARTESIAN_POINT('Ctrl Pts',(-7.70286915756226,0.523129885150077,
5.5));
#10239=CARTESIAN_POINT('Ctrl Pts',(-7.72583712276135,0.510307126413401,
-0.5));
#10240=CARTESIAN_POINT('Ctrl Pts',(-7.72583712276135,0.510307126413401,
5.5));
#10241=CARTESIAN_POINT('Ctrl Pts',(-7.74877514556158,0.497313252795217,
-0.5));
#10242=CARTESIAN_POINT('Ctrl Pts',(-7.74877514556158,0.497313252795217,
5.5));
#10243=CARTESIAN_POINT('Ctrl Pts',(-7.77168257484129,0.484149173653469,
-0.5));
#10244=CARTESIAN_POINT('Ctrl Pts',(-7.77168257484129,0.484149173653469,
5.5));
#10245=CARTESIAN_POINT('Ctrl Pts',(-7.79455874244928,0.470815776301978,
-0.5));
#10246=CARTESIAN_POINT('Ctrl Pts',(-7.79455874244928,0.470815776301978,
5.5));
#10247=CARTESIAN_POINT('Ctrl Pts',(-7.81740293354563,0.457313949184187,
-0.5));
#10248=CARTESIAN_POINT('Ctrl Pts',(-7.81740293354563,0.457313949184187,
5.5));
#10249=CARTESIAN_POINT('Ctrl Pts',(-7.84021435087634,0.443644609440337,
-0.5));
#10250=CARTESIAN_POINT('Ctrl Pts',(-7.84021435087634,0.443644609440337,
5.5));
#10251=CARTESIAN_POINT('Ctrl Pts',(-7.86299210035576,0.429808718159519,
-0.5));
#10252=CARTESIAN_POINT('Ctrl Pts',(-7.86299210035576,0.429808718159519,
5.5));
#10253=CARTESIAN_POINT('Ctrl Pts',(-7.88573526609423,0.415807239642699,
-0.5));
#10254=CARTESIAN_POINT('Ctrl Pts',(-7.88573526609423,0.415807239642699,
5.5));
#10255=CARTESIAN_POINT('Ctrl Pts',(-7.90844297327769,0.401641109761651,
-0.5));
#10256=CARTESIAN_POINT('Ctrl Pts',(-7.90844297327769,0.401641109761651,
5.5));
#10257=CARTESIAN_POINT('Ctrl Pts',(-7.93111445438293,0.387311202242903,
-0.5));
#10258=CARTESIAN_POINT('Ctrl Pts',(-7.93111445438293,0.387311202242903,
5.5));
#10259=CARTESIAN_POINT('Ctrl Pts',(-7.95374911831087,0.372818296272027,
-0.5));
#10260=CARTESIAN_POINT('Ctrl Pts',(-7.95374911831087,0.372818296272027,
5.5));
#10261=CARTESIAN_POINT('Ctrl Pts',(-7.97634660729582,0.358163046702124,
-0.5));
#10262=CARTESIAN_POINT('Ctrl Pts',(-7.97634660729582,0.358163046702124,
5.5));
#10263=CARTESIAN_POINT('Ctrl Pts',(-7.99890673560413,0.343345976616106,
-0.5));
#10264=CARTESIAN_POINT('Ctrl Pts',(-7.99890673560413,0.343345976616106,
5.5));
#10265=CARTESIAN_POINT('Ctrl Pts',(-8.01692489842179,0.331363170220355,
-0.5));
#10266=CARTESIAN_POINT('Ctrl Pts',(-8.01692489842179,0.331363170220355,
5.5));
#10267=CARTESIAN_POINT('Ctrl Pts',(-8.03042168088932,0.322303524068119,
-0.5));
#10268=CARTESIAN_POINT('Ctrl Pts',(-8.03042168088932,0.322303524068119,
5.5));
#10269=CARTESIAN_POINT('Ctrl Pts',(-8.03941205407817,0.316231530071861,
-0.5));
#10270=CARTESIAN_POINT('Ctrl Pts',(-8.03941205407817,0.316231530071861,
5.5));
#10271=CARTESIAN_POINT('Ctrl Pts',(-8.04390537022454,0.313187475600059,
-0.5));
#10272=CARTESIAN_POINT('Ctrl Pts',(-8.04390537022454,0.313187475600059,
5.5));
#10273=CARTESIAN_POINT('Origin',(0.,0.,0.));
#10274=CARTESIAN_POINT('Origin',(0.,0.,0.));
#10275=CARTESIAN_POINT('Origin',(0.,0.,0.));
#10276=CARTESIAN_POINT('Origin',(0.,0.,0.));
#10277=CARTESIAN_POINT('Origin',(0.,0.,0.));
#10278=CARTESIAN_POINT('Origin',(0.,0.,0.));
#10279=CARTESIAN_POINT('Origin',(0.,0.,0.));
#10280=CARTESIAN_POINT('',(-2.,-2.44929359829471E-16,0.));
#10281=UNCERTAINTY_MEASURE_WITH_UNIT(LENGTH_MEASURE(0.01),#10285,
'DISTANCE_ACCURACY_VALUE',
'Maximum model space distance between geometric entities at asserted c
onnectivities');
#10282=UNCERTAINTY_MEASURE_WITH_UNIT(LENGTH_MEASURE(0.01),#10285,
'DISTANCE_ACCURACY_VALUE',
'Maximum model space distance between geometric entities at asserted c
onnectivities');
#10283=(
GEOMETRIC_REPRESENTATION_CONTEXT(3)
GLOBAL_UNCERTAINTY_ASSIGNED_CONTEXT((#10281))
GLOBAL_UNIT_ASSIGNED_CONTEXT((#10285,#10287,#10288))
REPRESENTATION_CONTEXT('','3D')
);
#10284=(
GEOMETRIC_REPRESENTATION_CONTEXT(3)
GLOBAL_UNCERTAINTY_ASSIGNED_CONTEXT((#10282))
GLOBAL_UNIT_ASSIGNED_CONTEXT((#10285,#10287,#10288))
REPRESENTATION_CONTEXT('','3D')
);
#10285=(
LENGTH_UNIT()
NAMED_UNIT(*)
SI_UNIT(.MILLI.,.METRE.)
);
#10286=(
LENGTH_UNIT()
NAMED_UNIT(*)
SI_UNIT($,.METRE.)
);
#10287=(
NAMED_UNIT(*)
PLANE_ANGLE_UNIT()
SI_UNIT($,.RADIAN.)
);
#10288=(
NAMED_UNIT(*)
SI_UNIT($,.STERADIAN.)
SOLID_ANGLE_UNIT()
);
#10289=SHAPE_DEFINITION_REPRESENTATION(#10290,#10291);
#10290=PRODUCT_DEFINITION_SHAPE('',$,#10293);
#10291=SHAPE_REPRESENTATION('',(#2106),#10283);
#10292=PRODUCT_DEFINITION_CONTEXT('part definition',#10297,'design');
#10293=PRODUCT_DEFINITION('Spur Gear 12 teeth','Spur Gear 12 teeth',#10294,
#10292);
#10294=PRODUCT_DEFINITION_FORMATION('',$,#10299);
#10295=PRODUCT_RELATED_PRODUCT_CATEGORY('Spur Gear 12 teeth',
'Spur Gear 12 teeth',(#10299));
#10296=APPLICATION_PROTOCOL_DEFINITION('international standard',
'automotive_design',2009,#10297);
#10297=APPLICATION_CONTEXT(
'Core Data for Automotive Mechanical Design Process');
#10298=PRODUCT_CONTEXT('part definition',#10297,'mechanical');
#10299=PRODUCT('Spur Gear 12 teeth','Spur Gear 12 teeth',
'Spur Gear; Module: 1.15; Num Teeth: 12; Pressure Angle: 20.0; Backlas
h: 0.15 mm',(#10298));
#10300=PRESENTATION_STYLE_ASSIGNMENT((#10301));
#10301=SURFACE_STYLE_USAGE(.BOTH.,#10302);
#10302=SURFACE_SIDE_STYLE('',(#10303));
#10303=SURFACE_STYLE_FILL_AREA(#10304);
#10304=FILL_AREA_STYLE('Pintura - Esmalte com brilho (Amarelo)',(#10305));
#10305=FILL_AREA_STYLE_COLOUR('Pintura - Esmalte com brilho (Amarelo)',
#10306);
#10306=COLOUR_RGB('Pintura - Esmalte com brilho (Amarelo)',0.909803921568627,
0.67843137254902,0.137254901960784);
ENDSEC;
END-ISO-10303-21;
